Gini,rho_max,CV,Jain,A_sum,W_sum,ChargeTime_sum,NumStations,NumVehicles,Variant,Instance,Seed,SolutionID
0.023775164153257755,1.0487859874449814,0.04418235184956418,0.9980517229780691,3326.16,0.0,0.0,7,3,FULL,c101C10,1,1
0.023775164153257755,1.0487859874449814,0.04418235184956418,0.9980517229780693,3326.1600000000003,0.0,0.0,6,3,FULL,c101C10,1,2
0.02377966486318635,1.0416084417213085,0.0468133514290049,0.997813302253948,3349.08,0.0,0.0,5,3,FULL,c101C10,1,3
0.02179388699333688,1.0386126940459814,0.042665401167889916,0.9981829711470471,3358.74,0.0,0.0,8,3,FULL,c101C10,1,4
0.023775164153257755,1.0487859874449814,0.04418235184956418,0.9980517229780693,3326.1600000000003,0.0,0.0,6,3,FULL,c101C10,1,5
0.022070715645188848,1.039030318193597,0.043243040940518035,0.9981335296362389,3357.39,0.0,0.0,6,3,FULL,c101C10,1,6
0.004372368481932121,1.0087447369638645,0.008744736963864344,0.9999235354227114,1729.04,0.0,0.0,5,2,FULL,c101C5,1,1
0.042271124879820654,1.084542249759641,0.08454224975964104,0.9929033306830416,1872.2,0.0,0.0,5,2,FULL,c101C5,1,10
0.004372368481932121,1.0087447369638645,0.008744736963864344,0.9999235354227114,1729.04,0.0,0.0,4,2,FULL,c101C5,1,2
0.004372368481932121,1.0087447369638645,0.008744736963864344,0.9999235354227114,1729.04,0.0,0.0,7,2,FULL,c101C5,1,3
0.042271124879820654,1.084542249759641,0.08454224975964104,0.9929033306830416,1872.2,0.0,0.0,5,2,FULL,c101C5,1,4
0.004372368481932121,1.0087447369638645,0.008744736963864344,0.9999235354227114,1729.04,0.0,0.0,5,2,FULL,c101C5,1,5
0.004372368481932121,1.0087447369638645,0.008744736963864344,0.9999235354227114,1729.04,0.0,0.0,8,2,FULL,c101C5,1,6
0.004439469924398809,1.0088789398487978,0.008878939848797741,0.9999211706417189,1728.81,0.0,0.0,5,2,FULL,c101C5,1,7
0.004439469924398809,1.0088789398487978,0.008878939848797741,0.9999211706417189,1728.81,0.0,0.0,7,2,FULL,c101C5,1,8
0.004439469924398809,1.0088789398487978,0.008878939848797741,0.9999211706417189,1728.81,0.0,0.0,7,2,FULL,c101C5,1,9
0.03617783228298629,1.0725982261366873,0.07020068706155055,0.9950960309647067,13274.979999999998,0.0,0.0,10,12,FULL,c101_21,7,1
0.044551243008394824,1.095757834150501,0.08118969322297302,0.9934514005514233,13134.800000000003,0.0,0.0,11,12,FULL,c101_21,7,10
0.03808200949947397,1.0680543052259233,0.07428509528865244,0.9945120088643363,13196.519999999999,0.0,0.0,12,12,FULL,c101_21,7,11
0.0656255124430943,1.10059892396711,0.15130812747220784,0.9776182614284195,12806.3,0.0,0.0,8,12,FULL,c101_21,7,12
0.06776494503124104,1.1042272853335342,0.15235186678403836,0.9773154420337583,12764.219999999998,0.0,0.0,9,12,FULL,c101_21,7,13
0.06776494503124104,1.1042272853335342,0.15235186678403836,0.9773154420337583,12764.219999999998,0.0,0.0,9,12,FULL,c101_21,7,14
0.06976139825611938,1.1179136463914279,0.1520476244847348,0.9774039072103038,12691.999999999998,0.0,0.0,8,12,FULL,c101_21,7,15
0.044551243008394824,1.095757834150501,0.08118969322297302,0.9934514005514233,13134.800000000003,0.0,0.0,11,12,FULL,c101_21,7,16
0.04456367206870837,1.095779524825384,0.08120650063818494,0.9934487067297015,13134.54,0.0,0.0,12,12,FULL,c101_21,7,17
0.035800355722576484,1.0718892843592476,0.06979176891048235,0.9951527195670186,13283.76,0.0,0.0,11,12,FULL,c101_21,7,18
0.07008471229445383,1.1162197925304023,0.15265293610990735,0.9772277411971452,12711.26,0.0,0.0,9,12,FULL,c101_21,7,19
0.044551243008394824,1.095757834150501,0.08118969322297302,0.9934514005514233,13134.800000000003,0.0,0.0,11,12,FULL,c101_21,7,2
0.037847161387376836,1.0752955818294958,0.07234986009636413,0.9947927550793213,13241.68,0.0,0.0,11,12,FULL,c101_21,7,20
0.024702035958199975,1.0506871219152194,0.04461045959765872,0.9980138594990035,13414.650000000001,0.0,0.0,12,12,FULL,c101_21,7,21
0.07166147717523656,1.1262638870086386,0.15426493581018702,0.976755494656726,12779.029999999999,0.0,0.0,11,12,FULL,c101_21,7,22
0.03986785869818421,1.070595205541883,0.0767276126840263,0.9941473288674125,13165.2,0.0,0.0,11,12,FULL,c101_21,7,23
0.037847161387376836,1.0752955818294958,0.07234986009636413,0.9947927550793213,13241.68,0.0,0.0,11,12,FULL,c101_21,7,24
0.03732136136160502,1.0795591847169428,0.07053568580807731,0.9950493479225673,13142.92,0.0,0.0,9,12,FULL,c101_21,7,25
0.05209389824543598,1.0846121526179948,0.10879734306697145,0.9883016103636588,12995.06,0.0,0.0,13,12,FULL,c101_21,7,26
0.07305302769371913,1.129206408734533,0.15499272980632073,0.9765408079265987,12745.730000000001,0.0,0.0,11,12,FULL,c101_21,7,27
0.07305302769371913,1.129206408734533,0.15499272980632073,0.9765408079265987,12745.730000000001,0.0,0.0,11,12,FULL,c101_21,7,28
0.0735054964754774,1.1299848079799324,0.15526583681921594,0.9764600097626339,12736.95,0.0,0.0,11,12,FULL,c101_21,7,29
0.044551243008394824,1.095757834150501,0.08118969322297302,0.9934514005514233,13134.800000000003,0.0,0.0,11,12,FULL,c101_21,7,3
0.03805658229939087,1.068010602361435,0.0742585542619,0.9945159082265216,13197.06,0.0,0.0,13,12,FULL,c101_21,7,30
0.03617783228298629,1.0725982261366873,0.07020068706155057,0.9950960309647067,13274.979999999998,0.0,0.0,11,12,FULL,c101_21,7,31
0.07155110208020687,1.1243757074924479,0.1547264034399328,0.9766194759025361,12800.489999999998,0.0,0.0,9,12,FULL,c101_21,7,32
0.044551243008394824,1.095757834150501,0.08118969322297302,0.9934514005514233,13134.800000000003,0.0,0.0,11,12,FULL,c101_21,7,4
0.044551243008394824,1.095757834150501,0.08118969322297302,0.9934514005514233,13134.800000000003,0.0,0.0,11,12,FULL,c101_21,7,5
0.044551243008394824,1.095757834150501,0.08118969322297302,0.9934514005514233,13134.800000000003,0.0,0.0,11,12,FULL,c101_21,7,6
0.044551243008394824,1.095757834150501,0.08118969322297302,0.9934514005514233,13134.800000000003,0.0,0.0,11,12,FULL,c101_21,7,7
0.044551243008394824,1.095757834150501,0.08118969322297302,0.9934514005514233,13134.800000000003,0.0,0.0,11,12,FULL,c101_21,7,8
0.044551243008394824,1.095757834150501,0.08118969322297302,0.9934514005514233,13134.800000000003,0.0,0.0,11,12,FULL,c101_21,7,9
0.0192759775250016,1.046126553293545,0.034393466452711574,0.9988184870894345,12350.369999999999,0.0,0.0,22,11,FULL,c102_21,2,1
0.026299554379791864,1.0429277743022625,0.0655707724036408,0.9957188805914247,12388.249999999998,0.0,0.0,22,11,FULL,c102_21,2,10
0.027319708677344356,1.0602438362630182,0.06724565305626386,0.995498378378321,12457.539999999999,0.0,0.0,22,11,FULL,c102_21,2,11
0.026299554379791864,1.0429277743022625,0.0655707724036408,0.9957188805914247,12388.249999999998,0.0,0.0,22,11,FULL,c102_21,2,12
0.032599639089949145,1.0692251647417421,0.07150285359697182,0.9949133482386792,12339.009999999998,0.0,0.0,22,11,FULL,c102_21,2,13
0.030200469360745528,1.0526733889759776,0.06678275256996681,0.9955598666698438,12273.56,0.0,0.0,22,11,FULL,c102_21,2,14
0.038022614146673656,1.0624508145561777,0.08191300756030401,0.9933349797507749,12160.609999999999,0.0,0.0,22,11,FULL,c102_21,2,15
0.03352309413556172,1.056934376611147,0.07299532249978004,0.9946999233820639,12297.14,0.0,0.0,17,11,FULL,c102_21,2,16
0.0386695093463618,1.0843100592980395,0.07635087041185047,0.9942043301861196,12167.350000000002,0.0,0.0,12,11,FULL,c102_21,2,17
0.032599639089949145,1.0692251647417421,0.07150285359697182,0.9949133482386792,12339.009999999998,0.0,0.0,23,11,FULL,c102_21,2,18
0.022618445703620663,1.0505150288458591,0.04246475888146312,0.998199990131279,12724.529999999999,0.0,0.0,11,11,FULL,c102_21,2,19
0.03136981890543873,1.0597831882289057,0.06614055330316115,0.9956444807447771,12191.22,0.0,0.0,22,11,FULL,c102_21,2,2
0.022618445703620663,1.0505150288458591,0.04246475888146312,0.998199990131279,12724.529999999999,0.0,0.0,12,11,FULL,c102_21,2,20
0.02160261204846379,1.0551758213309255,0.04097036326698273,0.9983242422116385,12669.679999999998,0.0,0.0,15,11,FULL,c102_21,2,21
0.02306665222677234,1.0580970209801837,0.042429137639479586,0.99820300328965,12633.349999999999,0.0,0.0,12,11,FULL,c102_21,2,22
0.0386695093463618,1.0843100592980395,0.07635087041185047,0.9942043301861196,12167.350000000002,0.0,0.0,12,11,FULL,c102_21,2,23
0.029778568065594705,1.0520870655678969,0.06634415288372428,0.9956177420906379,12280.4,0.0,0.0,22,11,FULL,c102_21,2,3
0.030200469360745528,1.0526733889759776,0.06678275256996681,0.9955598666698438,12273.56,0.0,0.0,22,11,FULL,c102_21,2,4
0.035910996740563306,1.079351236373305,0.07244169465058509,0.9947795965050383,12223.25,0.0,0.0,23,11,FULL,c102_21,2,5
0.01970540147862675,1.046728298092807,0.035236208984410676,0.9987599492115902,12343.269999999999,0.0,0.0,22,11,FULL,c102_21,2,6
0.01970540147862675,1.046728298092807,0.035236208984410676,0.9987599492115902,12343.269999999999,0.0,0.0,22,11,FULL,c102_21,2,7
0.02223202864958457,1.0621964126022145,0.039968962378483235,0.9984050300395343,12434.639999999998,0.0,0.0,22,11,FULL,c102_21,2,8
0.017648066712722867,1.0384264524451554,0.03237866378518483,0.9989527200765796,12441.949999999999,0.0,0.0,22,11,FULL,c102_21,2,9
0.04416340582821195,1.0697686542448146,0.09129525891543706,0.9917340707673966,3260.9199999999996,0.0,0.0,5,3,FULL,c103C15,3,1
0.07218888878290002,1.1092022550151193,0.1524901356865527,0.9772751841489091,3144.99,0.0,0.0,11,3,FULL,c103C15,3,10
0.06823595348185514,1.1063879844158777,0.1419837971311383,0.9802389717974492,3187.86,0.0,0.0,6,3,FULL,c103C15,3,11
0.017340815440702723,1.0297659019112073,0.03443886049168024,0.9988153699009267,3425.06,0.0,0.0,6,3,FULL,c103C15,3,12
0.07440941483392634,1.115287595553467,0.15531384480246466,0.9764457933800266,3127.83,0.0,0.0,6,3,FULL,c103C15,3,13
0.05898451454576511,1.0908904524486278,0.12345371873937842,0.9849879749116914,3219.1499999999996,0.0,0.0,6,3,FULL,c103C15,3,14
0.0588042395086806,1.110636021815195,0.11229436943512448,0.9875470071494047,3140.9299999999994,0.0,0.0,6,3,FULL,c103C15,3,15
0.044154198348458795,1.069545621780721,0.09141178830769911,0.9917131309891775,3261.6,0.0,0.0,6,3,FULL,c103C15,3,2
0.04469146606504267,1.082559839125618,0.08595747909526599,0.9926655040910533,3222.39,0.0,0.0,8,3,FULL,c103C15,3,3
0.044684843482020696,1.0825497607388235,0.08594383894679151,0.9926678145868102,3222.42,0.0,0.0,9,3,FULL,c103C15,3,4
0.04415686635285221,1.0697588126159554,0.09128142312117835,0.991736555278608,3260.95,0.0,0.0,8,3,FULL,c103C15,3,5
0.0588032403307448,1.090320956811127,0.12327145085941167,0.9850316068687155,3218.1899999999996,0.0,0.0,8,3,FULL,c103C15,3,6
0.0588042395086806,1.1106360218151947,0.11229436943512446,0.9875470071494047,3140.93,0.0,0.0,5,3,FULL,c103C15,3,7
0.07239390036007769,1.1122543330485022,0.15104683540935746,0.9776937733416058,3136.3599999999997,0.0,0.0,6,3,FULL,c103C15,3,8
0.01520760080796002,1.0438931697463902,0.031109365454654942,0.9990331430979823,3341.75,0.0,0.0,7,3,FULL,c103C15,3,9
0.0,1.0,0.0,1.0,1114.0,0.0,0.0,3,1,FULL,c103C5,1,1
0.0,1.0,0.0,1.0,1197.42,0.0,0.0,3,1,FULL,c103C5,1,2
0.08097108670373965,1.1619421734074793,0.16194217340747924,0.9744449212490043,1659.79,0.0,0.0,4,2,FULL,c104C10,1,1
0.011913065394376643,1.0238261307887533,0.02382613078875335,0.9994326375744969,1706.1100000000001,0.0,0.0,4,2,FULL,c104C10,1,10
0.24564911221769536,1.4912982244353907,0.4912982244353906,0.805559037032514,1590.48,0.0,0.0,4,2,FULL,c104C10,1,2
0.07348035127311969,1.1469607025462396,0.14696070254623952,0.9788591405223237,1630.6399999999999,0.0,0.0,3,2,FULL,c104C10,1,3
0.24062462920057204,1.481249258401144,0.4812492584011442,0.8119513729192998,1601.27,0.0,0.0,4,2,FULL,c104C10,1,4
0.002680220695650215,1.0053604413913002,0.005360441391300146,0.9999712664937285,1656.58,0.0,0.0,3,2,FULL,c104C10,1,5
0.07056566014020982,1.14113132028042,0.14113132028042,0.9804709313923728,1638.97,0.0,0.0,3,2,FULL,c104C10,1,6
0.009185856668808112,1.0183717133376162,0.018371713337616308,0.9996625940302531,1696.63,0.0,0.0,3,2,FULL,c104C10,1,7
0.07806992302712046,1.1561398460542407,0.15613984605424067,0.9762005702773107,1668.12,0.0,0.0,4,2,FULL,c104C10,1,8
0.003206288894707754,1.0064125777894157,0.00641257778941562,0.9999588805369743,1794.91,0.0,0.0,6,2,FULL,c104C10,1,9
0.010702018454342443,1.0279610730315338,0.019246729166941815,0.9996297005888235,11732.740000000002,0.0,0.0,18,10,FULL,c104_21,2,1
0.02784676853543555,1.0742367234731556,0.04895374442192644,0.997609260241014,11160.109999999999,0.0,0.0,12,10,FULL,c104_21,2,10
0.019938032891329803,1.0526667034459192,0.03610601099525605,0.9986980532451251,11238.220000000001,0.0,0.0,15,10,FULL,c104_21,2,11
0.024906207162459105,1.0650673096314116,0.04400526027612966,0.9980672797092308,11256.189999999999,0.0,0.0,12,10,FULL,c104_21,2,12
0.030367748887209344,1.077391634905814,0.053220479158914744,0.9971755805385771,11127.43,0.0,0.0,9,10,FULL,c104_21,2,13
0.029746707539315055,1.0767781263668998,0.05219701479634179,0.9972828745317294,11133.77,0.0,0.0,9,10,FULL,c104_21,2,14
0.02276233993942949,1.061633281972265,0.040502484213227906,0.9983622354454311,11292.6,0.0,0.0,13,10,FULL,c104_21,2,15
0.02276233993942949,1.061633281972265,0.040502484213227906,0.9983622354454311,11292.6,0.0,0.0,13,10,FULL,c104_21,2,16
0.02276233993942949,1.061633281972265,0.040502484213227906,0.9983622354454311,11292.6,0.0,0.0,13,10,FULL,c104_21,2,17
0.018266430814180622,1.0406204570279918,0.03363493532858855,0.9988699695389307,11233.01,0.0,0.0,15,10,FULL,c104_21,2,18
0.02179551888541198,1.055556994807081,0.03850511862576359,0.9985195508189487,11194.09,0.0,0.0,10,10,FULL,c104_21,2,19
0.011063072984246958,1.0248435857629263,0.020079102970704137,0.9995969921047372,11768.430000000002,0.0,0.0,20,10,FULL,c104_21,2,2
0.018170133115534347,1.0383047102896792,0.03412310271083113,0.998836968079633,11288.69,0.0,0.0,20,10,FULL,c104_21,2,20
0.016628789787297295,1.0360762911949735,0.032323889318014866,0.9989562567176384,11312.970000000001,0.0,0.0,21,10,FULL,c104_21,2,21
0.02104947240082371,1.0529953773197018,0.037318653796330065,0.9986092549443256,11212.11,0.0,0.0,16,10,FULL,c104_21,2,22
0.021452456317942216,1.0560194384487802,0.03800726466208342,0.9985575315538262,11202.54,0.0,0.0,14,10,FULL,c104_21,2,23
0.012341973576399568,1.0276596792173494,0.021870475806387638,0.9995219109664549,11374.68,0.0,0.0,21,10,FULL,c104_21,2,24
0.031827526499666095,1.0800404319224803,0.056095635459460266,0.9968631504705469,11100.14,0.0,0.0,8,10,FULL,c104_21,2,25
0.023565415011852588,1.0663689854079847,0.04176001190739736,0.9982591372935211,11242.45,0.0,0.0,15,10,FULL,c104_21,2,26
0.018533699481682396,1.058586679146321,0.03324202339186669,0.9988961876289383,11325.1,0.0,0.0,16,10,FULL,c104_21,2,27
0.008062457367848807,1.0212130830896406,0.014086424134614665,0.9998016120206998,11845.52,0.0,0.0,15,10,FULL,c104_21,2,28
0.029591498557136654,1.061988789404811,0.05393817665084026,0.9970991127289556,11134.11,0.0,0.0,9,10,FULL,c104_21,2,29
0.008665909108242076,1.0220090212158726,0.015175517786322062,0.9997697566841102,11801.070000000002,0.0,0.0,22,10,FULL,c104_21,2,3
0.030626874759359345,1.0525604176180372,0.06193614778092892,0.9961785729225072,11168.1,0.0,0.0,9,10,FULL,c104_21,2,4
0.01034928762169578,1.0291552058928706,0.01855261383627293,0.9996559189523602,11968.360000000002,0.0,0.0,11,10,FULL,c104_21,2,5
0.020023404036749782,1.0441862854131214,0.03582012578764234,0.9987185627768387,11194.650000000001,0.0,0.0,13,10,FULL,c104_21,2,6
0.020023404036749782,1.0441862854131214,0.03582012578764234,0.9987185627768387,11194.650000000001,0.0,0.0,10,10,FULL,c104_21,2,7
0.017253735533854453,1.0374650136435823,0.03080244374054147,0.9990521088098051,11397.3,0.0,0.0,13,10,FULL,c104_21,2,8
0.0383842731839227,1.0733753152495127,0.07415496200869261,0.9945311147817468,11034.91,0.0,0.0,9,10,FULL,c104_21,2,9
0.032152226815305565,1.0845151049933648,0.06990660377569638,0.995136832722424,11913.61,0.0,0.0,9,11,FULL,c105_21,2,1
0.012723050402662266,1.0326279719734726,0.02765981366605669,0.9992355195853904,12061.429999999998,0.0,0.0,11,11,FULL,c105_21,2,10
0.0349339451161081,1.0797469877705739,0.07272672928131668,0.9947386510546724,11966.220000000001,0.0,0.0,9,11,FULL,c105_21,2,11
0.012723050402662266,1.0326279719734726,0.02765981366605669,0.9992355195853904,12061.429999999998,0.0,0.0,12,11,FULL,c105_21,2,12
0.012710171811589016,1.0656631219546893,0.02522855468685123,0.9993639248774886,12371.480000000001,0.0,0.0,23,11,FULL,c105_21,2,13
0.012723050402662266,1.0326279719734726,0.02765981366605669,0.9992355195853904,12061.429999999998,0.0,0.0,13,11,FULL,c105_21,2,14
0.006215978096476055,1.0244166239654025,0.0113270427690041,0.9998717145613742,12158.109999999999,0.0,0.0,11,11,FULL,c105_21,2,15
0.012723050402662266,1.0326279719734726,0.02765981366605669,0.9992355195853904,12061.429999999998,0.0,0.0,11,11,FULL,c105_21,2,16
0.012723050402662266,1.0326279719734726,0.02765981366605669,0.9992355195853904,12061.429999999998,0.0,0.0,12,11,FULL,c105_21,2,17
0.0327541252799304,1.0854993160054722,0.06993847732066265,0.9951324186318642,11900.679999999998,0.0,0.0,10,11,FULL,c105_21,2,18
0.032152226815305565,1.0845151049933648,0.06990660377569638,0.995136832722424,11913.61,0.0,0.0,11,11,FULL,c105_21,2,19
0.032152226815305565,1.0845151049933648,0.06990660377569638,0.995136832722424,11913.61,0.0,0.0,10,11,FULL,c105_21,2,2
0.009429746588374789,1.0293070871635364,0.01710881226500438,0.9997073741978056,12326.37,0.0,0.0,23,11,FULL,c105_21,2,20
0.019661162635687613,1.0721744803122026,0.03725057190856971,0.9986143176723601,12048.580000000002,0.0,0.0,15,11,FULL,c105_21,2,21
0.0649294209191129,1.141433329598582,0.1515699201488225,0.9775424856794556,11781.240000000002,0.0,0.0,9,11,FULL,c105_21,2,22
0.012723050402662266,1.0326279719734726,0.02765981366605669,0.9992355195853904,12061.429999999998,0.0,0.0,13,11,FULL,c105_21,2,23
0.0649294209191129,1.141433329598582,0.1515699201488225,0.9775424856794556,11781.240000000002,0.0,0.0,9,11,FULL,c105_21,2,24
0.0649294209191129,1.141433329598582,0.1515699201488225,0.9775424856794556,11781.240000000002,0.0,0.0,9,11,FULL,c105_21,2,25
0.01169900393532282,1.0544566313360102,0.022412749913358645,0.9994979208514222,12357.54,0.0,0.0,23,11,FULL,c105_21,2,26
0.062475140512001044,1.1284448756024834,0.14941723848197788,0.9781620326285853,11740.989999999998,0.0,0.0,9,11,FULL,c105_21,2,27
0.062475140512001044,1.1284448756024834,0.14941723848197788,0.9781620326285853,11740.989999999998,0.0,0.0,9,11,FULL,c105_21,2,28
0.0299084568220508,1.0811585760842821,0.06739588959116717,0.995478332411566,11948.460000000001,0.0,0.0,9,11,FULL,c105_21,2,3
0.007906644848220103,1.031490201763373,0.014737977886140024,0.999782839176894,12278.740000000002,0.0,0.0,22,11,FULL,c105_21,2,4
0.007906644848220103,1.031490201763373,0.014737977886140024,0.999782839176894,12278.740000000002,0.0,0.0,22,11,FULL,c105_21,2,5
0.022981429083372005,1.0731925746542996,0.04649773121271092,0.9978426253202827,12037.15,0.0,0.0,9,11,FULL,c105_21,2,6
0.032152226815305565,1.0845151049933648,0.06990660377569638,0.995136832722424,11913.61,0.0,0.0,11,11,FULL,c105_21,2,7
0.032152226815305565,1.0845151049933648,0.06990660377569638,0.995136832722424,11913.61,0.0,0.0,11,11,FULL,c105_21,2,8
0.012723050402662266,1.0326279719734726,0.02765981366605669,0.9992355195853904,12061.429999999998,0.0,0.0,11,11,FULL,c105_21,2,9
0.047043821672379416,1.077003401157587,0.09556869129835455,0.9909492887808966,3016.62,0.0,0.0,3,3,FULL,c106C15,1,1
0.047043821672379416,1.077003401157587,0.09556869129835455,0.9909492887808966,3016.62,0.0,0.0,5,3,FULL,c106C15,1,10
0.01688240948062821,1.0490624475986623,0.03474664268195293,0.9987941267083426,3041.4300000000003,0.0,0.0,6,3,FULL,c106C15,1,11
0.010715675967276775,1.0261945557254997,0.01990540786678681,0.9996039316699352,3262.51,0.0,0.0,5,3,FULL,c106C15,1,12
0.01688240948062821,1.0490624475986623,0.03474664268195293,0.9987941267083426,3041.4300000000003,0.0,0.0,7,3,FULL,c106C15,1,13
0.023522355422613533,1.0592529638101433,0.04413015105093083,0.9980563150368278,3012.17,0.0,0.0,8,3,FULL,c106C15,1,14
0.015502178249284496,1.0276043981526213,0.030280976709502604,0.9990839024537587,3104.94,0.0,0.0,7,3,FULL,c106C15,1,15
0.047043821672379416,1.077003401157587,0.09556869129835455,0.9909492887808966,3016.62,0.0,0.0,5,3,FULL,c106C15,1,16
0.04563415260863465,1.0748761823469275,0.09259648814137618,0.9914987807694374,3022.59,0.0,0.0,3,3,FULL,c106C15,1,17
0.023522355422613533,1.0592529638101433,0.04413015105093083,0.9980563150368278,3012.17,0.0,0.0,5,3,FULL,c106C15,1,18
0.023522355422613533,1.0592529638101433,0.04413015105093083,0.9980563150368278,3012.17,0.0,0.0,8,3,FULL,c106C15,1,19
0.047043821672379416,1.077003401157587,0.09556869129835455,0.9909492887808966,3016.62,0.0,0.0,3,3,FULL,c106C15,1,2
0.01688240948062821,1.0490624475986625,0.03474664268195293,0.9987941267083421,3041.43,0.0,0.0,8,3,FULL,c106C15,1,20
0.01688240948062821,1.0490624475986625,0.03474664268195293,0.9987941267083421,3041.43,0.0,0.0,7,3,FULL,c106C15,1,21
0.04684090120708362,1.0704194275025356,0.09925296906771912,0.9902449466433468,3036.5200000000004,0.0,0.0,7,3,FULL,c106C15,1,22
0.047043821672379416,1.077003401157587,0.09556869129835456,0.9909492887808966,3016.62,0.0,0.0,3,3,FULL,c106C15,1,23
0.05472713537965035,1.0883161465946118,0.11195167387429002,0.9876219589002674,2982.92,0.0,0.0,5,3,FULL,c106C15,1,24
0.010715675967276775,1.0261945557254997,0.01990540786678681,0.9996039316699352,3262.51,0.0,0.0,5,3,FULL,c106C15,1,25
0.047043821672379416,1.077003401157587,0.09556869129835456,0.9909492887808966,3016.62,0.0,0.0,4,3,FULL,c106C15,1,26
0.047043821672379416,1.077003401157587,0.09556869129835455,0.9909492887808966,3016.62,0.0,0.0,6,3,FULL,c106C15,1,27
0.01688240948062821,1.0490624475986623,0.03474664268195293,0.9987941267083426,3041.4300000000003,0.0,0.0,5,3,FULL,c106C15,1,28
0.047043821672379416,1.077003401157587,0.09556869129835455,0.9909492887808966,3016.62,0.0,0.0,3,3,FULL,c106C15,1,29
0.023522355422613533,1.0592529638101433,0.044130151050930835,0.9980563150368278,3012.17,0.0,0.0,4,3,FULL,c106C15,1,3
0.023522355422613533,1.0592529638101433,0.044130151050930835,0.9980563150368278,3012.17,0.0,0.0,4,3,FULL,c106C15,1,4
0.047043821672379416,1.077003401157587,0.09556869129835455,0.9909492887808966,3016.62,0.0,0.0,3,3,FULL,c106C15,1,5
0.047043821672379416,1.077003401157587,0.09556869129835455,0.9909492887808966,3016.62,0.0,0.0,5,3,FULL,c106C15,1,6
0.047043821672379416,1.077003401157587,0.09556869129835455,0.9909492887808966,3016.62,0.0,0.0,5,3,FULL,c106C15,1,7
0.01688240948062821,1.0490624475986623,0.03474664268195293,0.9987941267083426,3041.4300000000003,0.0,0.0,4,3,FULL,c106C15,1,8
0.01688240948062821,1.0490624475986623,0.03474664268195293,0.9987941267083426,3041.4300000000003,0.0,0.0,5,3,FULL,c106C15,1,9
0.0341642399874399,1.1037269087446104,0.06682713067438632,0.9955539898885276,11823.740000000002,0.0,0.0,20,11,FULL,c106_21,9,1
0.04042311635309142,1.1000141767801526,0.09331401445326738,0.9913676608454977,11638.75,0.0,0.0,11,11,FULL,c106_21,9,10
0.04042311635309142,1.1000141767801526,0.09331401445326738,0.9913676608454977,11638.75,0.0,0.0,11,11,FULL,c106_21,9,11
0.04582220834411078,1.1140111027568094,0.08374621994789537,0.9930354162604866,12076.279999999999,0.0,0.0,14,11,FULL,c106_21,9,12
0.02036627535421073,1.0661635141291692,0.03747862725098982,0.998597322766452,12445.53,0.0,0.0,19,11,FULL,c106_21,9,13
0.02772023155978267,1.103043089086617,0.06295181912138617,0.9960527113041419,11831.07,0.0,0.0,13,11,FULL,c106_21,9,14
0.03538856620427469,1.0924144789380372,0.06986470703464642,0.9951426319000801,11946.18,0.0,0.0,10,11,FULL,c106_21,9,15
0.03538856620427469,1.0924144789380372,0.06986470703464642,0.9951426319000801,11946.18,0.0,0.0,10,11,FULL,c106_21,9,16
0.03538856620427469,1.0924144789380372,0.06986470703464642,0.9951426319000801,11946.18,0.0,0.0,10,11,FULL,c106_21,9,17
0.019979124155131537,1.064271935769772,0.036379172456640296,0.9986783050009361,12467.650000000001,0.0,0.0,20,11,FULL,c106_21,9,18
0.037031539393089445,1.1230184766875193,0.06644309489696099,0.9956047189213443,11979.419999999998,0.0,0.0,11,11,FULL,c106_21,9,19
0.020914878008730528,1.0606947160579745,0.03681241425907211,0.9986466801130647,12185.409999999998,0.0,0.0,20,11,FULL,c106_21,9,2
0.037031539393089445,1.1230184766875193,0.06644309489696099,0.9956047189213443,11979.419999999998,0.0,0.0,11,11,FULL,c106_21,9,20
0.017735781763583057,1.044584662842579,0.03440563052742476,0.9988176521891718,11974.970000000001,0.0,0.0,18,11,FULL,c106_21,9,21
0.017735781763583057,1.044584662842579,0.03440563052742476,0.9988176521891718,11974.970000000001,0.0,0.0,18,11,FULL,c106_21,9,22
0.038439840896397855,1.0974696932014838,0.08900499189113381,0.9921403744959947,11620.330000000002,0.0,0.0,13,11,FULL,c106_21,9,23
0.038439840896397855,1.0974696932014838,0.08900499189113381,0.9921403744959947,11620.330000000002,0.0,0.0,13,11,FULL,c106_21,9,24
0.038439840896397855,1.0974696932014838,0.08900499189113381,0.9921403744959947,11620.330000000002,0.0,0.0,13,11,FULL,c106_21,9,25
0.04003019016398423,1.1197161821927215,0.0709580726528751,0.994990176626918,12014.75,0.0,0.0,13,11,FULL,c106_21,9,26
0.01775647599909598,1.0446230457479335,0.03441414737593136,0.9988170674470851,11974.529999999999,0.0,0.0,18,11,FULL,c106_21,9,27
0.019195079585205187,1.0717018385172103,0.034555005257656826,0.9988073756628106,12023.819999999998,0.0,0.0,19,11,FULL,c106_21,9,28
0.009597279374459785,1.0312301642911905,0.017472753273327483,0.9996947960709257,12130.899999999998,0.0,0.0,25,11,FULL,c106_21,9,29
0.018454536978495317,1.0632226348650258,0.032679915040322326,0.9989331625106953,12119.71,0.0,0.0,15,11,FULL,c106_21,9,3
0.009597279374459785,1.0312301642911905,0.017472753273327483,0.9996947960709257,12130.899999999998,0.0,0.0,25,11,FULL,c106_21,9,30
0.03639035162634873,1.124413267182412,0.06658206191238157,0.9955863952957374,11964.560000000001,0.0,0.0,10,11,FULL,c106_21,9,31
0.03639035162634873,1.124413267182412,0.06658206191238157,0.9955863952957374,11964.560000000001,0.0,0.0,10,11,FULL,c106_21,9,32
0.03639035162634873,1.124413267182412,0.06658206191238157,0.9955863952957374,11964.560000000001,0.0,0.0,10,11,FULL,c106_21,9,33
0.02520527706165655,1.077231275404194,0.06052823552409081,0.9963497061664778,11877.960000000001,0.0,0.0,14,11,FULL,c106_21,9,34
0.008243505284722407,1.031451029278271,0.015262281407810926,0.9997671170133476,11952.550000000001,0.0,0.0,15,11,FULL,c106_21,9,35
0.03473655220587075,1.0918213252771138,0.06915760325717679,0.9952399919548617,11952.670000000002,0.0,0.0,10,11,FULL,c106_21,9,36
0.03666872536147669,1.1243239945476626,0.06719855248373427,0.99550465393313,11965.509999999998,0.0,0.0,10,11,FULL,c106_21,9,37
0.02036627535421073,1.0661635141291692,0.03747862725098982,0.998597322766452,12445.53,0.0,0.0,19,11,FULL,c106_21,9,4
0.03483827637590909,1.0864548011898387,0.06962659797600987,0.9951755252476372,12011.710000000003,0.0,0.0,11,11,FULL,c106_21,9,5
0.020317513341570503,1.0601300863688188,0.03580575408098591,0.9987195895275316,12191.9,0.0,0.0,20,11,FULL,c106_21,9,6
0.03904121722411718,1.1027681210611442,0.07295537020984685,0.9947056928335423,11834.02,0.0,0.0,10,11,FULL,c106_21,9,7
0.0401043761636261,1.122041560152963,0.07045061986530154,0.9950612227435707,11989.849999999999,0.0,0.0,11,11,FULL,c106_21,9,8
0.0401043761636261,1.122041560152963,0.07045061986530154,0.9950612227435707,11989.849999999999,0.0,0.0,11,11,FULL,c106_21,9,9
0.015224466569994988,1.0474813200546282,0.027674560362205804,0.9992347048340087,12930.980000000001,0.0,0.0,50,11,FULL,c107_21,3,1
0.01565952365942329,1.0425502761323096,0.029485509096790773,0.9991313599448384,11968.900000000001,0.0,0.0,26,11,FULL,c107_21,3,10
0.017788505345863535,1.057940478657492,0.033492726751919326,0.9988794941963879,11822.650000000001,0.0,0.0,11,11,FULL,c107_21,3,11
0.017788505345863535,1.057940478657492,0.033492726751919326,0.9988794941963879,11822.650000000001,0.0,0.0,11,11,FULL,c107_21,3,12
0.01751259738008315,1.0577447220542655,0.03332225201051165,0.9988908590805007,11825.150000000001,0.0,0.0,11,11,FULL,c107_21,3,13
0.017788505345863535,1.057940478657492,0.033492726751919326,0.9988794941963879,11822.650000000001,0.0,0.0,11,11,FULL,c107_21,3,14
0.017788505345863535,1.057940478657492,0.033492726751919326,0.9988794941963879,11822.650000000001,0.0,0.0,11,11,FULL,c107_21,3,15
0.018089915083929563,1.0547563992936617,0.03306815778170773,0.9989076913837377,11858.34,0.0,0.0,13,11,FULL,c107_21,3,16
0.018089915083929563,1.0547563992936617,0.03306815778170773,0.9989076913837377,11858.34,0.0,0.0,13,11,FULL,c107_21,3,17
0.018089915083929563,1.0547563992936617,0.03306815778170773,0.9989076913837377,11858.34,0.0,0.0,13,11,FULL,c107_21,3,18
0.02174454858103109,1.0742121934165143,0.039665632495873945,0.9984291091792564,11927.42,0.0,0.0,16,11,FULL,c107_21,3,19
0.026473963462270076,1.0744639812630237,0.053113279906311026,0.9971869152673001,11613.400000000001,0.0,0.0,12,11,FULL,c107_21,3,2
0.018089915083929563,1.0547563992936617,0.03306815778170773,0.9989076913837377,11858.34,0.0,0.0,13,11,FULL,c107_21,3,20
0.03336871176385178,1.0696550556378426,0.06806782085425564,0.9953881395661349,11693.48,0.0,0.0,12,11,FULL,c107_21,3,21
0.011608218665292179,1.0366635817250316,0.021114072102619053,0.9995543946119281,12987.82,0.0,0.0,51,11,FULL,c107_21,3,22
0.03446646446564456,1.0800343675482886,0.06937274652234242,0.995210472016758,11708.720000000001,0.0,0.0,13,11,FULL,c107_21,3,23
0.017835706343661526,1.0576758510120143,0.03344303002958783,0.9988828132446134,11825.919999999998,0.0,0.0,11,11,FULL,c107_21,3,24
0.023092319298428778,1.078476854164627,0.04224608891349996,0.9982184475652036,11950.53,0.0,0.0,16,11,FULL,c107_21,3,25
0.023092319298428778,1.078476854164627,0.04224608891349996,0.9982184475652036,11950.53,0.0,0.0,16,11,FULL,c107_21,3,26
0.010903129703108179,1.034642233185306,0.01953097994481279,0.9996186862780141,12993.1,0.0,0.0,52,11,FULL,c107_21,3,27
0.019872250041963954,1.0607702587364793,0.03561861178175949,0.9987329220182096,11763.32,0.0,0.0,11,11,FULL,c107_21,3,28
0.019872250041963954,1.0607702587364793,0.03561861178175949,0.9987329220182096,11763.32,0.0,0.0,11,11,FULL,c107_21,3,29
0.026473963462270076,1.0744639812630237,0.053113279906311026,0.9971869152673001,11613.400000000001,0.0,0.0,13,11,FULL,c107_21,3,3
0.019872250041963954,1.0607702587364793,0.03561861178175949,0.9987329220182096,11763.32,0.0,0.0,11,11,FULL,c107_21,3,30
0.01998697836594022,1.0617495726430277,0.035970554186313175,0.9987077911956499,11752.469999999998,0.0,0.0,13,11,FULL,c107_21,3,31
0.01998697836594022,1.0617495726430277,0.035970554186313175,0.9987077911956499,11752.469999999998,0.0,0.0,13,11,FULL,c107_21,3,32
0.02914796263068098,1.1343709552884107,0.05638711468709273,0.9968305705195416,11643.289999999999,0.0,0.0,11,11,FULL,c107_21,3,33
0.02914796263068098,1.1343709552884107,0.05638711468709273,0.9968305705195416,11643.289999999999,0.0,0.0,11,11,FULL,c107_21,3,34
0.02914796263068098,1.1343709552884107,0.05638711468709273,0.9968305705195416,11643.289999999999,0.0,0.0,11,11,FULL,c107_21,3,35
0.01146824349406214,1.0366967807609109,0.020773563003232947,0.9995686452273861,12967.35,0.0,0.0,53,11,FULL,c107_21,3,36
0.023452118205320328,1.0645282033352133,0.04373520138577164,0.9980908838557101,11755.17,0.0,0.0,11,11,FULL,c107_21,3,37
0.018089915083929563,1.0547563992936617,0.03306815778170773,0.9989076913837377,11858.34,0.0,0.0,13,11,FULL,c107_21,3,38
0.02358303520392966,1.0686503109527317,0.0444086375590181,0.9980317545403422,11673.8,0.0,0.0,12,11,FULL,c107_21,3,39
0.026473963462270076,1.0744639812630237,0.053113279906311026,0.9971869152673001,11613.400000000001,0.0,0.0,13,11,FULL,c107_21,3,4
0.02358303520392966,1.0686503109527317,0.0444086375590181,0.9980317545403422,11673.8,0.0,0.0,12,11,FULL,c107_21,3,40
0.02459987220482951,1.0610172296991756,0.04567443435382468,0.9979181890246548,11720.46,0.0,0.0,16,11,FULL,c107_21,3,41
0.017547749896619405,1.0571205444301892,0.033124461632037486,0.9989039726356472,11831.82,0.0,0.0,12,11,FULL,c107_21,3,42
0.017604798246794316,1.056344258828505,0.03297094397286982,0.9989140973200401,11822.5,0.0,0.0,11,11,FULL,c107_21,3,43
0.017604798246794316,1.056344258828505,0.03297094397286982,0.9989140973200401,11822.5,0.0,0.0,11,11,FULL,c107_21,3,44
0.017604798246794316,1.056344258828505,0.03297094397286982,0.9989140973200401,11822.5,0.0,0.0,12,11,FULL,c107_21,3,45
0.01794471161768514,1.0528994585698892,0.03263431705185359,0.9989361343660228,11861.18,0.0,0.0,13,11,FULL,c107_21,3,46
0.01794471161768514,1.0528994585698892,0.03263431705185359,0.9989361343660228,11861.18,0.0,0.0,13,11,FULL,c107_21,3,47
0.019647704640901154,1.0500333052014836,0.03558773575553672,0.9987351150240922,11920.060000000001,0.0,0.0,23,11,FULL,c107_21,3,48
0.019647704640901154,1.0500333052014836,0.03558773575553672,0.9987351150240922,11920.060000000001,0.0,0.0,23,11,FULL,c107_21,3,49
0.026473963462270076,1.0744639812630237,0.053113279906311026,0.9971869152673001,11613.400000000001,0.0,0.0,13,11,FULL,c107_21,3,5
0.017749946673979687,1.058732262749997,0.033746953026095934,0.9988624386809424,11814.120000000003,0.0,0.0,11,11,FULL,c107_21,3,50
0.04024478436917744,1.1097401409016818,0.08052758836091832,0.9935570878170034,11693.26,0.0,0.0,11,11,FULL,c107_21,3,51
0.04494026480514066,1.1345794874217754,0.08686951059837843,0.992510208431428,11641.15,0.0,0.0,11,11,FULL,c107_21,3,52
0.03403633283892579,1.1367971948041218,0.06592716857409901,0.9956724178104895,11618.44,0.0,0.0,13,11,FULL,c107_21,3,53
0.02459987220482951,1.0610172296991756,0.04567443435382468,0.9979181890246548,11720.46,0.0,0.0,16,11,FULL,c107_21,3,54
0.043966676585274526,1.1424346012836184,0.08250756353691857,0.9932385306485637,11701.299999999997,0.0,0.0,11,11,FULL,c107_21,3,55
0.04539926495570415,1.141695021214668,0.08594388949566065,0.9926678060250276,11708.88,0.0,0.0,11,11,FULL,c107_21,3,56
0.06770030774805863,1.147536297613059,0.14758561621715044,0.9786828066339809,11509.71,0.0,0.0,10,11,FULL,c107_21,3,57
0.04494026480514066,1.1345794874217754,0.08686951059837843,0.992510208431428,11641.15,0.0,0.0,10,11,FULL,c107_21,3,58
0.016348092805057425,1.04594006258115,0.030175743070823387,0.9990902529234953,11930.11,0.0,0.0,23,11,FULL,c107_21,3,6
0.016348092805057425,1.04594006258115,0.030175743070823387,0.9990902529234953,11930.11,0.0,0.0,23,11,FULL,c107_21,3,7
0.016348092805057425,1.04594006258115,0.030175743070823387,0.9990902529234953,11930.11,0.0,0.0,23,11,FULL,c107_21,3,8
0.016348092805057425,1.04594006258115,0.030175743070823387,0.9990902529234953,11930.11,0.0,0.0,24,11,FULL,c107_21,3,9
0.043290974643145734,1.0917895350491529,0.0796054553943471,0.9937028765225829,11527.240000000002,0.0,0.0,9,11,FULL,c108_21,6,1
0.03612687541686829,1.0814523555821194,0.06750849909460323,0.9954632781943825,11477.630000000001,0.0,0.0,11,11,FULL,c108_21,6,10
0.03456767113872772,1.0759723002970807,0.0656818983514294,0.9957044198418764,11491.820000000002,0.0,0.0,12,11,FULL,c108_21,6,11
0.02962457732327437,1.0893639002944357,0.052224154283175166,0.9972800559821539,11673.17,0.0,0.0,13,11,FULL,c108_21,6,12
0.04022746208846118,1.0809704471099513,0.07893005053495332,0.9938086191335939,11449.980000000001,0.0,0.0,10,11,FULL,c108_21,6,13
0.025242430486609537,1.0733008791812624,0.04519328435085563,0.9979617300792306,11647.2,0.0,0.0,13,11,FULL,c108_21,6,14
0.025529841125511477,1.0581951770911833,0.045675931506819,0.9979180528280462,11677.599999999999,0.0,0.0,13,11,FULL,c108_21,6,15
0.03461557894421687,1.0916145765433198,0.06168946083215805,0.9962088380287231,11659.28,0.0,0.0,8,11,FULL,c108_21,6,16
0.025242430486609537,1.0733008791812624,0.04519328435085563,0.9979617300792306,11647.2,0.0,0.0,13,11,FULL,c108_21,6,17
0.025242430486609537,1.0733008791812624,0.04519328435085563,0.9979617300792306,11647.2,0.0,0.0,16,11,FULL,c108_21,6,18
0.025242430486609537,1.0733008791812624,0.04519328435085563,0.9979617300792306,11647.2,0.0,0.0,15,11,FULL,c108_21,6,19
0.043290974643145734,1.0917895350491529,0.0796054553943471,0.9937028765225829,11527.240000000002,0.0,0.0,9,11,FULL,c108_21,6,2
0.025524072779917972,1.0721676982994999,0.04553858010571219,0.9979305293122029,11659.509999999998,0.0,0.0,10,11,FULL,c108_21,6,20
0.025524072779917972,1.0721676982994999,0.04553858010571219,0.9979305293122029,11659.509999999998,0.0,0.0,10,11,FULL,c108_21,6,21
0.026902790296801173,1.0608906475227788,0.047538054596502274,0.9977452288472772,11647.93,0.0,0.0,11,11,FULL,c108_21,6,22
0.03461557894421687,1.0916145765433198,0.06168946083215805,0.9962088380287231,11659.28,0.0,0.0,8,11,FULL,c108_21,6,23
0.03461557894421687,1.0916145765433198,0.06168946083215805,0.9962088380287231,11659.28,0.0,0.0,8,11,FULL,c108_21,6,24
0.03461557894421687,1.0916145765433198,0.06168946083215805,0.9962088380287231,11659.28,0.0,0.0,8,11,FULL,c108_21,6,25
0.03461557894421687,1.0916145765433198,0.06168946083215805,0.9962088380287231,11659.28,0.0,0.0,8,11,FULL,c108_21,6,26
0.03460911128280244,1.0916024052675048,0.06167757468082715,0.9962102932927673,11659.410000000002,0.0,0.0,9,11,FULL,c108_21,6,27
0.04726093695096187,1.0903261390595214,0.09308330022014852,0.9914099279064795,11494.790000000003,0.0,0.0,12,11,FULL,c108_21,6,28
0.025524072779917972,1.0721676982994999,0.04553858010571219,0.9979305293122029,11659.509999999998,0.0,0.0,10,11,FULL,c108_21,6,29
0.043290974643145734,1.0917895350491529,0.0796054553943471,0.9937028765225829,11527.240000000002,0.0,0.0,11,11,FULL,c108_21,6,3
0.025524072779917972,1.0721676982994999,0.04553858010571219,0.9979305293122029,11659.509999999998,0.0,0.0,13,11,FULL,c108_21,6,30
0.025524072779917972,1.0721676982994999,0.04553858010571219,0.9979305293122029,11659.509999999998,0.0,0.0,13,11,FULL,c108_21,6,31
0.020693962502137578,1.0607638440714486,0.0368675942160115,0.9986426254666625,11621.220000000001,0.0,0.0,17,11,FULL,c108_21,6,32
0.030268327315751718,1.0861108210478352,0.0539622427693292,0.9970965310352335,11587.509999999998,0.0,0.0,13,11,FULL,c108_21,6,33
0.030268327315751718,1.0861108210478352,0.0539622427693292,0.9970965310352335,11587.509999999998,0.0,0.0,13,11,FULL,c108_21,6,34
0.01040922701494877,1.0262490311963317,0.018236060924170728,0.9996675566373127,11715.48,0.0,0.0,20,11,FULL,c108_21,6,35
0.012404255743881588,1.0398439401702564,0.021845781334340272,0.9995229894855134,11749.34,0.0,0.0,21,11,FULL,c108_21,6,36
0.04164430083426138,1.129583121931139,0.07343206639942347,0.9946366522348528,11806.09,0.0,0.0,10,11,FULL,c108_21,6,37
0.04164430083426138,1.129583121931139,0.07343206639942347,0.9946366522348528,11806.09,0.0,0.0,10,11,FULL,c108_21,6,38
0.038742465565493205,1.1243111086755833,0.06886285229861773,0.9952802888796591,11861.45,0.0,0.0,11,11,FULL,c108_21,6,39
0.04143645233872222,1.1009965675203202,0.07382900492649376,0.9945788273364956,11755.350000000002,0.0,0.0,9,11,FULL,c108_21,6,4
0.04164430083426138,1.129583121931139,0.07343206639942347,0.9946366522348528,11806.09,0.0,0.0,10,11,FULL,c108_21,6,40
0.052248291929583086,1.1329657939311648,0.10110925610761047,0.989880372111744,11724.82,0.0,0.0,10,11,FULL,c108_21,6,41
0.052248291929583086,1.1329657939311648,0.10110925610761047,0.989880372111744,11724.82,0.0,0.0,11,11,FULL,c108_21,6,42
0.04446263751609048,1.15410032276903,0.07893173241766759,0.9938083569061669,11763.830000000002,0.0,0.0,11,11,FULL,c108_21,6,43
0.04446263751609048,1.15410032276903,0.07893173241766759,0.9938083569061669,11763.830000000002,0.0,0.0,11,11,FULL,c108_21,6,44
0.03734199362795029,1.085724931213696,0.07692779806343242,0.9941169292279465,11513.92,0.0,0.0,13,11,FULL,c108_21,6,45
0.01495763652465485,1.071614198958097,0.02847743770669552,0.9991896926721047,11720.86,0.0,0.0,20,11,FULL,c108_21,6,46
0.027783480195727798,1.0797733606051036,0.04933975172843611,0.9975715008646294,11655.52,0.0,0.0,9,11,FULL,c108_21,6,47
0.01040922701494877,1.0262490311963317,0.018236060924170728,0.9996675566373127,11715.48,0.0,0.0,21,11,FULL,c108_21,6,48
0.03628611339402629,1.0803451830279578,0.06950191321904099,0.9951927057703034,11661.060000000001,0.0,0.0,10,11,FULL,c108_21,6,49
0.032046219645276514,1.0820657182278408,0.057381614789279195,0.9967181562460782,11697.82,0.0,0.0,12,11,FULL,c108_21,6,5
0.025524072779917972,1.0721676982994999,0.04553858010571219,0.9979305293122029,11659.509999999998,0.0,0.0,10,11,FULL,c108_21,6,50
0.03335739209331656,1.0811538927230901,0.06525533824441386,0.9957597967151248,11562.599999999999,0.0,0.0,10,11,FULL,c108_21,6,51
0.03608448526648464,1.1381172489129736,0.0659001661375389,0.9956759467394687,11671.75,0.0,0.0,14,11,FULL,c108_21,6,52
0.03394230594105949,1.089679948082103,0.0604913352936285,0.9963541392938893,11679.98,0.0,0.0,13,11,FULL,c108_21,6,53
0.03394230594105949,1.089679948082103,0.0604913352936285,0.9963541392938893,11679.98,0.0,0.0,13,11,FULL,c108_21,6,54
0.03394230594105949,1.089679948082103,0.0604913352936285,0.9963541392938893,11679.98,0.0,0.0,13,11,FULL,c108_21,6,55
0.03394230594105949,1.089679948082103,0.0604913352936285,0.9963541392938893,11679.98,0.0,0.0,13,11,FULL,c108_21,6,56
0.012296525594398068,1.0420654316930913,0.02183648870931588,0.9995233950214666,11686.079999999998,0.0,0.0,21,11,FULL,c108_21,6,57
0.013665002723214541,1.0470326654423145,0.024554318196096797,0.9993974487448389,11630.64,0.0,0.0,17,11,FULL,c108_21,6,58
0.01049163040408484,1.026688960126246,0.018424313217644758,0.9996606598732686,11710.46,0.0,0.0,17,11,FULL,c108_21,6,59
0.043290974643145734,1.0917895350491529,0.0796054553943471,0.9937028765225829,11527.240000000002,0.0,0.0,12,11,FULL,c108_21,6,6
0.03335739209331656,1.0811538927230901,0.06525533824441386,0.9957597967151248,11562.599999999999,0.0,0.0,10,11,FULL,c108_21,6,60
0.012404255743881588,1.0398439401702564,0.021845781334340272,0.9995229894855134,11749.34,0.0,0.0,22,11,FULL,c108_21,6,61
0.0442023415586866,1.1523701762946668,0.07826331256047066,0.9939121429210633,11763.259999999998,0.0,0.0,10,11,FULL,c108_21,6,62
0.0442023415586866,1.1523701762946668,0.07826331256047066,0.9939121429210633,11763.259999999998,0.0,0.0,10,11,FULL,c108_21,6,63
0.03359345545761805,1.0698648130222586,0.059591896785571516,0.9964613721919133,11808.09,0.0,0.0,12,11,FULL,c108_21,6,64
0.0442023415586866,1.1523701762946668,0.07826331256047066,0.9939121429210633,11763.259999999998,0.0,0.0,10,11,FULL,c108_21,6,65
0.04537870410429579,1.1522007243525065,0.08034834560800856,0.9935855541012165,11764.990000000002,0.0,0.0,10,11,FULL,c108_21,6,66
0.042532258564282284,1.1482554967941532,0.07559668428309854,0.9943176153506078,11823.710000000003,0.0,0.0,11,11,FULL,c108_21,6,67
0.06603867212955111,1.1652247947048968,0.13394030484932049,0.9823761664043339,11651.52,0.0,0.0,11,11,FULL,c108_21,6,68
0.0255805233912289,1.0660902411917184,0.04560944000974452,0.9979240973183873,11643.02,0.0,0.0,11,11,FULL,c108_21,6,7
0.03612687541686829,1.0814523555821194,0.06750849909460323,0.9954632781943825,11477.630000000001,0.0,0.0,11,11,FULL,c108_21,6,8
0.03612687541686829,1.0814523555821194,0.06750849909460323,0.9954632781943825,11477.630000000001,0.0,0.0,11,11,FULL,c108_21,6,9
0.013705332642823365,1.0446881841222238,0.024294821488672128,0.9994101098246377,11643.57,0.0,0.0,18,10,FULL,c109_21,7,1
0.014266847207336397,1.0404668282180618,0.02508203722256667,0.9993712869375551,11690.810000000001,0.0,0.0,19,10,FULL,c109_21,7,10
0.03210496025006293,1.0845299968143731,0.05724758630344886,0.9967334193818066,11363.54,0.0,0.0,13,10,FULL,c109_21,7,11
0.033649032776277996,1.0856020884000088,0.059832967665544703,0.9964327865474889,11204.750000000002,0.0,0.0,10,10,FULL,c109_21,7,12
0.01631274665168263,1.0679408782226594,0.03272978945567066,0.9989299072074463,11390.05,0.0,0.0,18,10,FULL,c109_21,7,13
0.008351386454162757,1.0346118089950047,0.01538554450103193,0.9997633410411275,11756.970000000001,0.0,0.0,21,10,FULL,c109_21,7,14
0.055281311773615546,1.115262461079184,0.10287678761687545,0.9895272067741272,10906.760000000002,0.0,0.0,9,10,FULL,c109_21,7,15
0.05688889787560232,1.1292469113789563,0.10109309519612437,0.9898835740937252,10880.259999999998,0.0,0.0,11,10,FULL,c109_21,7,16
0.06175450233762483,1.122580715897037,0.12116757836684114,0.9855308479950309,10944.869999999999,0.0,0.0,11,10,FULL,c109_21,7,17
0.01040533020296106,1.0402623829281947,0.01945064256863809,0.9996218155812312,11823.94,0.0,0.0,22,10,FULL,c109_21,7,18
0.022083154118033476,1.0832084391928054,0.040020847857603674,0.9984008929757289,11229.51,0.0,0.0,11,10,FULL,c109_21,7,19
0.01040533020296106,1.0402623829281947,0.01945064256863809,0.9996218155812312,11823.94,0.0,0.0,22,10,FULL,c109_21,7,2
0.021527221875230394,1.0807100902938749,0.038955007188417906,0.9984848067095334,11255.47,0.0,0.0,11,10,FULL,c109_21,7,20
0.024404796114830773,1.0879353573378545,0.04385037843100021,0.9980808345895849,11135.68,0.0,0.0,12,10,FULL,c109_21,7,21
0.02282783832944233,1.0844606207301528,0.041383177998318595,0.998290360451752,11171.36,0.0,0.0,14,10,FULL,c109_21,7,22
0.03289560348351337,1.081226048168728,0.05827256371050472,0.9966158000183312,11204.78,0.0,0.0,11,10,FULL,c109_21,7,23
0.03145808372200047,1.0889181107047423,0.05535659225079266,0.9969450092622902,11125.63,0.0,0.0,12,10,FULL,c109_21,7,24
0.02266499724384925,1.0864843540589326,0.04104911110191436,0.9983178050259361,11229.43,0.0,0.0,11,10,FULL,c109_21,7,25
0.04008600577575425,1.0956908836399866,0.07063966085216943,0.995034814400592,11101.58,0.0,0.0,9,10,FULL,c109_21,7,26
0.03511298328990424,1.0948555587058566,0.06380816750718536,0.995945027507863,11110.05,0.0,0.0,10,10,FULL,c109_21,7,27
0.021371299663672794,1.0654680560682344,0.03768197679454341,0.9985820819711518,11188.509999999998,0.0,0.0,13,10,FULL,c109_21,7,28
0.033348426858002614,1.07459929824059,0.061043112845421306,0.9962875718526853,11174.77,0.0,0.0,13,10,FULL,c109_21,7,29
0.029165886986518962,1.0890661834291184,0.05338348042965392,0.9971583022759751,11169.11,0.0,0.0,12,10,FULL,c109_21,7,3
0.05990640094145121,1.1070882810957023,0.1192803843418765,0.9859717807506179,10987.29,0.0,0.0,11,10,FULL,c109_21,7,30
0.032882335471716574,1.108111949014042,0.060406407730031295,0.9963643322172829,10977.14,0.0,0.0,10,10,FULL,c109_21,7,4
0.03128042614662334,1.098221379559408,0.055619609862574325,0.9969159994807892,11076.0,0.0,0.0,11,10,FULL,c109_21,7,5
0.019377581383935194,1.0737233100679604,0.03629115174546717,0.998684684638053,11328.71,0.0,0.0,17,10,FULL,c109_21,7,6
0.024268506880732055,1.0883393739145018,0.04355575110126498,0.99810648873277,11210.29,0.0,0.0,11,10,FULL,c109_21,7,7
0.03841335384764779,1.093808028098976,0.06730982622052213,0.9954898211676865,11120.69,0.0,0.0,11,10,FULL,c109_21,7,8
0.03128042614662334,1.098221379559408,0.055619609862574325,0.9969159994807892,11076.0,0.0,0.0,12,10,FULL,c109_21,7,9
0.15372941312405008,1.3270761673673388,0.2778234581951953,0.9283448884802065,10125.99,0.0,0.0,3,4,FULL,c201_21,1,1
0.07224854845510631,1.109420850548199,0.1495423415531102,0.9781262488530116,11644.49,0.0,0.0,6,4,FULL,c201_21,1,10
0.07451427924373033,1.1440890180475396,0.14904657188101286,0.9782678955165754,11568.89,0.0,0.0,6,4,FULL,c201_21,1,11
0.0816343996381601,1.173837544454003,0.14938748809734576,0.9781705382378437,11275.699999999999,0.0,0.0,6,4,FULL,c201_21,1,12
0.07224854845510631,1.109420850548199,0.1495423415531102,0.9781262488530116,11644.49,0.0,0.0,6,4,FULL,c201_21,1,13
0.03404744269628912,1.0877918413885572,0.06172194828773979,0.9962048590643009,12164.57,0.0,0.0,15,4,FULL,c201_21,1,14
0.031091198556010058,1.083690331605055,0.05736892142416843,0.9967196032738467,12210.609999999999,0.0,0.0,7,4,FULL,c201_21,1,15
0.027435663557966006,1.0757306746790494,0.050401836714671314,0.9974660918570344,12300.960000000001,0.0,0.0,7,4,FULL,c201_21,1,16
0.027435663557966006,1.0757306746790494,0.050401836714671314,0.9974660918570344,12300.960000000001,0.0,0.0,7,4,FULL,c201_21,1,17
0.08466055233073244,1.1845487723895491,0.15269393842501777,0.9772157851362422,11173.74,0.0,0.0,6,4,FULL,c201_21,1,18
0.14627936805543973,1.3177403206399856,0.26453977467564316,0.9345957794930956,10197.73,0.0,0.0,4,4,FULL,c201_21,1,19
0.152055770106166,1.2953818592972204,0.2801163868050292,0.9272436506315946,10215.15,0.0,0.0,4,4,FULL,c201_21,1,2
0.1260998784725571,1.2155059096508223,0.2543689112153098,0.9392285829997506,10886.43,0.0,0.0,5,4,FULL,c201_21,1,20
0.029860600149438588,1.0782156362827466,0.0537923087010216,0.9971147363594791,12272.61,0.0,0.0,7,4,FULL,c201_21,1,21
0.036933601519796744,1.0684429608910362,0.06914428032523853,0.9952418170450847,12091.09,0.0,0.0,15,4,FULL,c201_21,1,22
0.07608643189400843,1.1404955686007157,0.15023899616889955,0.9779264820898258,11602.43,0.0,0.0,4,4,FULL,c201_21,1,23
0.07608643189400843,1.1404955686007157,0.15023899616889955,0.9779264820898258,11602.43,0.0,0.0,4,4,FULL,c201_21,1,24
0.07608643189400843,1.1404955686007157,0.15023899616889955,0.9779264820898258,11602.43,0.0,0.0,4,4,FULL,c201_21,1,25
0.03502499206633436,1.0741783455390774,0.06518614367307911,0.9957687462574504,12257.89,0.0,0.0,15,4,FULL,c201_21,1,26
0.062179327394660255,1.0990294004299597,0.12345478765852948,0.9849877188511531,11754.59,0.0,0.0,7,4,FULL,c201_21,1,27
0.029435380070362838,1.0813930397048186,0.05513534492152511,0.9969693067637246,12236.550000000001,0.0,0.0,9,4,FULL,c201_21,1,28
0.036933601519796744,1.0684429608910362,0.06914428032523853,0.9952418170450847,12091.09,0.0,0.0,15,4,FULL,c201_21,1,29
0.07566589589329564,1.134513242469527,0.15146574188464448,0.9775726543063187,11663.61,0.0,0.0,7,4,FULL,c201_21,1,3
0.04038897088498605,1.0965901133424545,0.07227276353723373,0.9948037892901102,12066.970000000001,0.0,0.0,5,4,FULL,c201_21,1,30
0.04083144242756975,1.0821235234703799,0.0750861843626093,0.9943936730253962,12167.89,0.0,0.0,15,4,FULL,c201_21,1,31
0.04102354369611816,1.0899952059229094,0.07409286448091951,0.9945402202727845,12139.98,0.0,0.0,15,4,FULL,c201_21,1,32
0.031119341536758993,1.0605487686241544,0.058999768643914395,0.9965311024376785,12181.09,0.0,0.0,15,4,FULL,c201_21,1,33
0.03072674347296367,1.0563160778093035,0.0574009228761545,0.996715954542512,12229.9,0.0,0.0,15,4,FULL,c201_21,1,34
0.07224854845510631,1.109420850548199,0.1495423415531102,0.9781262488530116,11644.49,0.0,0.0,6,4,FULL,c201_21,1,35
0.1498472842951657,1.2710903803743243,0.2813520622275454,0.9266475244402583,10247.8,0.0,0.0,5,4,FULL,c201_21,1,36
0.15240171663680946,1.3227119711794004,0.2754809759935975,0.9294632495055889,10159.4,0.0,0.0,3,4,FULL,c201_21,1,4
0.12287952679534997,1.2050981517150938,0.25495195744250987,0.9389666947884835,10980.449999999999,0.0,0.0,5,4,FULL,c201_21,1,5
0.07537789378413917,1.139517360336675,0.14867157916192447,0.9783747496153041,11612.39,0.0,0.0,5,4,FULL,c201_21,1,6
0.07537020649348092,1.1379905520912077,0.15048148548090357,0.9778567492978053,11627.97,0.0,0.0,6,4,FULL,c201_21,1,7
0.0746504344095249,1.1354731309664274,0.15081989951381503,0.9777592600618189,11653.749999999998,0.0,0.0,6,4,FULL,c201_21,1,8
0.07224854845510631,1.109420850548199,0.1495423415531102,0.9781262488530116,11644.49,0.0,0.0,6,4,FULL,c201_21,1,9
0.0,1.0,0.0,1.0,3030.0,0.0,0.0,6,1,FULL,c202C10,1,1
0.04069288279272398,1.0813857655854475,0.0813857655854477,0.9934199411199579,5435.84,0.0,0.0,6,2,FULL,c202C15,1,1
0.09337083052373574,1.1867416610474717,0.18674166104747172,0.9663026607393517,4953.26,0.0,0.0,5,2,FULL,c202C15,1,2
0.09337083052373574,1.1867416610474717,0.18674166104747172,0.9663026607393517,4953.26,0.0,0.0,5,2,FULL,c202C15,1,3
0.09337083052373574,1.1867416610474717,0.18674166104747172,0.9663026607393517,4953.26,0.0,0.0,6,2,FULL,c202C15,1,4
0.09337083052373574,1.1867416610474717,0.18674166104747172,0.9663026607393517,4953.26,0.0,0.0,7,2,FULL,c202C15,1,5
0.152055770106166,1.2953818592972204,0.2801163868050292,0.9272436506315949,10215.15,0.0,0.0,4,4,FULL,c202_21,1,1
0.06977448799570451,1.1010235824533592,0.15102453792828363,0.9777002116819776,11733.3,0.0,0.0,6,4,FULL,c202_21,1,10
0.15372941312405008,1.3270761673673388,0.2778234581951953,0.9283448884802064,10125.99,0.0,0.0,3,4,FULL,c202_21,1,11
0.08553805020096483,1.1592302004744668,0.1648767118024767,0.9735351004699534,11414.92,0.0,0.0,6,4,FULL,c202_21,1,12
0.07875045292964011,1.1498130497610008,0.15016794345039694,0.9779468953391031,11508.41,0.0,0.0,5,4,FULL,c202_21,1,13
0.07787785989198426,1.1486024092620657,0.1482865180258341,0.9784842167927122,11520.54,0.0,0.0,5,4,FULL,c202_21,1,14
0.012140755414203674,1.0248602370278461,0.022752723333540264,0.9994825814414681,12605.27,0.0,0.0,31,4,FULL,c202_21,1,15
0.07875045292964011,1.1498130497610008,0.15016794345039694,0.9779468953391031,11508.41,0.0,0.0,6,4,FULL,c202_21,1,16
0.07557915535342863,1.1210097786293258,0.14926538470684422,0.9782054312987029,11524.109999999999,0.0,0.0,6,4,FULL,c202_21,1,17
0.07557915535342863,1.1210097786293258,0.14926538470684422,0.9782054312987029,11524.109999999999,0.0,0.0,6,4,FULL,c202_21,1,18
0.07557915535342863,1.1210097786293258,0.14926538470684422,0.9782054312987029,11524.109999999999,0.0,0.0,7,4,FULL,c202_21,1,19
0.06977448799570451,1.1010235824533592,0.15102453792828363,0.9777002116819776,11733.3,0.0,0.0,4,4,FULL,c202_21,1,2
0.07557915535342863,1.1210097786293258,0.14926538470684422,0.9782054312987029,11524.109999999999,0.0,0.0,7,4,FULL,c202_21,1,20
0.08233149208004464,1.1301784155190182,0.16407281479594463,0.9737857949241373,11430.619999999999,0.0,0.0,8,4,FULL,c202_21,1,21
0.08553805020096483,1.1592302004744668,0.1648767118024767,0.9735351004699534,11414.92,0.0,0.0,8,4,FULL,c202_21,1,22
0.019286015918920985,1.0332134722186674,0.036938052820369965,0.9986374393584841,12503.36,0.0,0.0,5,4,FULL,c202_21,1,23
0.019286015918920985,1.0332134722186674,0.036938052820369965,0.9986374393584841,12503.36,0.0,0.0,7,4,FULL,c202_21,1,24
0.12667462988733735,1.2525490539675201,0.2536102679040025,0.9395686647837385,10728.49,0.0,0.0,5,4,FULL,c202_21,1,25
0.012140755414203674,1.0248602370278461,0.022752723333540264,0.9994825814414681,12605.27,0.0,0.0,31,4,FULL,c202_21,1,26
0.0698022747576661,1.1075974436840579,0.14225209930171728,0.9801657003828015,11663.66,0.0,0.0,5,4,FULL,c202_21,1,27
0.03901806198777069,1.0857969035654618,0.07341059570466005,0.9946397713300268,12186.920000000002,0.0,0.0,7,4,FULL,c202_21,1,28
0.03901806198777069,1.0857969035654618,0.07341059570466005,0.9946397713300268,12186.920000000002,0.0,0.0,7,4,FULL,c202_21,1,29
0.06977448799570451,1.1010235824533592,0.15102453792828363,0.9777002116819776,11733.3,0.0,0.0,4,4,FULL,c202_21,1,3
0.023794101711910542,1.0700468207952258,0.04509668984218891,0.9979704161531542,12366.3,0.0,0.0,7,4,FULL,c202_21,1,30
0.023794101711910542,1.0700468207952258,0.04509668984218891,0.9979704161531542,12366.3,0.0,0.0,7,4,FULL,c202_21,1,31
0.009899309630788666,1.0210224735529712,0.018734768529503364,0.9996491315999901,12652.65,0.0,0.0,35,4,FULL,c202_21,1,32
0.02127870890089012,1.0466745072433554,0.03911921512544244,0.9984720252875234,12711.65,0.0,0.0,26,4,FULL,c202_21,1,33
0.007414095009454336,1.0148607915333474,0.013531572599637056,0.9998169300637189,12729.47,0.0,0.0,8,4,FULL,c202_21,1,34
0.0715860724433881,1.112834190791396,0.1444109767821559,0.9795714966256939,11705.14,0.0,0.0,6,4,FULL,c202_21,1,35
0.04437458745198031,1.0850285554977022,0.08767174672094541,0.9923722939323363,12195.55,0.0,0.0,8,4,FULL,c202_21,1,36
0.037506574182383234,1.0756476026893385,0.07255635670328284,0.994763144136342,12301.91,0.0,0.0,10,4,FULL,c202_21,1,37
0.011521799025242974,1.0227854996183943,0.021251598804117016,0.9995485734262562,12630.84,0.0,0.0,8,4,FULL,c202_21,1,38
0.007414095009454336,1.0148607915333474,0.013531572599637056,0.9998169300637189,12729.47,0.0,0.0,9,4,FULL,c202_21,1,39
0.07440259884204492,1.1195868386029069,0.15509135626238732,0.976511644353726,11819.109999999999,0.0,0.0,5,4,FULL,c202_21,1,4
0.11866291296876619,1.1720755360632626,0.2547184896032052,0.9390716165125519,11022.019999999999,0.0,0.0,4,4,FULL,c202_21,1,40
0.1251102824972632,1.212307664118221,0.25445851763167415,0.9391883637812876,10915.15,0.0,0.0,4,4,FULL,c202_21,1,41
0.12170990342738097,1.1817627132908328,0.25397600573166534,0.9394048092723305,10931.67,0.0,0.0,4,4,FULL,c202_21,1,42
0.12667462988733735,1.2525490539675201,0.2536102679040025,0.9395686647837385,10728.49,0.0,0.0,3,4,FULL,c202_21,1,43
0.07480769050904734,1.1265446191179485,0.14761822454531953,0.9786735866458333,11760.99,0.0,0.0,5,4,FULL,c202_21,1,44
0.030810677244046847,1.0716456275695616,0.05903608481729532,0.9965268455333871,12363.490000000002,0.0,0.0,5,4,FULL,c202_21,1,45
0.07749078678653931,1.1416023480066582,0.15230260598017123,0.9773297766128378,11649.029999999999,0.0,0.0,5,4,FULL,c202_21,1,46
0.07559156541514778,1.1209300186638878,0.14930992385794384,0.9781927065177431,11524.929999999998,0.0,0.0,4,4,FULL,c202_21,1,5
0.08592733077973524,1.1749143621243523,0.156373900059413,0.9761308703529591,11262.539999999999,0.0,0.0,4,4,FULL,c202_21,1,6
0.07875045292964011,1.1498130497610008,0.15016794345039694,0.9779468953391031,11508.41,0.0,0.0,5,4,FULL,c202_21,1,7
0.07859626830736333,1.14927378513281,0.15013629810068113,0.9779559841265402,11513.81,0.0,0.0,5,4,FULL,c202_21,1,8
0.07859626830736333,1.14927378513281,0.15013629810068113,0.9779559841265402,11513.81,0.0,0.0,5,4,FULL,c202_21,1,9
0.14773025967351527,1.277308089149735,0.2739671036184527,0.9301823941687227,10195.880000000001,0.0,0.0,4,4,FULL,c203_21,3,1
0.06594792479174649,1.113440695715129,0.13279686233442756,0.9826705974826928,11602.45,0.0,0.0,6,4,FULL,c203_21,3,10
0.06594792479174649,1.113440695715129,0.13279686233442756,0.9826705974826928,11602.45,0.0,0.0,6,4,FULL,c203_21,3,11
0.06746276061976908,1.1198496236722333,0.13447140419311923,0.9822386127786137,11629.49,0.0,0.0,6,4,FULL,c203_21,3,12
0.04431840309923918,1.1033387196507205,0.08071513008520781,0.9935272373850709,11708.68,0.0,0.0,5,4,FULL,c203_21,3,13
0.040920766061704805,1.1090227468028537,0.07423304978235923,0.994519654016892,11648.67,0.0,0.0,5,4,FULL,c203_21,3,14
0.026555329226691793,1.0568172708011223,0.04932245299741001,0.9975731993189394,12224.1,0.0,0.0,7,4,FULL,c203_21,3,15
0.026555329226691793,1.0568172708011223,0.04932245299741001,0.9975731993189394,12224.1,0.0,0.0,7,4,FULL,c203_21,3,16
0.026555329226691793,1.0568172708011223,0.04932245299741001,0.9975731993189394,12224.1,0.0,0.0,7,4,FULL,c203_21,3,17
0.026555329226691793,1.0568172708011223,0.04932245299741001,0.9975731993189394,12224.1,0.0,0.0,7,4,FULL,c203_21,3,18
0.033960175488638056,1.070065220986728,0.06290439392159079,0.9960586330675901,12515.91,0.0,0.0,7,4,FULL,c203_21,3,19
0.15247223947531352,1.3228075805106891,0.27561417133188815,0.9293998405750522,10159.210000000001,0.0,0.0,4,4,FULL,c203_21,3,2
0.028728092766910907,1.0486562705229405,0.05606929094132233,0.9968660869008634,12425.12,0.0,0.0,7,4,FULL,c203_21,3,20
0.043394375635256166,1.1184524252713746,0.08155909059675479,0.9933920699336309,11550.46,0.0,0.0,5,4,FULL,c203_21,3,21
0.031623073517182076,1.0553392554010137,0.06397139765512055,0.9959243392703315,12241.220000000001,0.0,0.0,9,4,FULL,c203_21,3,22
0.026555329226691793,1.0568172708011223,0.04932245299741001,0.9975731993189394,12224.1,0.0,0.0,9,4,FULL,c203_21,3,23
0.025831562756307713,1.0480388172139836,0.05100463892400908,0.9974052769107885,12326.490000000002,0.0,0.0,7,4,FULL,c203_21,3,24
0.033960175488638056,1.070065220986728,0.06290439392159079,0.9960586330675901,12515.91,0.0,0.0,7,4,FULL,c203_21,3,25
0.028728092766910907,1.0486562705229405,0.05606929094132233,0.9968660869008634,12425.12,0.0,0.0,8,4,FULL,c203_21,3,26
0.026555329226691793,1.0568172708011223,0.04932245299741001,0.9975731993189394,12224.1,0.0,0.0,9,4,FULL,c203_21,3,27
0.1508166153852235,1.287219900033309,0.2797429329706068,0.9274234498402693,10117.37,0.0,0.0,3,4,FULL,c203_21,3,28
0.028728092766910907,1.0486562705229405,0.05606929094132233,0.9968660869008634,12425.12,0.0,0.0,9,4,FULL,c203_21,3,29
0.06594792479174649,1.113440695715129,0.13279686233442756,0.9826705974826928,11602.45,0.0,0.0,6,4,FULL,c203_21,3,3
0.04113395926096164,1.1078919022757054,0.07451211406191284,0.9944785999754218,11660.56,0.0,0.0,5,4,FULL,c203_21,3,30
0.06594792479174649,1.113440695715129,0.13279686233442756,0.9826705974826928,11602.45,0.0,0.0,6,4,FULL,c203_21,3,4
0.06594792479174649,1.113440695715129,0.13279686233442756,0.9826705974826928,11602.45,0.0,0.0,6,4,FULL,c203_21,3,5
0.06594792479174649,1.113440695715129,0.13279686233442756,0.9826705974826928,11602.45,0.0,0.0,6,4,FULL,c203_21,3,6
0.15586362156453237,1.333954053474577,0.28180808262903473,0.9264270582560403,10074.32,0.0,0.0,4,4,FULL,c203_21,3,7
0.07520795042482464,1.1177616348412849,0.15248401828367975,0.9772769659722826,11654.22,0.0,0.0,6,4,FULL,c203_21,3,8
0.06594792479174649,1.113440695715129,0.13279686233442756,0.9826705974826928,11602.45,0.0,0.0,6,4,FULL,c203_21,3,9
0.07123792070196977,1.1459379673603929,0.14054293594473388,0.9806302800026017,11273.419999999998,0.0,0.0,5,4,FULL,c204_21,4,1
0.045424745948441814,1.1129198441059003,0.08511132278566501,0.992808159971669,11607.880000000001,0.0,0.0,5,4,FULL,c204_21,4,10
0.042847861322016456,1.1161352082692553,0.07868273716577989,0.9938471191918432,11574.44,0.0,0.0,8,4,FULL,c204_21,4,11
0.042847861322016456,1.1161352082692553,0.07868273716577989,0.9938471191918432,11574.44,0.0,0.0,8,4,FULL,c204_21,4,12
0.030430944319515874,1.0613922298238248,0.0587948691545985,0.9965550719147174,12171.41,0.0,0.0,7,4,FULL,c204_21,4,13
0.030430944319515874,1.0613922298238248,0.0587948691545985,0.9965550719147174,12171.41,0.0,0.0,7,4,FULL,c204_21,4,14
0.04778140982529688,1.1500174651088833,0.09136817806151103,0.9917209705672922,11508.66,0.0,0.0,5,4,FULL,c204_21,4,15
0.03271770090719017,1.0634901295750532,0.06177110609110592,0.9961988344439393,12147.4,0.0,0.0,8,4,FULL,c204_21,4,16
0.07121571821199768,1.1460802943926642,0.14052014970165522,0.9806364387141251,11272.02,0.0,0.0,5,4,FULL,c204_21,4,17
0.0009140082063898713,1.002498759533763,0.0016615294102326282,0.9999972393276401,13462.679999999998,0.0,0.0,87,4,FULL,c204_21,4,18
0.001134253796800655,1.0022544082660647,0.0020735025680307935,0.9999957006055853,13475.82,0.0,0.0,87,4,FULL,c204_21,4,19
0.03719569122625388,1.073165967068844,0.06814324111953704,0.9953779611332586,12285.63,0.0,0.0,6,4,FULL,c204_21,4,2
0.07308728366868555,1.1153729597188826,0.14627657372930897,0.9790513977845087,11582.35,0.0,0.0,4,4,FULL,c204_21,4,20
0.04795752173625867,1.1502713338640655,0.0916066442115028,0.991678058614813,11506.119999999999,0.0,0.0,4,4,FULL,c204_21,4,21
0.15023594905894733,1.3411683718517262,0.2695707825021819,0.9322545473329847,10023.35,0.0,0.0,3,4,FULL,c204_21,4,22
0.14542969922600002,1.340662781872779,0.262572774824576,0.9355022973364009,10027.130000000001,0.0,0.0,3,4,FULL,c204_21,4,23
0.14282985862319442,1.3140482390903654,0.2575429149826703,0.9377974402841586,10118.35,0.0,0.0,5,4,FULL,c204_21,4,24
0.14001990763565586,1.323028204287965,0.25081937855871866,0.9408131080578761,10161.93,0.0,0.0,5,4,FULL,c204_21,4,25
0.1352829758078875,1.3225362517718882,0.24370436822010472,0.9439378160003145,10165.71,0.0,0.0,5,4,FULL,c204_21,4,26
0.04778140982529688,1.1500174651088833,0.09136817806151103,0.9917209705672922,11508.66,0.0,0.0,5,4,FULL,c204_21,4,3
0.03437566816335269,1.062370684692686,0.06422591198789357,0.9958919776889573,12160.199999999999,0.0,0.0,5,4,FULL,c204_21,4,4
0.15534166190805165,1.342029286447331,0.2796264042763762,0.927479517694608,10016.92,0.0,0.0,3,4,FULL,c204_21,4,5
0.05520919971871119,1.15287767858099,0.10053257864075499,0.989994325971787,11205.560000000001,0.0,0.0,7,4,FULL,c204_21,4,6
0.04189275482378929,1.114790652721687,0.07699861108067671,0.9941061572248171,11588.4,0.0,0.0,8,4,FULL,c204_21,4,7
0.07636113660351618,1.1218923418901725,0.15236913618293702,0.9773104157512095,11615.66,0.0,0.0,5,4,FULL,c204_21,4,8
0.1347616501250659,1.302173619231741,0.2432577483086953,0.9441316407335794,10210.62,0.0,0.0,5,4,FULL,c204_21,4,9
0.19454867202790815,1.3890973440558165,0.3890973440558165,0.8685103600893223,3944.36,0.0,0.0,3,2,FULL,c205C10,1,1
0.19454867202790815,1.3890973440558165,0.3890973440558165,0.8685103600893223,3944.36,0.0,0.0,2,2,FULL,c205C10,1,2
0.19454867202790815,1.3890973440558165,0.3890973440558165,0.8685103600893223,3944.36,0.0,0.0,6,2,FULL,c205C10,1,3
0.19454867202790815,1.3890973440558165,0.3890973440558165,0.8685103600893223,3944.36,0.0,0.0,3,2,FULL,c205C10,1,4
0.19454867202790815,1.3890973440558165,0.3890973440558165,0.8685103600893223,3944.36,0.0,0.0,4,2,FULL,c205C10,1,5
0.15046523004477286,1.295620434327395,0.2768336263128113,0.9288182861439224,10057.390000000001,0.0,0.0,3,4,FULL,c205_21,1,1
0.019914765256918487,1.0282636331204558,0.043310328220726196,0.9981277274493006,11941.14,0.0,0.0,8,4,FULL,c205_21,1,10
0.013618392637629206,1.0198544802152896,0.028882627884358098,0.9991664891264267,12039.6,0.0,0.0,28,4,FULL,c205_21,1,11
0.013618392637629206,1.0198544802152896,0.028882627884358098,0.9991664891264267,12039.6,0.0,0.0,30,4,FULL,c205_21,1,12
0.06615041116100118,1.1112574501775558,0.1338094457044803,0.9824099809639926,11373.89,0.0,0.0,4,4,FULL,c205_21,1,13
0.014133120669177268,1.020541927890893,0.030058848438671102,0.9990972812679413,12031.49,0.0,0.0,6,4,FULL,c205_21,1,14
0.02275011305964525,1.0596217945496877,0.041809279117294734,0.998255034407154,11940.599999999999,0.0,0.0,6,4,FULL,c205_21,1,15
0.02275011305964525,1.0596217945496877,0.041809279117294734,0.998255034407154,11940.599999999999,0.0,0.0,6,4,FULL,c205_21,1,16
0.019914765256918487,1.0282636331204558,0.043310328220726196,0.9981277274493006,11941.14,0.0,0.0,8,4,FULL,c205_21,1,17
0.03281683524296031,1.0717755120038532,0.05945022553926359,0.9964781181735197,11792.88,0.0,0.0,15,4,FULL,c205_21,1,18
0.02894811486806481,1.068120709901322,0.051834747850219104,0.9973203586856797,11845.59,0.0,0.0,6,4,FULL,c205_21,1,19
0.07356221574141575,1.1225115439363957,0.1459566003837573,0.9791410361774074,11521.199999999999,0.0,0.0,5,4,FULL,c205_21,1,2
0.06851227441502439,1.1144733257091262,0.13911266454919152,0.9810150692717735,11341.07,0.0,0.0,4,4,FULL,c205_21,1,20
0.06851227441502439,1.1144733257091262,0.13911266454919152,0.9810150692717735,11341.07,0.0,0.0,4,4,FULL,c205_21,1,21
0.06851227441502439,1.1144733257091262,0.13911266454919152,0.9810150692717735,11341.07,0.0,0.0,4,4,FULL,c205_21,1,22
0.019914765256918487,1.0282636331204558,0.043310328220726196,0.9981277274493006,11941.14,0.0,0.0,8,4,FULL,c205_21,1,23
0.06823528839890702,1.1182363489651965,0.1381937374783449,0.98126037115378,11314.710000000001,0.0,0.0,5,4,FULL,c205_21,1,24
0.06823528839890702,1.1182363489651965,0.1381937374783449,0.98126037115378,11314.710000000001,0.0,0.0,5,4,FULL,c205_21,1,25
0.06823528839890702,1.1182363489651965,0.1381937374783449,0.98126037115378,11314.710000000001,0.0,0.0,5,4,FULL,c205_21,1,26
0.07146450609069133,1.1116151175160065,0.1447672428656099,0.9794726484834334,11459.29,0.0,0.0,6,4,FULL,c205_21,1,27
0.07747695927554665,1.1546105325305076,0.14885374144055105,0.9783228732159205,11517.65,0.0,0.0,4,4,FULL,c205_21,1,28
0.07290090482272005,1.1352496239010963,0.14311023026787859,0.9799304962274759,11439.81,0.0,0.0,4,4,FULL,c205_21,1,29
0.1552836157515518,1.3418477935452968,0.2795245784683921,0.9275284976682201,10020.6,0.0,0.0,3,4,FULL,c205_21,1,3
0.07678490666662041,1.1269788846353936,0.15301665641440657,0.9771215803987153,11475.53,0.0,0.0,5,4,FULL,c205_21,1,30
0.06701136461912904,1.1165636808728818,0.13544756137127947,0.9819844717542854,11331.66,0.0,0.0,4,4,FULL,c205_21,1,31
0.06851227441502439,1.1144733257091262,0.13911266454919152,0.9810150692717735,11341.07,0.0,0.0,5,4,FULL,c205_21,1,32
0.0019128711966047707,1.0028090002293895,0.004243732344111464,0.9999819910601194,12249.91,0.0,0.0,27,4,FULL,c205_21,1,33
0.06586873971692508,1.1150021194039583,0.13288559152008908,0.9826478341821486,11347.53,0.0,0.0,4,4,FULL,c205_21,1,34
0.06705123070761831,1.1124839917791458,0.13583127549700685,0.9818841053068933,11361.35,0.0,0.0,5,4,FULL,c205_21,1,35
0.02586754394350632,1.0516781452494461,0.05026645157666415,0.9974796520497706,12029.65,0.0,0.0,7,4,FULL,c205_21,1,36
0.019914765256918487,1.0282636331204558,0.043310328220726196,0.9981277274493006,11941.14,0.0,0.0,8,4,FULL,c205_21,1,37
0.029299946512577835,1.064637233141986,0.052818656711957415,0.997217950892946,11871.949999999999,0.0,0.0,7,4,FULL,c205_21,1,38
0.021162985274431056,1.0325234270414994,0.04483782186634259,0.997993603450638,11952.0,0.0,0.0,8,4,FULL,c205_21,1,39
0.064792887462652,1.1094090674493804,0.1307646277204838,0.9831880855824662,11392.84,0.0,0.0,4,4,FULL,c205_21,1,4
0.06823528839890702,1.1182363489651965,0.1381937374783449,0.98126037115378,11314.710000000001,0.0,0.0,4,4,FULL,c205_21,1,5
0.11648962279003872,1.1705566926289859,0.24829099981324396,0.9419314159068772,10797.699999999999,0.0,0.0,4,4,FULL,c205_21,1,6
0.14809832481155882,1.3339325361158565,0.2670413867327447,0.9334356732793749,10080.06,0.0,0.0,3,4,FULL,c205_21,1,7
0.014917652246623003,1.021589713082872,0.03185311484402803,0.9989864074869066,12019.15,0.0,0.0,24,4,FULL,c205_21,1,8
0.07188818978496037,1.1153625912678728,0.14425129339062762,0.9796157291434175,11490.9,0.0,0.0,6,4,FULL,c205_21,1,9
0.0,1.0,0.0,1.0,2363.47,0.0,0.0,3,1,FULL,c206C5,1,1
0.0,1.0,0.0,1.0,2229.04,0.0,0.0,3,1,FULL,c206C5,1,2
0.0,1.0,0.0,1.0,2200.03,0.0,0.0,4,1,FULL,c206C5,1,3
0.15528881415805573,1.3418459957190543,0.27953443186194205,0.927523758569176,10021.15,0.0,0.0,4,4,FULL,c206_21,1,1
0.06720309750275621,1.124105319357793,0.136350334859371,0.9817479181896815,11256.810000000001,0.0,0.0,6,4,FULL,c206_21,1,10
0.06602104629812877,1.1189538261115732,0.13609526956976306,0.9818149006006311,11268.489999999998,0.0,0.0,6,4,FULL,c206_21,1,11
0.06141656646685845,1.0869426709201668,0.13416105851049648,0.9823190530953528,11269.150000000001,0.0,0.0,6,4,FULL,c206_21,1,12
0.06138175097445431,1.0868211538000836,0.13419510484635155,0.9823102368596841,11270.41,0.0,0.0,6,4,FULL,c206_21,1,13
0.005584301101639433,1.0138753236017704,0.010113391601072804,0.9998977297705928,11661.71,0.0,0.0,6,4,FULL,c206_21,1,14
0.005584301101639433,1.0138753236017704,0.010113391601072804,0.9998977297705928,11661.71,0.0,0.0,7,4,FULL,c206_21,1,15
0.0055038613432587535,1.013552650197891,0.009966886816423229,0.9999006710344123,11660.45,0.0,0.0,7,4,FULL,c206_21,1,16
0.0055038613432587535,1.013552650197891,0.009966886816423229,0.9999006710344123,11660.45,0.0,0.0,7,4,FULL,c206_21,1,17
0.01246558003483389,1.0290032424014524,0.02249241860485719,0.9994943469196951,11661.11,0.0,0.0,7,4,FULL,c206_21,1,18
0.0055038613432587535,1.013552650197891,0.009966886816423229,0.9999006710344123,11660.45,0.0,0.0,8,4,FULL,c206_21,1,19
0.057649065761923746,1.0874040574021655,0.12518463281220546,0.9845706047279363,11046.970000000001,0.0,0.0,4,4,FULL,c206_21,1,2
0.0055038613432587535,1.013552650197891,0.009966886816423229,0.9999006710344123,11660.45,0.0,0.0,7,4,FULL,c206_21,1,20
0.004433300996196099,1.006969843826261,0.008951020698861861,0.9999198856472721,11617.189999999999,0.0,0.0,8,4,FULL,c206_21,1,21
0.004433300996196099,1.006969843826261,0.008951020698861861,0.9999198856472721,11617.189999999999,0.0,0.0,8,4,FULL,c206_21,1,22
0.06418628417588446,1.1145428433795692,0.12988487940783613,0.9834097961980676,11106.149999999998,0.0,0.0,4,4,FULL,c206_21,1,23
0.00482154637045018,1.0108669056942101,0.00879148328384744,0.9999227157949797,11566.31,0.0,0.0,8,4,FULL,c206_21,1,24
0.011074587199367159,1.0235611546439372,0.021037229111754856,0.9995576307684425,11604.27,0.0,0.0,9,4,FULL,c206_21,1,25
0.028291794444542884,1.0646943080495632,0.05197926343163419,0.9973054364629632,11282.599999999999,0.0,0.0,6,4,FULL,c206_21,1,26
0.028291794444542884,1.0646943080495632,0.05197926343163419,0.9973054364629632,11282.599999999999,0.0,0.0,6,4,FULL,c206_21,1,27
0.03539788273357036,1.0918228919509652,0.06364800746577856,0.9959652760900041,11337.26,0.0,0.0,6,4,FULL,c206_21,1,28
0.03539788273357036,1.0918228919509652,0.06364800746577856,0.9959652760900041,11337.26,0.0,0.0,6,4,FULL,c206_21,1,29
0.07377341926040093,1.154213047754267,0.14228990784382783,0.9801553649005788,11367.779999999999,0.0,0.0,4,4,FULL,c206_21,1,3
0.03539788273357036,1.0918228919509652,0.06364800746577856,0.9959652760900041,11337.26,0.0,0.0,6,4,FULL,c206_21,1,30
0.03539788273357036,1.0918228919509652,0.06364800746577856,0.9959652760900041,11337.26,0.0,0.0,6,4,FULL,c206_21,1,31
0.03132475674436441,1.0583240381096823,0.058726462523489266,0.9965630559232744,11340.949999999999,0.0,0.0,7,4,FULL,c206_21,1,32
0.03539788273357036,1.0918228919509652,0.06364800746577856,0.9959652760900041,11337.26,0.0,0.0,7,4,FULL,c206_21,1,33
0.03019335238125631,1.0652400233399133,0.05453904172296772,0.9970343143807883,11276.82,0.0,0.0,8,4,FULL,c206_21,1,34
0.03019335238125631,1.0652400233399133,0.05453904172296772,0.9970343143807883,11276.82,0.0,0.0,8,4,FULL,c206_21,1,35
0.03019335238125631,1.0652400233399133,0.05453904172296772,0.9970343143807883,11276.82,0.0,0.0,8,4,FULL,c206_21,1,36
0.02836852552730673,1.064987867359251,0.05220921961621493,0.9972816071892925,11279.490000000002,0.0,0.0,8,4,FULL,c206_21,1,37
0.03019335238125631,1.0652400233399133,0.05453904172296772,0.9970343143807883,11276.82,0.0,0.0,8,4,FULL,c206_21,1,38
0.045641178053437814,1.1352456498735477,0.08572459178236623,0.9927049038777371,11557.71,0.0,0.0,4,4,FULL,c206_21,1,39
0.039156425455880495,1.1307494760659034,0.07823576979131315,0.9939164010347386,11685.63,0.0,0.0,4,4,FULL,c206_21,1,4
0.08855406081394923,1.2084825097366634,0.15904739756227315,0.9753280293407534,11194.8,0.0,0.0,4,4,FULL,c206_21,1,40
0.04835208693187787,1.1616097096348401,0.09611402799824408,0.990846651399371,11538.23,0.0,0.0,4,4,FULL,c206_21,1,41
0.1506751252006806,1.3425466657081926,0.2727446966564152,0.9307609969992854,10015.92,0.0,0.0,4,4,FULL,c206_21,1,42
0.06636502499537134,1.1223811829718144,0.13528722628903472,0.9820263318652825,11234.079999999998,0.0,0.0,5,4,FULL,c206_21,1,43
0.033581556499907794,1.0915658209530394,0.06166023227734685,0.9962124160898547,11339.93,0.0,0.0,5,4,FULL,c206_21,1,44
0.03524982005469646,1.0825824315661232,0.06731220223768794,0.9954895041823203,11434.03,0.0,0.0,6,4,FULL,c206_21,1,45
0.033581556499907794,1.0915658209530394,0.06166023227734685,0.9962124160898547,11339.93,0.0,0.0,6,4,FULL,c206_21,1,46
0.033581556499907794,1.0915658209530394,0.06166023227734685,0.9962124160898547,11339.93,0.0,0.0,7,4,FULL,c206_21,1,47
0.03722679165620568,1.0931021191879686,0.06751112522592578,0.9954629268251989,11311.880000000001,0.0,0.0,7,4,FULL,c206_21,1,48
0.03777927088912292,1.092182223896703,0.06822015119396488,0.9953675702483142,11333.53,0.0,0.0,7,4,FULL,c206_21,1,49
0.020284175126275672,1.0430712830037625,0.0380846177399205,0.9985516626153406,11516.49,0.0,0.0,6,4,FULL,c206_21,1,5
0.03777927088912292,1.092182223896703,0.06822015119396488,0.9953675702483142,11333.53,0.0,0.0,7,4,FULL,c206_21,1,50
0.03370402973568476,1.0586722318169708,0.06364859648776271,0.995965201713342,11337.220000000001,0.0,0.0,8,4,FULL,c206_21,1,51
0.02836852552730673,1.064987867359251,0.05220921961621493,0.9972816071892925,11279.490000000002,0.0,0.0,7,4,FULL,c206_21,1,52
0.02836852552730673,1.064987867359251,0.05220921961621493,0.9972816071892925,11279.490000000002,0.0,0.0,7,4,FULL,c206_21,1,53
0.056737537476864386,1.0823029826352684,0.12386328209795718,0.9848897111023943,11086.84,0.0,0.0,6,4,FULL,c206_21,1,54
0.056793825467287284,1.0819877602215315,0.12400539541411722,0.9848555433384893,11090.07,0.0,0.0,6,4,FULL,c206_21,1,55
0.006590977237708406,1.0132365506973584,0.012028191900673262,0.9998553435281229,11539.26,0.0,0.0,17,4,FULL,c206_21,1,56
0.057494147532904494,1.0882798457702791,0.12484017552837108,0.9846540975294524,11038.079999999998,0.0,0.0,5,4,FULL,c206_21,1,57
0.009472418724576936,1.017095414893506,0.01804121062754486,0.9996746206252897,11495.48,0.0,0.0,11,4,FULL,c206_21,1,58
0.0035699781244260542,1.0081561314120997,0.006397268717191883,0.9999590766277509,11597.41,0.0,0.0,11,4,FULL,c206_21,1,59
0.0772405592790073,1.1651075784121903,0.146785738065321,0.9789083880866374,11341.029999999999,0.0,0.0,5,4,FULL,c206_21,1,6
0.009472418724576936,1.017095414893506,0.01804121062754486,0.9996746206252897,11495.48,0.0,0.0,12,4,FULL,c206_21,1,60
0.07757403674052821,1.1661663447998034,0.14654014613473917,0.9789774246570626,11319.380000000001,0.0,0.0,5,4,FULL,c206_21,1,61
0.04632183535791601,1.0806639516295171,0.09299780486498646,0.9914255650770838,11115.87,0.0,0.0,6,4,FULL,c206_21,1,62
0.02950998005927552,1.0580749355144126,0.05656858270215032,0.9968102028165668,11343.619999999999,0.0,0.0,9,4,FULL,c206_21,1,63
0.02836852552730673,1.064987867359251,0.05220921961621493,0.9972816071892925,11279.490000000002,0.0,0.0,7,4,FULL,c206_21,1,64
0.07722136339625929,1.1652370374355034,0.14676334040051714,0.9789146885190522,11339.77,0.0,0.0,4,4,FULL,c206_21,1,65
0.06256702560232186,1.1040847589501332,0.13014963957010933,0.9833432193394225,11143.130000000001,0.0,0.0,5,4,FULL,c206_21,1,66
0.07375351579259615,1.1512095385902932,0.14324429266828648,0.97989363368823,11327.46,0.0,0.0,5,4,FULL,c206_21,1,67
0.05805824839302942,1.0850908539074948,0.1261610217864889,0.984332765736226,11070.52,0.0,0.0,5,4,FULL,c206_21,1,68
0.07755484126338996,1.1662961693284752,0.14651608552912856,0.9789841824653515,11318.119999999999,0.0,0.0,5,4,FULL,c206_21,1,69
0.08175645975331403,1.1830232545823336,0.1514613497533015,0.9775739257937985,11329.380000000001,0.0,0.0,5,4,FULL,c206_21,1,7
0.00944929596210109,1.0170644485870093,0.017991215665550724,0.9996764208962029,11495.83,0.0,0.0,11,4,FULL,c206_21,1,70
0.007650705711647499,1.0146557529557967,0.01417519938618817,0.9997991040896381,11523.119999999999,0.0,0.0,12,4,FULL,c206_21,1,71
0.07389589996626245,1.156131357037372,0.1413268344058421,0.980417845614292,11233.810000000001,0.0,0.0,5,4,FULL,c206_21,1,72
0.06188820007050988,1.0914861515536598,0.13389289157422657,0.9823884217456936,11260.830000000002,0.0,0.0,6,4,FULL,c206_21,1,73
0.047535802936313765,1.0823113898161538,0.09572167928015603,0.9909205518297188,11098.95,0.0,0.0,6,4,FULL,c206_21,1,74
0.05710858881347991,1.0800662478172425,0.12745231287765207,0.9840155606464885,11109.8,0.0,0.0,4,4,FULL,c206_21,1,75
0.0071646649301930765,1.0202147431399595,0.013196823315874226,0.9998258741794515,11686.52,0.0,0.0,6,4,FULL,c206_21,1,8
0.05733755208859015,1.0825523048750596,0.12696728405178156,0.9841350625385467,11096.48,0.0,0.0,6,4,FULL,c206_21,1,9
0.12357795698668461,1.2821358125558304,0.22475651515298684,0.9519136161898565,10489.310000000001,0.0,0.0,3,4,FULL,c207_21,1,1
0.012033076777829166,1.0371875557588137,0.023203057612547064,0.9994619078165112,11545.259999999998,0.0,0.0,12,4,FULL,c207_21,1,10
0.08706716172785067,1.1841761895169705,0.16050081849576717,0.9748864258100023,11020.86,0.0,0.0,4,4,FULL,c207_21,1,11
0.02752794164930883,1.0480197950596226,0.0538430797935551,0.9971093031119057,11445.28,0.0,0.0,6,4,FULL,c207_21,1,12
0.037289606054681235,1.082586391171192,0.06950145519867028,0.9951927688260267,11405.39,0.0,0.0,5,4,FULL,c207_21,1,13
0.029972783517377533,1.0763953242047983,0.053771434408537405,0.9971169687435398,11470.99,0.0,0.0,6,4,FULL,c207_21,1,14
0.03563836165547496,1.1245237768946141,0.07323201600100546,0.9946656794105726,11675.2,0.0,0.0,24,4,FULL,c207_21,1,15
0.032000217894266436,1.0927208731555123,0.05905982386683364,0.9965240614965908,11657.029999999999,0.0,0.0,25,4,FULL,c207_21,1,16
0.006419165451148956,1.0189858631818332,0.011947743492550355,0.9998572717996833,11771.39,0.0,0.0,30,4,FULL,c207_21,1,17
0.004759890486316198,1.0157775242895626,0.009399496622646478,0.9999116572683687,11808.57,0.0,0.0,32,4,FULL,c207_21,1,18
0.005366956138267875,1.017239390752739,0.010435079546013316,0.9998911209708021,11791.6,0.0,0.0,34,4,FULL,c207_21,1,19
0.1412814300746108,1.3080520265821702,0.2552685403317535,0.9388243046695518,10054.86,0.0,0.0,4,4,FULL,c207_21,1,2
0.031931814459258634,1.0638410520975636,0.06123612925802314,0.996264145418331,11294.77,0.0,0.0,10,4,FULL,c207_21,1,20
0.03255328906174215,1.0578335141236959,0.06294246182764175,0.9960538800535886,11339.1,0.0,0.0,10,4,FULL,c207_21,1,21
0.032092649399520834,1.060074431314532,0.06179678116121346,0.996195685913145,11315.13,0.0,0.0,10,4,FULL,c207_21,1,22
0.07426107081437605,1.1144333335501213,0.16156002586773477,0.9745623231743723,10763.21,0.0,0.0,4,4,FULL,c207_21,1,23
0.011690949062860945,1.03581397081953,0.022472851984937252,0.999495225849286,11539.909999999998,0.0,0.0,15,4,FULL,c207_21,1,24
0.012589082258237294,1.0333023281546616,0.02305735013951095,0.9994686410969329,11567.960000000001,0.0,0.0,21,4,FULL,c207_21,1,25
0.03206124037789437,1.0599563995231696,0.0618036759621918,0.9961948401850533,11316.389999999998,0.0,0.0,10,4,FULL,c207_21,1,26
0.032092649399520834,1.060074431314532,0.06179678116121346,0.996195685913145,11315.13,0.0,0.0,14,4,FULL,c207_21,1,27
0.04251642174823056,1.115673171009965,0.07934540257837637,0.9937436948655552,11394.95,0.0,0.0,10,4,FULL,c207_21,1,28
0.07954264535215616,1.1741475109648434,0.14507412908285472,0.979387321861667,11124.189999999999,0.0,0.0,4,4,FULL,c207_21,1,29
0.15529136589425452,1.3418457663684389,0.27953918343344547,0.9275214732057037,10021.42,0.0,0.0,3,4,FULL,c207_21,1,3
0.03676249648634777,1.0891679054402352,0.06902823890540574,0.9952576988139471,11348.59,0.0,0.0,5,4,FULL,c207_21,1,30
0.029056557436425656,1.0559531865347682,0.057812422203339056,0.9966688574373589,11319.82,0.0,0.0,11,4,FULL,c207_21,1,31
0.029518366041459076,1.079015968533085,0.0541922646492251,0.9970717980003535,11443.130000000001,0.0,0.0,6,4,FULL,c207_21,1,32
0.017044501798707312,1.0331719308314506,0.032243439751894816,0.9989614403205352,11569.42,0.0,0.0,18,4,FULL,c207_21,1,33
0.03494063755119847,1.0918097398404576,0.0631006103061188,0.9960341039358805,11321.130000000001,0.0,0.0,5,4,FULL,c207_21,1,34
0.03494063755119847,1.0918097398404576,0.0631006103061188,0.9960341039358805,11321.130000000001,0.0,0.0,5,4,FULL,c207_21,1,35
0.03494063755119847,1.0918097398404576,0.0631006103061188,0.9960341039358805,11321.130000000001,0.0,0.0,5,4,FULL,c207_21,1,36
0.04100637574857413,1.109489359380692,0.0762855445918787,0.9942141861393243,11364.939999999999,0.0,0.0,5,4,FULL,c207_21,1,37
0.05578809393478368,1.0816946930147706,0.124406586838278,0.9847588878268081,11088.97,0.0,0.0,5,4,FULL,c207_21,1,38
0.05578809393478368,1.0816946930147706,0.124406586838278,0.9847588878268081,11088.97,0.0,0.0,4,4,FULL,c207_21,1,39
0.13727912664566633,1.3009759835297943,0.25523368367164884,0.9388399887591207,10336.24,0.0,0.0,3,4,FULL,c207_21,1,4
0.038292670824184416,1.0982510424807586,0.07031154801955904,0.9950806062895926,11285.58,0.0,0.0,10,4,FULL,c207_21,1,40
0.14214177254232063,1.3293474263615548,0.2582727671276551,0.9374664660278605,10115.640000000001,0.0,0.0,3,4,FULL,c207_21,1,41
0.027179539560473698,1.1049717635408622,0.06066447567659144,0.9963333154449504,11552.440000000002,0.0,0.0,15,4,FULL,c207_21,1,42
0.023203625931185856,1.0405926275508655,0.04737418243017149,0.9977607125014768,11526.97,0.0,0.0,18,4,FULL,c207_21,1,43
0.015515115565237547,1.035668986692017,0.02832733160174576,0.9991982056743317,11581.769999999999,0.0,0.0,19,4,FULL,c207_21,1,44
0.03676249648634777,1.0891679054402352,0.06902823890540573,0.9952576988139474,11348.590000000002,0.0,0.0,5,4,FULL,c207_21,1,45
0.03766302172864111,1.0790184150080258,0.06981508528776739,0.9951494959319118,11419.49,0.0,0.0,6,4,FULL,c207_21,1,46
0.010210875648908102,1.0262580235739627,0.018489809233636384,0.9996582437917393,11534.759999999998,0.0,0.0,22,4,FULL,c207_21,1,47
0.008517614088844772,1.0194914865020612,0.015289335613792423,0.9997662908492241,11539.91,0.0,0.0,23,4,FULL,c207_21,1,48
0.032092649399520834,1.060074431314532,0.06179678116121346,0.996195685913145,11315.13,0.0,0.0,10,4,FULL,c207_21,1,49
0.13727912664566633,1.3009759835297943,0.25523368367164884,0.9388399887591207,10336.24,0.0,0.0,3,4,FULL,c207_21,1,5
0.05375904844997792,1.0822392787766197,0.11700630952416832,0.9864944213383943,11083.39,0.0,0.0,10,4,FULL,c207_21,1,50
0.15002442642581815,1.2939690558888535,0.27602621856095233,0.9292035422901582,10071.060000000001,0.0,0.0,3,4,FULL,c207_21,1,51
0.010353903368724104,1.0216126293647165,0.019121017479336488,0.999634520314792,11637.64,0.0,0.0,22,4,FULL,c207_21,1,52
0.00837328200603804,1.013637115562234,0.016523540944636705,0.999727047118268,11606.56,0.0,0.0,22,4,FULL,c207_21,1,53
0.00837328200603804,1.013637115562234,0.016523540944636705,0.999727047118268,11606.56,0.0,0.0,22,4,FULL,c207_21,1,54
0.01755114435028693,1.0497819571349398,0.03252296113315294,0.9989433746372134,11674.31,0.0,0.0,22,4,FULL,c207_21,1,55
0.1396416930520319,1.305645934129312,0.2570079827770092,0.9380395751279689,10299.27,0.0,0.0,3,4,FULL,c207_21,1,56
0.1453004591018665,1.3400552676134376,0.26632283895529846,0.9337697173083003,10034.810000000001,0.0,0.0,4,4,FULL,c207_21,1,57
0.1453004591018665,1.3400552676134376,0.26632283895529846,0.9337697173083003,10034.810000000001,0.0,0.0,4,4,FULL,c207_21,1,58
0.14506555207784255,1.2893175972609783,0.26954430866280155,0.9322669516603143,10073.67,0.0,0.0,5,4,FULL,c207_21,1,6
0.023606697500760276,1.0483312182962938,0.04330514435794713,0.9981281747724886,11441.880000000001,0.0,0.0,5,4,FULL,c207_21,1,7
0.05865728857897157,1.087250593329818,0.12791105166640362,0.9839021437058434,11170.01,0.0,0.0,5,4,FULL,c207_21,1,8
0.012033076777829166,1.0371875557588137,0.023203057612547064,0.9994619078165112,11545.259999999998,0.0,0.0,12,4,FULL,c207_21,1,9
0.1534487716474704,1.3068975432949406,0.3068975432949405,0.9139213138410497,4486.09,0.0,0.0,3,2,FULL,c208C15,1,1
0.008035128080818188,1.0160702561616364,0.016070256161636386,0.9997418135443605,5589.83,0.0,0.0,5,2,FULL,c208C15,1,10
0.008035128080818188,1.0160702561616364,0.016070256161636386,0.9997418135443605,5589.83,0.0,0.0,6,2,FULL,c208C15,1,11
0.008117844232547577,1.0162356884650952,0.016235688465095145,0.9997364718854378,5590.77,0.0,0.0,6,2,FULL,c208C15,1,12
0.008035128080818188,1.0160702561616364,0.016070256161636386,0.9997418135443605,5589.83,0.0,0.0,6,2,FULL,c208C15,1,13
0.008035128080818188,1.0160702561616364,0.016070256161636386,0.9997418135443605,5589.83,0.0,0.0,12,2,FULL,c208C15,1,2
0.008117844232547577,1.0162356884650952,0.016235688465095145,0.9997364718854378,5590.77,0.0,0.0,9,2,FULL,c208C15,1,3
0.1534487716474704,1.3068975432949406,0.3068975432949405,0.9139213138410497,4486.09,0.0,0.0,5,2,FULL,c208C15,1,4
0.008117844232547577,1.0162356884650952,0.016235688465095145,0.9997364718854378,5590.77,0.0,0.0,6,2,FULL,c208C15,1,5
0.008125535634092351,1.0162510712681847,0.01625107126818471,0.999735972411614,5589.17,0.0,0.0,5,2,FULL,c208C15,1,6
0.008035128080818188,1.0160702561616364,0.016070256161636386,0.9997418135443605,5589.83,0.0,0.0,10,2,FULL,c208C15,1,7
0.008117844232547577,1.0162356884650952,0.016235688465095145,0.9997364718854378,5590.77,0.0,0.0,5,2,FULL,c208C15,1,8
0.1534487716474704,1.3068975432949406,0.3068975432949405,0.9139213138410497,4486.09,0.0,0.0,7,2,FULL,c208C15,1,9
0.0,1.0,0.0,1.0,2174.36,0.0,0.0,2,1,FULL,c208C5,1,1
0.0,1.0,0.0,1.0,1920.4,0.0,0.0,2,1,FULL,c208C5,1,2
0.07825965983036398,1.1724345913925414,0.14333102761862632,0.9798697676564213,11141.5,0.0,0.0,4,4,FULL,c208_21,1,1
0.05753188424679356,1.094556153912968,0.11948529905106148,0.9859242195222556,11052.48,0.0,0.0,4,4,FULL,c208_21,1,10
0.00561601367193032,1.0139402841727634,0.010141777707945322,0.9998971549231204,11328.32,0.0,0.0,27,4,FULL,c208_21,1,11
0.15529136589425452,1.3418457663684389,0.27953918343344547,0.9275214732057037,10021.42,0.0,0.0,3,4,FULL,c208_21,1,12
0.15067780263752972,1.3425464173503099,0.27274865733901693,0.9307591253047032,10016.19,0.0,0.0,3,4,FULL,c208_21,1,13
0.1396824749000083,1.3014248712399783,0.25259292066786265,0.9400235075840685,10045.82,0.0,0.0,4,4,FULL,c208_21,1,14
0.10670484053532192,1.1558502087831601,0.23770915513360244,0.946516478317963,10513.300000000001,0.0,0.0,4,4,FULL,c208_21,1,15
0.07033840507203792,1.138117907829263,0.13530481572251557,0.9820217418819541,11143.45,0.0,0.0,6,4,FULL,c208_21,1,16
0.005596835425719648,1.0138642107056388,0.01012344453142553,0.9998975263727395,11329.169999999998,0.0,0.0,29,4,FULL,c208_21,1,17
0.04791565685548038,1.0708659955020456,0.10620214564281803,0.9888468989250542,10769.34,0.0,0.0,4,4,FULL,c208_21,1,18
0.05076673046017777,1.0719280357144518,0.11276246777800919,0.9874442765814708,10758.67,0.0,0.0,4,4,FULL,c208_21,1,19
0.1441320251981435,1.3411414894486262,0.26605435553586826,0.933894362190848,10035.66,0.0,0.0,4,4,FULL,c208_21,1,2
0.05076673046017777,1.0719280357144518,0.11276246777800919,0.9874442765814708,10758.67,0.0,0.0,4,4,FULL,c208_21,1,20
0.0659304861304304,1.1238847358455006,0.13056519830576185,0.9832384673804624,11143.1,0.0,0.0,5,4,FULL,c208_21,1,21
0.05853498622737896,1.0912044603726372,0.12690910069121406,0.9841493691515777,11141.67,0.0,0.0,5,4,FULL,c208_21,1,22
0.03675647243338953,1.0558894863528867,0.08054387302907225,0.9935544985190269,10922.09,0.0,0.0,5,4,FULL,c208_21,1,23
0.03675647243338953,1.0558894863528867,0.08054387302907225,0.9935544985190269,10922.09,0.0,0.0,5,4,FULL,c208_21,1,24
0.10285062103336817,1.1504575010707472,0.22974126417816035,0.9498651229112859,10273.199999999999,0.0,0.0,3,4,FULL,c208_21,1,25
0.00561601367193032,1.0139402841727634,0.010141777707945322,0.9998971549231204,11328.32,0.0,0.0,27,4,FULL,c208_21,1,26
0.01540981803254815,1.031377245080565,0.028431643061756235,0.9991922945882044,11181.67,0.0,0.0,7,4,FULL,c208_21,1,27
0.01765703535149954,1.040109886641071,0.03292623633847519,0.9989170370408393,11087.79,0.0,0.0,9,4,FULL,c208_21,1,28
0.021386771039722197,1.03838089554822,0.04144845538554502,0.9982849719205805,11093.539999999999,0.0,0.0,9,4,FULL,c208_21,1,29
0.1401156279021567,1.3028964769561284,0.25345740705011005,0.9396370954683579,10035.64,0.0,0.0,4,4,FULL,c208_21,1,3
0.022854399581026863,1.048571054488322,0.041982056770274674,0.998240607825888,10998.32,0.0,0.0,9,4,FULL,c208_21,1,30
0.022854399581026863,1.048571054488322,0.041982056770274674,0.998240607825888,10998.32,0.0,0.0,9,4,FULL,c208_21,1,31
0.022996304003026546,1.047622338954935,0.04241427342316021,0.9982042598936238,10995.679999999998,0.0,0.0,10,4,FULL,c208_21,1,32
0.05045280747976322,1.0818722892096784,0.10598871428778885,0.9888911845171718,10900.880000000001,0.0,0.0,4,4,FULL,c208_21,1,33
0.05426501310056553,1.0867956256465003,0.11478348298670521,0.986996081879219,10846.86,0.0,0.0,4,4,FULL,c208_21,1,34
0.020717783695611836,1.045672198541819,0.03852938312782558,0.9985176871490268,11028.810000000001,0.0,0.0,10,4,FULL,c208_21,1,35
0.02303292717751715,1.048813272000713,0.04228321473375648,0.9982153205271114,10995.78,0.0,0.0,9,4,FULL,c208_21,1,36
0.05269394162175689,1.0846726517722984,0.11120203947459013,0.9877851539036556,10868.09,0.0,0.0,4,4,FULL,c208_21,1,37
0.02042347993183702,1.0441354555672384,0.03823875486261752,0.9985399325406606,11032.399999999998,0.0,0.0,11,4,FULL,c208_21,1,38
0.02042347993183702,1.0441354555672384,0.03823875486261752,0.9985399325406606,11032.399999999998,0.0,0.0,11,4,FULL,c208_21,1,39
0.006135417153674716,1.0160238456700332,0.011118148970598525,0.9998764020418113,11336.23,0.0,0.0,25,4,FULL,c208_21,1,4
0.005694306090955337,1.0134598705276041,0.010249353663319345,0.9998949617836701,11333.689999999999,0.0,0.0,33,4,FULL,c208_21,1,40
0.006135417153674716,1.0160238456700332,0.011118148970598525,0.9998764020418113,11336.23,0.0,0.0,25,4,FULL,c208_21,1,5
0.006135417153674716,1.0160238456700332,0.011118148970598525,0.9998764020418113,11336.23,0.0,0.0,25,4,FULL,c208_21,1,6
0.10014532918750851,1.148948415380753,0.21244379729565185,0.9568166019596727,10355.8,0.0,0.0,3,4,FULL,c208_21,1,7
0.05908600566572231,1.0966626628895184,0.12301120186487205,0.9850938011760353,11031.25,0.0,0.0,4,4,FULL,c208_21,1,8
0.15073882438834718,1.2930418772964265,0.27811698861024364,0.9282042726244759,10080.88,0.0,0.0,5,4,FULL,c208_21,1,9
0.03608250777001412,1.0955259884282798,0.06381303648637261,0.9959444111524393,3963.11,0.0,0.0,24,19,FULL,r101_21,6,1
0.03455933298508864,1.0823136734498224,0.06099328706712926,0.9962936073843834,3963.7400000000002,0.0,0.0,31,19,FULL,r101_21,6,10
0.03455933298508864,1.0823136734498224,0.06099328706712926,0.9962936073843834,3963.7400000000002,0.0,0.0,31,19,FULL,r101_21,6,11
0.03233319581939977,1.0804193865463618,0.05728488222330798,0.9967291756675379,3967.7000000000003,0.0,0.0,31,19,FULL,r101_21,6,12
0.029868515163249117,1.0789544849129706,0.05323344165620431,0.9971742084156789,3956.71,0.0,0.0,30,19,FULL,r101_21,6,13
0.03496997884934017,1.0848213381921246,0.062152877787964585,0.9961518849748905,3951.6000000000004,0.0,0.0,21,19,FULL,r101_21,6,14
0.037668413915608726,1.0932800964291096,0.06597757102871825,0.9956658269492819,3982.2,0.0,0.0,29,19,FULL,r101_21,6,15
0.037668413915608726,1.0932800964291096,0.06597757102871825,0.9956658269492819,3982.2,0.0,0.0,29,19,FULL,r101_21,6,16
0.03392776374567394,1.0875916674713246,0.05969505279259615,0.9964491541090351,3935.42,0.0,0.0,25,19,FULL,r101_21,6,17
0.037524760991101254,1.0915625392834696,0.06606644307762913,0.9956541935659183,3977.5,0.0,0.0,23,19,FULL,r101_21,6,18
0.037524760991101254,1.0915625392834696,0.06606644307762913,0.9956541935659183,3977.5,0.0,0.0,24,19,FULL,r101_21,6,19
0.03361114063174815,1.0833436526248486,0.05964710703894483,0.9964548355278453,3956.9900000000002,0.0,0.0,22,19,FULL,r101_21,6,2
0.037524760991101254,1.0915625392834696,0.06606644307762913,0.9956541935659183,3977.5,0.0,0.0,24,19,FULL,r101_21,6,20
0.038134451968630106,1.0917958583229603,0.06753120161124952,0.9954602402163303,3976.6499999999996,0.0,0.0,23,19,FULL,r101_21,6,21
0.03839538262105678,1.0896229966520938,0.06762383885651205,0.9954478334014248,3984.58,0.0,0.0,24,19,FULL,r101_21,6,22
0.033047537384022864,1.0819680842987505,0.058756364800975916,0.9965595670378862,3951.66,0.0,0.0,23,19,FULL,r101_21,6,23
0.03384474251754586,1.084899544703553,0.059360486530331005,0.9964887052735052,3964.4499999999994,0.0,0.0,27,19,FULL,r101_21,6,24
0.03643880885427314,1.081977233556455,0.0648703977348316,0.9958094659710333,3991.84,0.0,0.0,23,19,FULL,r101_21,6,25
0.035535519437972674,1.082492866341759,0.06299089243017585,0.9960478291021427,3960.1,0.0,0.0,22,19,FULL,r101_21,6,26
0.035535519437972674,1.082492866341759,0.06299089243017585,0.9960478291021427,3960.1,0.0,0.0,22,19,FULL,r101_21,6,27
0.035535519437972674,1.082492866341759,0.06299089243017585,0.9960478291021427,3960.1,0.0,0.0,23,19,FULL,r101_21,6,28
0.03596264251637412,1.0832204657556401,0.06363682721809226,0.9959666877077119,3957.4399999999996,0.0,0.0,21,19,FULL,r101_21,6,29
0.03361114063174815,1.0833436526248486,0.05964710703894483,0.9964548355278453,3956.9900000000002,0.0,0.0,22,19,FULL,r101_21,6,3
0.035535519437972674,1.082492866341759,0.06299089243017585,0.9960478291021427,3960.1,0.0,0.0,23,19,FULL,r101_21,6,30
0.038634905038695086,1.0899706897608203,0.0724410159366714,0.994779693814954,3916.7200000000003,0.0,0.0,23,19,FULL,r101_21,6,31
0.031893310682670595,1.0819322726328113,0.05708742826968225,0.996751611947275,3945.82,0.0,0.0,22,19,FULL,r101_21,6,32
0.031893310682670595,1.0819322726328113,0.05708742826968225,0.996751611947275,3945.82,0.0,0.0,23,19,FULL,r101_21,6,33
0.03173946512219672,1.0817622971589584,0.056734062686982674,0.9967915732669899,3946.44,0.0,0.0,23,19,FULL,r101_21,6,34
0.031671597893520885,1.0816307399187213,0.05665394573908661,0.9968005994507707,3946.92,0.0,0.0,25,19,FULL,r101_21,6,35
0.031671597893520885,1.0816307399187213,0.05665394573908661,0.9968005994507707,3946.92,0.0,0.0,26,19,FULL,r101_21,6,36
0.029868515163249117,1.0789544849129706,0.05323344165620431,0.9971742084156789,3956.71,0.0,0.0,30,19,FULL,r101_21,6,37
0.03106484677890514,1.0851664984863776,0.05602967283975718,0.9968705002758085,3964.0,0.0,0.0,24,19,FULL,r101_21,6,38
0.04344722444588362,1.1068793563223078,0.07882705872677145,0.9938246665142013,3922.46,0.0,0.0,20,19,FULL,r101_21,6,39
0.03608250777001412,1.0955259884282798,0.06381303648637261,0.9959444111524393,3963.11,0.0,0.0,24,19,FULL,r101_21,6,4
0.04430835956800593,1.1048175724849736,0.08018018707721648,0.9936122038626672,3929.78,0.0,0.0,23,19,FULL,r101_21,6,40
0.04514979327968218,1.1062109696470928,0.0814749890406578,0.9934056009282282,3924.8300000000004,0.0,0.0,23,19,FULL,r101_21,6,41
0.03192632174567858,1.0704394349688788,0.057836999581710326,0.9966660339908294,3958.72,0.0,0.0,27,19,FULL,r101_21,6,42
0.031154692250455366,1.068652372810402,0.05681058030356342,0.9967829408375405,3965.34,0.0,0.0,28,19,FULL,r101_21,6,43
0.029698891127512894,1.0550994568685281,0.055459166797413105,0.9969337118593878,3980.62,0.0,0.0,28,19,FULL,r101_21,6,44
0.030919060475247794,1.065755057694436,0.05695572280383001,0.9967665348532542,3976.12,0.0,0.0,29,19,FULL,r101_21,6,45
0.02817062162544372,1.0517202090444009,0.053486056909383274,0.9971474023087613,3993.41,0.0,0.0,29,19,FULL,r101_21,6,46
0.030337150296235387,1.0695532559313479,0.0550220457841195,0.9969817121194933,3962.0,0.0,0.0,25,19,FULL,r101_21,6,47
0.037139310603157505,1.0923795222532082,0.06534863313322406,0.9957477152907145,3962.35,0.0,0.0,23,19,FULL,r101_21,6,48
0.037668413915608726,1.0932800964291096,0.06597757102871825,0.9956658269492819,3982.2,0.0,0.0,29,19,FULL,r101_21,6,49
0.03567115600835928,1.094004968981661,0.06316683911632934,0.9960258076604632,3968.62,0.0,0.0,27,19,FULL,r101_21,6,5
0.029500084652439876,1.0563227959688233,0.05473451969311738,0.99701308076865,3976.0099999999998,0.0,0.0,28,19,FULL,r101_21,6,50
0.044994233024507224,1.1084109429569267,0.08096115718900206,0.9934879754523549,3917.04,0.0,0.0,19,19,FULL,r101_21,6,51
0.029698891127512894,1.0550994568685281,0.055459166797413105,0.9969337118593878,3980.62,0.0,0.0,30,19,FULL,r101_21,6,52
0.02876042998216957,1.0533476790963172,0.054239526310732124,0.9970667033279617,3987.2400000000002,0.0,0.0,32,19,FULL,r101_21,6,53
0.03803189558169494,1.0930630104429966,0.06694455325769798,0.9955384216790087,3972.04,0.0,0.0,23,19,FULL,r101_21,6,54
0.037098746625367114,1.090833031837916,0.06539586445007527,0.9957415924996244,3980.16,0.0,0.0,24,19,FULL,r101_21,6,55
0.037098746625367114,1.090833031837916,0.06539586445007527,0.9957415924996244,3980.16,0.0,0.0,24,19,FULL,r101_21,6,56
0.0367380105770351,1.0901346068380575,0.06486449285162924,0.9958102256339616,3982.7099999999996,0.0,0.0,23,19,FULL,r101_21,6,57
0.02876042998216957,1.0533476790963172,0.054239526310732124,0.9970667033279617,3987.2400000000002,0.0,0.0,32,19,FULL,r101_21,6,58
0.031199285585802983,1.0672447532722,0.057199582817729605,0.9967388774410725,3970.5700000000006,0.0,0.0,33,19,FULL,r101_21,6,59
0.03753670806258774,1.0934860415175376,0.06576586702861277,0.9956934770883851,3981.45,0.0,0.0,28,19,FULL,r101_21,6,6
0.02876042998216957,1.0533476790963172,0.054239526310732124,0.9970667033279617,3987.2400000000002,0.0,0.0,34,19,FULL,r101_21,6,60
0.02774232007270278,1.0554521032646527,0.0517138093214729,0.9973328148269788,3979.29,0.0,0.0,27,19,FULL,r101_21,6,61
0.02774232007270278,1.0554521032646527,0.0517138093214729,0.9973328148269788,3979.29,0.0,0.0,27,19,FULL,r101_21,6,62
0.029383090818229027,1.0597611471798665,0.053814200664679485,0.9971123942213113,3963.11,0.0,0.0,27,19,FULL,r101_21,6,63
0.044994233024507224,1.1084109429569267,0.08096115718900206,0.9934879754523549,3917.04,0.0,0.0,20,19,FULL,r101_21,6,64
0.037668413915608726,1.0932800964291096,0.06597757102871825,0.9956658269492819,3982.2,0.0,0.0,29,19,FULL,r101_21,6,65
0.03803189558169494,1.0930630104429966,0.06694455325769798,0.9955384216790087,3972.04,0.0,0.0,23,19,FULL,r101_21,6,66
0.04325483053165812,1.1083996242098706,0.07815918138938474,0.9939282339191251,3917.08,0.0,0.0,20,19,FULL,r101_21,6,67
0.037543175729860975,1.0976253498266981,0.06629231861470028,0.9956245571268139,3955.53,0.0,0.0,20,19,FULL,r101_21,6,68
0.03651943198665202,1.0855444125351408,0.06419753668623913,0.995895591877955,3962.62,0.0,0.0,25,19,FULL,r101_21,6,7
0.036570602003100076,1.0824829931972788,0.0643249155860918,0.9958793552052385,3963.12,0.0,0.0,25,19,FULL,r101_21,6,8
0.03528510811481629,1.0831789575031694,0.06227719389519116,0.9961365353706034,3967.59,0.0,0.0,23,19,FULL,r101_21,6,9
0.05357750350402113,1.0995141997904392,0.10210881881644338,0.9896813732978996,734.87,0.0,0.0,3,4,FULL,r102C10,1,1
0.05456578637603693,1.1189430973120438,0.10179659844554165,0.9897437335922792,722.11,0.0,0.0,6,4,FULL,r102C10,1,10
0.038562608938621956,1.075082826616283,0.07315725752468832,0.9946765069229877,751.57,0.0,0.0,5,4,FULL,r102C10,1,2
0.06466331893994792,1.114682632747941,0.12631135428135523,0.9842959922849922,724.8699999999999,0.0,0.0,5,4,FULL,r102C10,1,3
0.07316978137973051,1.1448164468184587,0.13414170490757016,0.9823240637482961,705.79,0.0,0.0,6,4,FULL,r102C10,1,4
0.07316978137973051,1.1448164468184587,0.13414170490757016,0.9823240637482961,705.79,0.0,0.0,7,4,FULL,r102C10,1,5
0.07316978137973051,1.1448164468184587,0.13414170490757016,0.9823240637482961,705.79,0.0,0.0,7,4,FULL,r102C10,1,6
0.04617616934107205,1.103448275862069,0.08633319353838027,0.992601722167693,732.25,0.0,0.0,6,4,FULL,r102C10,1,7
0.061669623772335314,1.128822699395074,0.113433187878586,0.987296370606454,715.79,0.0,0.0,4,4,FULL,r102C10,1,8
0.038562608938621956,1.075082826616283,0.07315725752468832,0.9946765069229877,751.57,0.0,0.0,5,4,FULL,r102C10,1,9
0.0950599076356669,1.189110051349402,0.1755746065647181,0.9700954096632596,928.93,0.0,0.0,7,5,FULL,r102C15,1,1
0.07158823529411755,1.154779411764706,0.12771240157611896,0.9839513040570307,816.0,0.0,0.0,6,5,FULL,r102C15,1,10
0.07122158289268654,1.156068654995154,0.12686091452147283,0.9841612129218557,815.09,0.0,0.0,6,5,FULL,r102C15,1,11
0.08349315481575274,1.2207948857125626,0.1478440067973429,0.978609695723829,829.05,0.0,0.0,8,5,FULL,r102C15,1,12
0.08591997754967676,1.1922416863646668,0.16037837562411233,0.97492376799675,926.4899999999999,0.0,0.0,6,5,FULL,r102C15,1,13
0.09230249505332733,1.22110419381304,0.16562094665241572,0.9733020351606934,828.8399999999999,0.0,0.0,7,5,FULL,r102C15,1,14
0.09230249505332733,1.22110419381304,0.16562094665241572,0.9733020351606934,828.8399999999999,0.0,0.0,7,5,FULL,r102C15,1,15
0.07158823529411755,1.1547794117647059,0.12771240157611893,0.983951304057031,816.0000000000001,0.0,0.0,5,5,FULL,r102C15,1,16
0.060865561694290984,1.16494014732965,0.11075416626493564,0.987882157986432,868.8000000000001,0.0,0.0,14,5,FULL,r102C15,1,17
0.04451714093658978,1.133878557024423,0.08284002361442495,0.9931843030004271,892.6,0.0,0.0,15,5,FULL,r102C15,1,18
0.037546638154744016,1.1068974350407075,0.06857568701658656,0.9953193863204054,897.8700000000001,0.0,0.0,15,5,FULL,r102C15,1,19
0.08384018506915983,1.2194563593426189,0.1483821901965612,0.9784570428311459,829.9599999999999,0.0,0.0,6,5,FULL,r102C15,1,2
0.07374299043400398,1.192333066302248,0.13497482108176279,0.982107762084359,848.8399999999999,0.0,0.0,8,5,FULL,r102C15,1,20
0.04451714093658978,1.133878557024423,0.08284002361442495,0.9931843030004271,892.6,0.0,0.0,15,5,FULL,r102C15,1,21
0.04328213513987027,1.1006248904981606,0.07962760794635407,0.993699393401382,856.15,0.0,0.0,6,5,FULL,r102C15,1,22
0.07158823529411755,1.154779411764706,0.12771240157611896,0.9839513040570307,816.0,0.0,0.0,7,5,FULL,r102C15,1,23
0.08384018506915983,1.2194563593426186,0.1483821901965612,0.9784570428311462,829.96,0.0,0.0,9,5,FULL,r102C15,1,24
0.0950599076356669,1.189110051349402,0.17557460656471804,0.9700954096632598,928.9300000000001,0.0,0.0,10,5,FULL,r102C15,1,25
0.08631201434548715,1.2099222952779436,0.1530349569036375,0.9771162328813132,836.5,0.0,0.0,10,5,FULL,r102C15,1,26
0.07158823529411755,1.154779411764706,0.12771240157611896,0.9839513040570307,816.0,0.0,0.0,9,5,FULL,r102C15,1,27
0.08631201434548715,1.2099222952779436,0.1530349569036375,0.9771162328813133,836.5,0.0,0.0,8,5,FULL,r102C15,1,28
0.05486508406216419,1.1420727296639706,0.1041750680171537,0.9892640663311006,912.42,0.0,0.0,13,5,FULL,r102C15,1,29
0.09637051569506738,1.2168932174887894,0.1739122798184315,0.9706424520880368,856.3199999999999,0.0,0.0,12,5,FULL,r102C15,1,3
0.020611505967547218,1.0401300791202897,0.03828855189733315,0.9985361328421912,894.8400000000001,0.0,0.0,12,5,FULL,r102C15,1,30
0.023234083165943352,1.0464548491271681,0.04356303483591693,0.998105856583831,901.0900000000001,0.0,0.0,12,5,FULL,r102C15,1,31
0.07622457282343369,1.1764500755550389,0.1381902384515481,0.981261302323962,860.3000000000001,0.0,0.0,15,5,FULL,r102C15,1,32
0.07050587833552839,1.1492024001170789,0.126541146730523,0.9842397024981391,819.96,0.0,0.0,9,5,FULL,r102C15,1,33
0.08100333791478498,1.1666748478303552,0.1478063186050399,0.9786203667806581,814.88,0.0,0.0,7,5,FULL,r102C15,1,34
0.08591997754967676,1.1922416863646665,0.16037837562411233,0.9749237679967504,926.49,0.0,0.0,7,5,FULL,r102C15,1,35
0.08663295704877232,1.18940543995617,0.1581686145508345,0.9755932798699952,876.1099999999999,0.0,0.0,10,5,FULL,r102C15,1,36
0.09637051569506738,1.2168932174887894,0.1739122798184315,0.9706424520880368,856.3199999999999,0.0,0.0,8,5,FULL,r102C15,1,37
0.0804758111624448,1.173171897403218,0.15854129442822135,0.9754809526037974,941.55,0.0,0.0,10,5,FULL,r102C15,1,38
0.08349315481575274,1.2207948857125626,0.1478440067973429,0.9786096957238288,829.05,0.0,0.0,8,5,FULL,r102C15,1,4
0.04180749448934602,1.0685502387950037,0.08176085380726526,0.993359553091328,871.04,0.0,0.0,8,5,FULL,r102C15,1,5
0.07112601561972501,1.1726609799464336,0.13205160653056996,0.9828612326414878,888.6200000000001,0.0,0.0,13,5,FULL,r102C15,1,6
0.04180749448934602,1.0685502387950037,0.08176085380726526,0.993359553091328,871.04,0.0,0.0,9,5,FULL,r102C15,1,7
0.07122158289268654,1.156068654995154,0.12686091452147283,0.9841612129218557,815.09,0.0,0.0,7,5,FULL,r102C15,1,8
0.07158823529411755,1.154779411764706,0.12771240157611896,0.9839513040570307,816.0,0.0,0.0,6,5,FULL,r102C15,1,9
0.057242906133788386,1.1307094589706117,0.11262010805267955,0.9874755623215571,3455.4500000000003,0.0,0.0,21,17,FULL,r102_21,2,1
0.04908017949322782,1.1293335587055862,0.08668117905648777,0.9925424067697549,3431.36,0.0,0.0,25,17,FULL,r102_21,2,10
0.044697739988278494,1.1192527830137333,0.07979512083047187,0.9936730241998617,3490.82,0.0,0.0,21,17,FULL,r102_21,2,11
0.03542136644917762,1.088294044876233,0.06268544012698511,0.9960859158504255,3524.3599999999997,0.0,0.0,21,17,FULL,r102_21,2,12
0.04055173906719849,1.102737047898338,0.07162626699915639,0.9948958637389508,3478.2000000000003,0.0,0.0,30,17,FULL,r102_21,2,13
0.05609671885577286,1.128596270277765,0.1121840779337574,0.9875711530201446,3461.9199999999996,0.0,0.0,19,17,FULL,r102_21,2,14
0.035541935732376455,1.0872544100597268,0.0640566756933225,0.9959135102197807,3527.73,0.0,0.0,32,17,FULL,r102_21,2,15
0.02577634128398768,1.0762289309093767,0.045849144971166406,0.9979022656452989,3563.8700000000003,0.0,0.0,32,17,FULL,r102_21,2,16
0.037397167487072294,1.0845437175563484,0.06638745833849032,0.9956120443885349,3548.46,0.0,0.0,24,17,FULL,r102_21,2,17
0.028704913711391854,1.075604188516913,0.05043481175573052,0.9974627836049924,3565.94,0.0,0.0,32,17,FULL,r102_21,2,18
0.028704913711391854,1.075604188516913,0.05043481175573052,0.9974627836049924,3565.94,0.0,0.0,33,17,FULL,r102_21,2,19
0.053877290387486246,1.1196697540062819,0.10935491642337583,0.9881828179983666,3489.52,0.0,0.0,20,17,FULL,r102_21,2,2
0.028704913711391854,1.075604188516913,0.05043481175573052,0.9974627836049924,3565.94,0.0,0.0,33,17,FULL,r102_21,2,20
0.04486160501711384,1.1101226584231418,0.08082305002770325,0.9935100294434324,3519.5299999999997,0.0,0.0,21,17,FULL,r102_21,2,21
0.04425108667534725,1.111369958868807,0.07990574118240239,0.9936555811801198,3515.58,0.0,0.0,21,17,FULL,r102_21,2,22
0.044431068513284,1.1148869022311378,0.07989151598571284,0.9936578255805024,3504.49,0.0,0.0,21,17,FULL,r102_21,2,23
0.04425108667534725,1.111369958868807,0.0799057411824024,0.9936555811801198,3515.58,0.0,0.0,21,17,FULL,r102_21,2,24
0.03759393224491515,1.088510242191358,0.06664872593691334,0.9955775919006873,3523.6600000000003,0.0,0.0,26,17,FULL,r102_21,2,25
0.03930841723023929,1.0940493236960254,0.06930862803622852,0.9952192791611182,3505.82,0.0,0.0,27,17,FULL,r102_21,2,26
0.038732590185263864,1.095521134725844,0.06886854085296976,0.9952795127660119,3501.11,0.0,0.0,22,17,FULL,r102_21,2,27
0.05657763390456025,1.13087964155569,0.11123600259557757,0.9877777827001035,3454.93,0.0,0.0,18,17,FULL,r102_21,2,28
0.052795308106925926,1.1243708506358403,0.1076287652199691,0.9885487001942378,3474.93,0.0,0.0,19,17,FULL,r102_21,2,29
0.044431068513284,1.1148869022311378,0.07989151598571284,0.9936578255805024,3504.49,0.0,0.0,23,17,FULL,r102_21,2,3
0.0374312416006861,1.0979483993965713,0.06777247872224762,0.9954278913207816,3493.3700000000003,0.0,0.0,25,17,FULL,r102_21,2,30
0.04000134433322177,1.1012078563779237,0.0735569809470001,0.9946184879216778,3483.03,0.0,0.0,26,17,FULL,r102_21,2,31
0.035200144665869966,1.0837338487054948,0.06373063764911109,0.9959548356408365,3539.19,0.0,0.0,35,17,FULL,r102_21,2,32
0.03529451674828282,1.0903498654363706,0.06191471055152169,0.996181207695585,3537.36,0.0,0.0,21,17,FULL,r102_21,2,33
0.049840773032249534,1.1064972680433192,0.1043451697957314,0.9892293553974085,3466.3799999999997,0.0,0.0,20,17,FULL,r102_21,2,34
0.03946395480013574,1.0942865457367348,0.07003282647594428,0.995119340880811,3505.06,0.0,0.0,22,17,FULL,r102_21,2,35
0.04514749717409175,1.1187560310047333,0.08060726440580657,0.9935444142937458,3492.37,0.0,0.0,21,17,FULL,r102_21,2,36
0.0397390285846486,1.100304369902665,0.07002749885842358,0.9951200798032008,3485.89,0.0,0.0,21,17,FULL,r102_21,2,37
0.04152117943749691,1.10167914198889,0.07305404130269476,0.9946914382749925,3481.54,0.0,0.0,22,17,FULL,r102_21,2,38
0.04552319458486978,1.1179557465656806,0.08234848928692673,0.9932644022439956,3494.87,0.0,0.0,23,17,FULL,r102_21,2,39
0.04033749145677595,1.1095252274796572,0.07366461648110056,0.9946028119884006,3492.62,0.0,0.0,25,17,FULL,r102_21,2,4
0.05602628023004536,1.1296633079380682,0.11081905248594749,0.9878681274633196,3458.65,0.0,0.0,18,17,FULL,r102_21,2,40
0.056105264973984915,1.1181644737033154,0.11068833535438648,0.987896384791437,3443.59,0.0,0.0,20,17,FULL,r102_21,2,41
0.05602628023004536,1.1296633079380682,0.11081905248594749,0.9878681274633196,3458.65,0.0,0.0,18,17,FULL,r102_21,2,42
0.034967596068034325,1.0899238155318562,0.06382149477790001,0.9959433403223443,3519.09,0.0,0.0,24,17,FULL,r102_21,2,5
0.05002638333585974,1.1211798600788563,0.0895990528085912,0.9920359450910756,3484.82,0.0,0.0,20,17,FULL,r102_21,2,6
0.040403794157685226,1.1038700523508977,0.07123828115977968,0.9949507317917834,3474.63,0.0,0.0,30,17,FULL,r102_21,2,7
0.055770729584666494,1.1285669307714306,0.11063752427340733,0.9879073601372069,3462.01,0.0,0.0,20,17,FULL,r102_21,2,8
0.03542136644917762,1.088294044876233,0.06268544012698511,0.9960859158504255,3524.3599999999997,0.0,0.0,22,17,FULL,r102_21,2,9
0.036887816646562044,1.0737756332931243,0.07377563329312421,0.9945866201147933,414.5,0.0,0.0,3,2,FULL,r103C10,1,1
0.04027485694722932,1.0805497138944589,0.08054971389445884,0.9935535696843283,408.94,0.0,0.0,4,2,FULL,r103C10,1,10
0.011244663203981098,1.0224893264079624,0.02248932640796239,0.9994944858714974,367.73,0.0,0.0,5,2,FULL,r103C10,1,11
0.012080189578623335,1.0241603791572467,0.024160379157246763,0.9994166166138158,367.13,0.0,0.0,3,2,FULL,r103C10,1,12
0.007326550989017022,1.0146531019780338,0.014653101978033859,0.999785332694368,370.57,0.0,0.0,5,2,FULL,r103C10,1,13
0.00025253196523022936,1.0005050639304607,0.0005050639304606655,0.9999997449104913,376.19,0.0,0.0,6,2,FULL,r103C10,1,14
0.031053439651329562,1.0621068793026596,0.06210687930265956,0.9961575568626257,403.82,0.0,0.0,2,2,FULL,r103C10,1,15
0.04027485694722932,1.0805497138944589,0.08054971389445884,0.9935535696843283,408.94,0.0,0.0,3,2,FULL,r103C10,1,2
0.043877526263434996,1.08775505252687,0.08775505252686996,0.9923579021635622,412.16999999999996,0.0,0.0,4,2,FULL,r103C10,1,3
0.043877526263434996,1.08775505252687,0.08775505252686996,0.9923579021635622,412.16999999999996,0.0,0.0,6,2,FULL,r103C10,1,4
0.030109575988565895,1.060219151977132,0.06021915197713198,0.9963867566068377,419.79999999999995,0.0,0.0,3,2,FULL,r103C10,1,5
0.04027485694722932,1.0805497138944589,0.08054971389445884,0.9935535696843283,408.94,0.0,0.0,5,2,FULL,r103C10,1,6
0.004786099895658369,1.009572199791317,0.009572199791316969,0.9999083813858948,440.86,0.0,0.0,3,2,FULL,r103C10,1,7
0.01153678711362649,1.023073574227253,0.02307357422725291,0.9994678934604879,367.52,0.0,0.0,3,2,FULL,r103C10,1,8
0.004040264117836978,1.0080805282356744,0.008080528235674378,0.9999347093265828,433.14,0.0,0.0,6,2,FULL,r103C10,1,9
0.030208301145707876,1.104720508409983,0.05425449635613765,0.9970650886844449,2912.61,0.0,0.0,19,14,FULL,r103_21,9,1
0.034651362004390104,1.078975746794057,0.06199542307157461,0.9961712829337132,2911.7800000000007,0.0,0.0,21,14,FULL,r103_21,9,10
0.028946749822224227,1.074865573815638,0.05232094190741376,0.9972699923818026,2904.9400000000005,0.0,0.0,21,14,FULL,r103_21,9,11
0.028946749822224227,1.074865573815638,0.05232094190741376,0.9972699923818026,2904.9400000000005,0.0,0.0,21,14,FULL,r103_21,9,12
0.041291976344880056,1.1206299673314155,0.07663744194187865,0.9941609966961555,2871.26,0.0,0.0,21,14,FULL,r103_21,9,13
0.0369084257109701,1.1015059343879554,0.06731030528379206,0.9954897572565552,2921.11,0.0,0.0,22,14,FULL,r103_21,9,14
0.028946749822224227,1.074865573815638,0.05232094190741376,0.9972699923818026,2904.9400000000005,0.0,0.0,21,14,FULL,r103_21,9,15
0.028806338041989527,1.0723479957139324,0.05170691049296784,0.9973335245083932,2911.76,0.0,0.0,20,14,FULL,r103_21,9,16
0.028943945433041636,1.0748618736983424,0.05231514239773229,0.9972705959113296,2904.9500000000003,0.0,0.0,20,14,FULL,r103_21,9,17
0.027125945944087477,1.0735610131787503,0.04774589084850033,0.9977255149825542,2908.4700000000003,0.0,0.0,21,14,FULL,r103_21,9,18
0.02712462474262483,1.0735573220376278,0.0477438398896559,0.9977257099382177,2908.48,0.0,0.0,21,14,FULL,r103_21,9,19
0.0257249292018019,1.0651743041649469,0.046530139350190125,0.9978396234636281,2931.37,0.0,0.0,26,14,FULL,r103_21,9,2
0.02967025458698228,1.076179901952411,0.0521820241587439,0.9972844307510377,2927.1500000000005,0.0,0.0,26,14,FULL,r103_21,9,20
0.025816915354935816,1.0661453887390309,0.04692709532902802,0.9978026865428112,2928.7000000000003,0.0,0.0,26,14,FULL,r103_21,9,21
0.02679322545374812,1.0721381162162253,0.047191600846446816,0.9977779015277095,2912.3300000000004,0.0,0.0,22,14,FULL,r103_21,9,22
0.03368341171104561,1.1070199823846747,0.05954183187087466,0.996467294510035,2906.56,0.0,0.0,21,14,FULL,r103_21,9,23
0.026424096593629924,1.0724363906138374,0.046793687151966246,0.9978151349306819,2911.52,0.0,0.0,22,14,FULL,r103_21,9,24
0.03595984866704617,1.1122972099406452,0.06466803881938067,0.9958354606723385,2892.77,0.0,0.0,20,14,FULL,r103_21,9,25
0.036312476003119265,1.114412180321964,0.06502911143218358,0.9957890219883965,2887.2799999999997,0.0,0.0,21,14,FULL,r103_21,9,26
0.02917445320853191,1.08081752650957,0.051250353673206246,0.9973802821958853,2898.01,0.0,0.0,21,14,FULL,r103_21,9,27
0.026357058422121833,1.0792346138159397,0.046692357747106755,0.9978245665563911,2893.18,0.0,0.0,26,14,FULL,r103_21,9,3
0.024530030308050805,1.065018077631489,0.04415323771455744,0.9980542847874742,2931.8,0.0,0.0,25,14,FULL,r103_21,9,4
0.0257249292018019,1.0651743041649469,0.046530139350190125,0.9978396234636283,2931.37,0.0,0.0,25,14,FULL,r103_21,9,5
0.028946749822224227,1.074865573815638,0.05232094190741376,0.9972699923818026,2904.9400000000005,0.0,0.0,19,14,FULL,r103_21,9,6
0.028946749822224227,1.074865573815638,0.05232094190741376,0.9972699923818026,2904.9400000000005,0.0,0.0,19,14,FULL,r103_21,9,7
0.028946749822224227,1.074865573815638,0.05232094190741376,0.9972699923818026,2904.9400000000005,0.0,0.0,19,14,FULL,r103_21,9,8
0.028946749822224227,1.074865573815638,0.05232094190741376,0.9972699923818026,2904.9400000000005,0.0,0.0,19,14,FULL,r103_21,9,9
0.09882932840418968,1.1976586568083794,0.19765865680837952,0.9624000459123451,324.6,0.0,0.0,2,2,FULL,r104C5,1,1
0.09882932840418968,1.1976586568083794,0.19765865680837952,0.9624000459123451,324.6,0.0,0.0,4,2,FULL,r104C5,1,2
0.09882932840418968,1.1976586568083794,0.19765865680837952,0.9624000459123451,324.6,0.0,0.0,4,2,FULL,r104C5,1,3
0.041823541806644826,1.0888532841404701,0.074825746330392,0.9944322807466335,2515.27,0.0,0.0,14,12,FULL,r104_21,5,1
0.0177256055048652,1.036936554609112,0.035792350104488814,0.9987205467717104,2639.1200000000003,0.0,0.0,24,12,FULL,r104_21,5,10
0.016919808509410956,1.050014419472055,0.02973648748878743,0.999116522534454,2600.65,0.0,0.0,36,12,FULL,r104_21,5,11
0.03392298763522502,1.0975624416456624,0.06457543531209033,0.9958473297346353,2495.53,0.0,0.0,19,12,FULL,r104_21,5,12
0.03556483560582372,1.0846015848688977,0.06372972470817462,0.9959549510651152,2525.13,0.0,0.0,17,12,FULL,r104_21,5,13
0.013108420207896229,1.0369187065077745,0.02293570284841963,0.9994742301142389,2654.21,0.0,0.0,21,12,FULL,r104_21,5,14
0.013108420207896229,1.0369187065077745,0.02293570284841963,0.9994742301142389,2654.21,0.0,0.0,21,12,FULL,r104_21,5,15
0.013108420207896229,1.0369187065077745,0.02293570284841963,0.9994742301142389,2654.21,0.0,0.0,21,12,FULL,r104_21,5,16
0.03747977185303094,1.09241543971349,0.06679695655205205,0.9955579861212911,2513.0,0.0,0.0,20,12,FULL,r104_21,5,17
0.011018977302151475,1.0246385664834046,0.021344903191253477,0.9995446025890443,2651.94,0.0,0.0,31,12,FULL,r104_21,5,18
0.011018977302151475,1.0246385664834046,0.021344903191253477,0.9995446025890443,2651.94,0.0,0.0,31,12,FULL,r104_21,5,19
0.041823541806644826,1.0888532841404701,0.074825746330392,0.9944322807466335,2515.27,0.0,0.0,14,12,FULL,r104_21,5,2
0.010933406216425171,1.0243643149303525,0.021293203457006922,0.9995468049653999,2652.65,0.0,0.0,32,12,FULL,r104_21,5,20
0.008516382285924587,1.0216951548740778,0.01515229451055405,0.9997704606714658,2659.5800000000004,0.0,0.0,33,12,FULL,r104_21,5,21
0.008516382285924587,1.0216951548740778,0.01515229451055405,0.9997704606714658,2659.5800000000004,0.0,0.0,34,12,FULL,r104_21,5,22
0.008516382285924587,1.0216951548740778,0.01515229451055405,0.9997704606714658,2659.5800000000004,0.0,0.0,34,12,FULL,r104_21,5,23
0.038545119405375715,1.092019643453404,0.07130708461198244,0.9949410230657548,2455.7799999999997,0.0,0.0,15,12,FULL,r104_21,5,24
0.02468238970715575,1.0589498558678525,0.04426046879326082,0.9980448410372932,2598.31,0.0,0.0,15,12,FULL,r104_21,5,25
0.026674357433222735,1.061124144483006,0.048363779411163196,0.9976664032525792,2578.85,0.0,0.0,15,12,FULL,r104_21,5,26
0.030107246493093303,1.0584185822602,0.0562347272846024,0.9968476243452065,2492.7,0.0,0.0,18,12,FULL,r104_21,5,27
0.030107246493093303,1.0584185822602,0.0562347272846024,0.9968476243452065,2492.7,0.0,0.0,18,12,FULL,r104_21,5,28
0.042490961907488245,1.0879902038739226,0.07682712233747115,0.9941322272546657,2515.2799999999997,0.0,0.0,13,12,FULL,r104_21,5,29
0.03996941114796663,1.0931995353794202,0.0716540871511543,0.994891918260524,2505.27,0.0,0.0,14,12,FULL,r104_21,5,3
0.038174585273378504,1.0915593935781147,0.0674586296120396,0.9954699480474768,2482.76,0.0,0.0,17,12,FULL,r104_21,5,30
0.038290239392955026,1.0869057788793568,0.06878147746734946,0.995291384308034,2493.3900000000003,0.0,0.0,17,12,FULL,r104_21,5,31
0.04212273425621508,1.08664952515901,0.07527595500395089,0.9943654585549344,2512.42,0.0,0.0,17,12,FULL,r104_21,5,32
0.0414374870259883,1.100367624902067,0.07280835335520974,0.9947268966992725,2488.9500000000003,0.0,0.0,17,12,FULL,r104_21,5,33
0.008516382285924587,1.0216951548740778,0.01515229451055405,0.9997704606714658,2659.5800000000004,0.0,0.0,34,12,FULL,r104_21,5,34
0.029862972892463535,1.0525660666411338,0.06169348411648613,0.9962083453810642,2506.56,0.0,0.0,17,12,FULL,r104_21,5,35
0.029671209293345324,1.0612369674346764,0.05515112801273683,0.9969675766400986,2486.08,0.0,0.0,17,12,FULL,r104_21,5,36
0.029671209293345324,1.0612369674346764,0.05515112801273683,0.9969675766400986,2486.08,0.0,0.0,17,12,FULL,r104_21,5,37
0.04956279179381351,1.1129305545961716,0.09238999250100233,0.991536334379715,2461.0699999999997,0.0,0.0,17,12,FULL,r104_21,5,38
0.02882181688154528,1.0560418843137962,0.05442557214745126,0.9970466054730618,2498.31,0.0,0.0,21,12,FULL,r104_21,5,39
0.041823541806644826,1.0888532841404701,0.074825746330392,0.9944322807466335,2515.27,0.0,0.0,14,12,FULL,r104_21,5,4
0.034376125212660945,1.0998807358238263,0.06151571080972406,0.9962300833767515,2490.27,0.0,0.0,16,12,FULL,r104_21,5,40
0.034376125212660945,1.0998807358238263,0.06151571080972406,0.9962300833767515,2490.27,0.0,0.0,16,12,FULL,r104_21,5,41
0.034376125212660945,1.0998807358238263,0.06151571080972406,0.9962300833767515,2490.27,0.0,0.0,16,12,FULL,r104_21,5,42
0.04059635085069605,1.1027141669311076,0.07196369460511962,0.9948479081745781,2489.53,0.0,0.0,16,12,FULL,r104_21,5,43
0.04246159857155618,1.0956398593425585,0.07488389855066693,0.9944236715475924,2499.69,0.0,0.0,15,12,FULL,r104_21,5,44
0.022718894241937477,1.0415416780292701,0.042908588651910044,0.9981622366124124,2640.2400000000002,0.0,0.0,25,12,FULL,r104_21,5,5
0.03625765881753207,1.099573169981672,0.0646028800745148,0.9958438138623947,2438.9100000000003,0.0,0.0,16,12,FULL,r104_21,5,6
0.040835040854013314,1.0939156344987078,0.07263950917025892,0.9947511970075312,2503.63,0.0,0.0,15,12,FULL,r104_21,5,7
0.04531761037582527,1.0901622051945463,0.08120863848609768,0.9934483640455167,2512.2500000000005,0.0,0.0,16,12,FULL,r104_21,5,8
0.014859652369424511,1.0394171831273156,0.026083530437223716,0.9993201120021105,2647.83,0.0,0.0,19,12,FULL,r104_21,5,9
0.0508971252701198,1.1092397354462709,0.09349569753463483,0.9913343052406025,763.55,0.0,0.0,5,4,FULL,r105C15,1,1
0.03401694707110425,1.1118261083138892,0.06749103671751915,0.9954656142713327,814.3000000000001,0.0,0.0,7,4,FULL,r105C15,1,10
0.009650793650793688,1.013536507936508,0.021783622705853604,0.9995256988501401,787.5,0.0,0.0,7,4,FULL,r105C15,1,11
0.0508971252701198,1.1092397354462709,0.09349569753463483,0.9913343052406025,763.55,0.0,0.0,7,4,FULL,r105C15,1,12
0.009650793650793688,1.013536507936508,0.021783622705853604,0.9995256988501399,787.5,0.0,0.0,7,4,FULL,r105C15,1,13
0.03401694707110425,1.1118261083138892,0.06749103671751915,0.9954656142713327,814.3000000000001,0.0,0.0,8,4,FULL,r105C15,1,14
0.0508971252701198,1.1092397354462709,0.09349569753463483,0.9913343052406025,763.55,0.0,0.0,8,4,FULL,r105C15,1,15
0.016921074801020897,1.0428637889627945,0.03190300476607952,0.9989832331539331,795.31,0.0,0.0,7,4,FULL,r105C15,1,16
0.0009146265066279913,1.0027814669105672,0.0017239281893218752,0.9999970280804301,798.1399999999999,0.0,0.0,10,4,FULL,r105C15,1,17
0.06437525688450463,1.1649712289354708,0.11684861504025316,0.9865303108946754,778.56,0.0,0.0,9,4,FULL,r105C15,1,18
0.016921074801020897,1.0428637889627945,0.03190300476607952,0.9989832331539331,795.31,0.0,0.0,7,4,FULL,r105C15,1,19
0.05893414289968035,1.1424724570511244,0.1068686450994436,0.9887080569297125,772.43,0.0,0.0,4,4,FULL,r105C15,1,2
0.009650793650793688,1.013536507936508,0.021783622705853604,0.9995256988501401,787.5,0.0,0.0,4,4,FULL,r105C15,1,3
0.05893414289968035,1.1424724570511242,0.10686864509944359,0.988708056929713,772.4300000000001,0.0,0.0,7,4,FULL,r105C15,1,4
0.009650793650793688,1.013536507936508,0.021783622705853604,0.9995256988501401,787.5,0.0,0.0,6,4,FULL,r105C15,1,5
0.03327332604234501,1.1082957519753254,0.0656545928144413,0.9957079753244279,813.79,0.0,0.0,7,4,FULL,r105C15,1,6
0.02223761733572993,1.0643099660475335,0.04216751222779029,0.9982250569371595,801.12,0.0,0.0,9,4,FULL,r105C15,1,7
0.03355063470022235,1.1099450704744585,0.06645668180836764,0.9956029290652829,813.77,0.0,0.0,6,4,FULL,r105C15,1,8
0.016921074801020897,1.0428637889627945,0.03190300476607951,0.9989832331539331,795.31,0.0,0.0,4,4,FULL,r105C15,1,9
0.0721470548038814,1.1442941096077626,0.1442941096077627,0.979603873402578,365.85,0.0,0.0,4,2,FULL,r105C5,1,1
0.0003263216024900206,1.00065264320498,0.0006526432049801468,0.9999995740570286,398.38,0.0,0.0,3,2,FULL,r105C5,1,10
0.06133011531241617,1.1226602306248323,0.12266023062483235,0.9851774805168891,372.9,0.0,0.0,7,2,FULL,r105C5,1,11
0.07475493561053304,1.1495098712210658,0.1495098712210659,0.9781355391094588,364.19,0.0,0.0,4,2,FULL,r105C5,1,2
0.07475493561053304,1.1495098712210658,0.1495098712210659,0.9781355391094588,364.19,0.0,0.0,6,2,FULL,r105C5,1,3
0.0003263216024900206,1.00065264320498,0.0006526432049801468,0.9999995740570286,398.38,0.0,0.0,6,2,FULL,r105C5,1,4
0.0003263216024900206,1.00065264320498,0.0006526432049801468,0.9999995740570286,398.38,0.0,0.0,5,2,FULL,r105C5,1,5
0.0003263216024900206,1.00065264320498,0.0006526432049801468,0.9999995740570286,398.38,0.0,0.0,4,2,FULL,r105C5,1,6
0.0003263216024900206,1.00065264320498,0.0006526432049801468,0.9999995740570286,398.38,0.0,0.0,4,2,FULL,r105C5,1,7
0.0003263216024900206,1.00065264320498,0.0006526432049801468,0.9999995740570286,398.38,0.0,0.0,7,2,FULL,r105C5,1,8
0.07475493561053304,1.1495098712210658,0.1495098712210659,0.9781355391094588,364.19,0.0,0.0,7,2,FULL,r105C5,1,9
0.03957942243534258,1.0889398994271042,0.07168152743157913,0.9948880251855745,3084.33,0.0,0.0,23,15,FULL,r105_21,1,1
0.030245423616403026,1.0781006373935418,0.055063017868726194,0.9969772289114804,3136.21,0.0,0.0,24,15,FULL,r105_21,1,10
0.023717464362154436,1.061832333776995,0.042129307162151554,0.9982282660904999,3163.07,0.0,0.0,26,15,FULL,r105_21,1,11
0.03734862723894364,1.0881942120033987,0.07035370692658036,0.9950747342342205,3107.12,0.0,0.0,24,15,FULL,r105_21,1,12
0.03734862723894364,1.0881942120033987,0.07035370692658036,0.9950747342342205,3107.12,0.0,0.0,24,15,FULL,r105_21,1,13
0.03734862723894364,1.0881942120033987,0.07035370692658036,0.9950747342342205,3107.12,0.0,0.0,24,15,FULL,r105_21,1,14
0.03734862723894364,1.0881942120033987,0.07035370692658036,0.9950747342342205,3107.12,0.0,0.0,24,15,FULL,r105_21,1,15
0.030245423616403026,1.0781006373935418,0.055063017868726194,0.9969772289114804,3136.21,0.0,0.0,24,15,FULL,r105_21,1,16
0.0389554211906462,1.0918178271893897,0.07250962406343024,0.9947698526791333,3076.1999999999994,0.0,0.0,24,15,FULL,r105_21,1,17
0.02939719486720366,1.0779511446476533,0.05239260668094872,0.9972625290824242,3127.5999999999995,0.0,0.0,25,15,FULL,r105_21,1,18
0.02939719486720366,1.0779511446476533,0.05239260668094872,0.9972625290824242,3127.5999999999995,0.0,0.0,25,15,FULL,r105_21,1,19
0.03957942243534258,1.0889398994271042,0.07168152743157913,0.9948880251855745,3084.33,0.0,0.0,23,15,FULL,r105_21,1,2
0.0389554211906462,1.0918178271893897,0.07250962406343024,0.9947698526791333,3076.1999999999994,0.0,0.0,22,15,FULL,r105_21,1,20
0.02912337824391038,1.0802592048629585,0.0526150490851211,0.9972392991776448,3138.8300000000004,0.0,0.0,25,15,FULL,r105_21,1,21
0.026980893569409047,1.0625336305634558,0.05100387152964794,0.9974053547858432,3122.1600000000003,0.0,0.0,26,15,FULL,r105_21,1,22
0.026980893569409047,1.0625336305634558,0.05100387152964794,0.9974053547858432,3122.1600000000003,0.0,0.0,26,15,FULL,r105_21,1,23
0.026980893569409047,1.0625336305634558,0.05100387152964794,0.9974053547858432,3122.1600000000003,0.0,0.0,26,15,FULL,r105_21,1,24
0.026980893569409047,1.0625336305634558,0.05100387152964794,0.9974053547858432,3122.1600000000003,0.0,0.0,26,15,FULL,r105_21,1,25
0.026980893569409047,1.0625336305634558,0.05100387152964794,0.9974053547858432,3122.1600000000003,0.0,0.0,26,15,FULL,r105_21,1,26
0.026980893569409047,1.0625336305634558,0.05100387152964794,0.9974053547858432,3122.1600000000003,0.0,0.0,26,15,FULL,r105_21,1,27
0.026980893569409047,1.0625336305634558,0.05100387152964794,0.9974053547858432,3122.1600000000003,0.0,0.0,26,15,FULL,r105_21,1,28
0.028524765405258043,1.0575172857885156,0.05353607743481966,0.9971420795318623,3136.9700000000007,0.0,0.0,30,15,FULL,r105_21,1,29
0.03435023005838443,1.076247921741484,0.06528738259389588,0.9957556489754912,3103.56,0.0,0.0,24,15,FULL,r105_21,1,3
0.028524765405258043,1.0575172857885156,0.05353607743481966,0.9971420795318623,3136.9700000000007,0.0,0.0,30,15,FULL,r105_21,1,30
0.028524765405258043,1.0575172857885156,0.05353607743481966,0.9971420795318623,3136.9700000000007,0.0,0.0,30,15,FULL,r105_21,1,31
0.027621284749409607,1.0558982487634396,0.052364231287095664,0.9972654853556449,3141.78,0.0,0.0,32,15,FULL,r105_21,1,32
0.03757104059834605,1.0928267433688212,0.06999499830898637,0.9951245863249107,3073.3599999999997,0.0,0.0,23,15,FULL,r105_21,1,33
0.02911444827432407,1.0801800539014863,0.052605816526360656,0.9972402652800002,3139.0600000000004,0.0,0.0,25,15,FULL,r105_21,1,34
0.02696381349812095,1.0850990293871985,0.04970463130543627,0.9975355382038015,3124.830000000001,0.0,0.0,26,15,FULL,r105_21,1,35
0.03174488529188899,1.0829638705724927,0.05777261986317447,0.9966734274143154,3101.35,0.0,0.0,24,15,FULL,r105_21,1,36
0.03174488529188899,1.0829638705724927,0.05777261986317447,0.9966734274143154,3101.35,0.0,0.0,24,15,FULL,r105_21,1,37
0.03174488529188899,1.0829638705724927,0.05777261986317447,0.9966734274143154,3101.35,0.0,0.0,24,15,FULL,r105_21,1,38
0.03174488529188899,1.0829638705724927,0.05777261986317447,0.9966734274143154,3101.35,0.0,0.0,24,15,FULL,r105_21,1,39
0.03957942243534258,1.0889398994271042,0.07168152743157913,0.9948880251855745,3084.33,0.0,0.0,23,15,FULL,r105_21,1,4
0.03174488529188899,1.0829638705724927,0.05777261986317447,0.9966734274143154,3101.35,0.0,0.0,24,15,FULL,r105_21,1,40
0.03174488529188899,1.0829638705724927,0.05777261986317447,0.9966734274143154,3101.35,0.0,0.0,24,15,FULL,r105_21,1,41
0.03174488529188899,1.0829638705724927,0.05777261986317447,0.9966734274143154,3101.35,0.0,0.0,24,15,FULL,r105_21,1,42
0.02660719032535101,1.0539893946566605,0.05114543851984161,0.9973909689677839,3147.4700000000007,0.0,0.0,33,15,FULL,r105_21,1,43
0.03851170277560267,1.0958790133124507,0.06967750815917804,0.9951685015649053,3064.8000000000006,0.0,0.0,21,15,FULL,r105_21,1,44
0.03851170277560267,1.0958790133124507,0.06967750815917804,0.9951685015649053,3064.8000000000006,0.0,0.0,21,15,FULL,r105_21,1,45
0.03851170277560267,1.0958790133124507,0.06967750815917804,0.9951685015649053,3064.8000000000006,0.0,0.0,21,15,FULL,r105_21,1,46
0.04906842207637515,1.1094683285361169,0.08933858102188005,0.9920818159927722,3050.38,0.0,0.0,19,15,FULL,r105_21,1,47
0.03851170277560267,1.0958790133124507,0.06967750815917804,0.9951685015649053,3064.8000000000006,0.0,0.0,21,15,FULL,r105_21,1,48
0.026455818200263673,1.051727198944912,0.05145155681464768,0.997359726798111,3154.2400000000007,0.0,0.0,35,15,FULL,r105_21,1,49
0.03957942243534258,1.0889398994271042,0.07168152743157913,0.9948880251855745,3084.33,0.0,0.0,23,15,FULL,r105_21,1,5
0.02549066084130362,1.0583187592489383,0.04926541667149618,0.9975787951810743,3121.98,0.0,0.0,25,15,FULL,r105_21,1,50
0.025980707945125657,1.058953049732221,0.05001244658865998,0.9975049958025257,3120.11,0.0,0.0,27,15,FULL,r105_21,1,51
0.04791049298648045,1.1106225038641906,0.08500501966094011,0.9928259850127973,3047.21,0.0,0.0,19,15,FULL,r105_21,1,52
0.04791049298648045,1.1106225038641906,0.08500501966094011,0.9928259850127973,3047.21,0.0,0.0,19,15,FULL,r105_21,1,53
0.046319350207485024,1.1093083171081872,0.08135478216746143,0.9934249172648991,3050.82,0.0,0.0,19,15,FULL,r105_21,1,54
0.04784288312348555,1.1076491053515263,0.08595226487269715,0.9926663873667994,3055.3900000000003,0.0,0.0,22,15,FULL,r105_21,1,55
0.02912337824391038,1.0802592048629585,0.0526150490851211,0.9972392991776448,3138.8300000000004,0.0,0.0,25,15,FULL,r105_21,1,56
0.02549066084130362,1.0583187592489383,0.04926541667149618,0.9975787951810743,3121.98,0.0,0.0,26,15,FULL,r105_21,1,57
0.02549066084130362,1.0583187592489383,0.04926541667149618,0.9975787951810743,3121.98,0.0,0.0,26,15,FULL,r105_21,1,58
0.02549066084130362,1.0583187592489383,0.04926541667149618,0.9975787951810743,3121.98,0.0,0.0,26,15,FULL,r105_21,1,59
0.03490273677836508,1.083530671164888,0.06886426528395756,0.9952800961059347,3082.7,0.0,0.0,25,15,FULL,r105_21,1,6
0.031644186608653514,1.0824752235919748,0.05782381242094885,0.9966675490776269,3102.7500000000005,0.0,0.0,26,15,FULL,r105_21,1,60
0.02549066084130362,1.0583187592489383,0.04926541667149618,0.9975787951810743,3121.98,0.0,0.0,26,15,FULL,r105_21,1,61
0.02549066084130362,1.0583187592489383,0.04926541667149618,0.9975787951810743,3121.98,0.0,0.0,26,15,FULL,r105_21,1,62
0.02549066084130362,1.0583187592489383,0.04926541667149618,0.9975787951810743,3121.98,0.0,0.0,26,15,FULL,r105_21,1,63
0.02549066084130362,1.0583187592489383,0.04926541667149618,0.9975787951810743,3121.98,0.0,0.0,26,15,FULL,r105_21,1,64
0.02549066084130362,1.0583187592489383,0.04926541667149618,0.9975787951810743,3121.98,0.0,0.0,26,15,FULL,r105_21,1,65
0.02549066084130362,1.0583187592489383,0.04926541667149618,0.9975787951810743,3121.98,0.0,0.0,26,15,FULL,r105_21,1,66
0.02551941567792255,1.054281975939055,0.050376754310717906,0.9974686068386649,3141.19,0.0,0.0,29,15,FULL,r105_21,1,67
0.04716503916283562,1.1179442954296543,0.08275191412645473,0.9931986952225492,3049.6600000000003,0.0,0.0,20,15,FULL,r105_21,1,68
0.04766610235422384,1.1125063690603374,0.08376777956121319,0.9930318548667304,3042.0500000000006,0.0,0.0,19,15,FULL,r105_21,1,69
0.03961435238952736,1.0956931087129569,0.07344187411933402,0.994635227148775,3065.3199999999993,0.0,0.0,22,15,FULL,r105_21,1,7
0.04766610235422384,1.1125063690603374,0.08376777956121319,0.9930318548667304,3042.0500000000006,0.0,0.0,19,15,FULL,r105_21,1,70
0.04766610235422384,1.1125063690603374,0.08376777956121319,0.9930318548667304,3042.0500000000006,0.0,0.0,19,15,FULL,r105_21,1,71
0.02549066084130362,1.0583187592489383,0.04926541667149618,0.9975787951810743,3121.98,0.0,0.0,25,15,FULL,r105_21,1,72
0.024965443367211057,1.0530071486528523,0.048417029531457226,0.9976612737139706,3118.0700000000006,0.0,0.0,24,15,FULL,r105_21,1,73
0.02119188401359876,1.0471402055148396,0.044110579199349007,0.9980580353671716,3135.54,0.0,0.0,26,15,FULL,r105_21,1,74
0.024912227922562143,1.0574415039509435,0.04837708293075347,0.9976651222599079,3124.57,0.0,0.0,29,15,FULL,r105_21,1,75
0.02358363283017854,1.05552272182733,0.04663795384489784,0.9978296220475088,3130.2500000000005,0.0,0.0,30,15,FULL,r105_21,1,76
0.02358363283017854,1.05552272182733,0.04663795384489784,0.9978296220475088,3130.2500000000005,0.0,0.0,30,15,FULL,r105_21,1,77
0.02358363283017854,1.05552272182733,0.04663795384489784,0.9978296220475088,3130.2500000000005,0.0,0.0,30,15,FULL,r105_21,1,78
0.02358363283017854,1.05552272182733,0.04663795384489784,0.9978296220475088,3130.2500000000005,0.0,0.0,30,15,FULL,r105_21,1,79
0.034456972562448604,1.0831687599108875,0.06763867950819877,0.9954458442557725,3083.729999999999,0.0,0.0,23,15,FULL,r105_21,1,8
0.02358363283017854,1.05552272182733,0.04663795384489784,0.9978296220475088,3130.2500000000005,0.0,0.0,30,15,FULL,r105_21,1,80
0.02358363283017854,1.05552272182733,0.04663795384489784,0.9978296220475088,3130.2500000000005,0.0,0.0,30,15,FULL,r105_21,1,81
0.02358363283017854,1.05552272182733,0.04663795384489784,0.9978296220475088,3130.2500000000005,0.0,0.0,31,15,FULL,r105_21,1,82
0.04766610235422384,1.1125063690603374,0.08376777956121319,0.9930318548667304,3042.0500000000006,0.0,0.0,19,15,FULL,r105_21,1,83
0.04766610235422384,1.1125063690603374,0.08376777956121319,0.9930318548667304,3042.0500000000006,0.0,0.0,19,15,FULL,r105_21,1,84
0.04766610235422384,1.1125063690603374,0.08376777956121319,0.9930318548667304,3042.0500000000006,0.0,0.0,19,15,FULL,r105_21,1,85
0.022650214386586025,1.0490405321643776,0.045997208655113496,0.9978887237143915,3129.8600000000006,0.0,0.0,23,15,FULL,r105_21,1,86
0.024965443367211057,1.0530071486528523,0.048417029531457226,0.9976612737139706,3118.0700000000006,0.0,0.0,23,15,FULL,r105_21,1,87
0.024965443367211057,1.0530071486528523,0.048417029531457226,0.9976612737139706,3118.0700000000006,0.0,0.0,23,15,FULL,r105_21,1,88
0.024965443367211057,1.0530071486528523,0.048417029531457226,0.9976612737139706,3118.0700000000006,0.0,0.0,23,15,FULL,r105_21,1,89
0.029913246632870975,1.073275328459739,0.0544121695249902,0.9970480555827567,3150.31,0.0,0.0,30,15,FULL,r105_21,1,9
0.024965443367211057,1.0530071486528523,0.048417029531457226,0.9976612737139706,3118.0700000000006,0.0,0.0,23,15,FULL,r105_21,1,90
0.024965443367211057,1.0530071486528523,0.048417029531457226,0.9976612737139706,3118.0700000000006,0.0,0.0,23,15,FULL,r105_21,1,91
0.024965443367211057,1.0530071486528523,0.048417029531457226,0.9976612737139706,3118.0700000000006,0.0,0.0,23,15,FULL,r105_21,1,92
0.031124252223467628,1.0817744366714337,0.056919878035406664,0.9967705903599685,3104.7599999999998,0.0,0.0,25,15,FULL,r105_21,1,93
0.030342258659105305,1.0772776259574306,0.05678473506249723,0.9967858578848545,3117.72,0.0,0.0,26,15,FULL,r105_21,1,94
0.02358363283017854,1.05552272182733,0.04663795384489784,0.9978296220475088,3130.2500000000005,0.0,0.0,30,15,FULL,r105_21,1,95
0.024965443367211057,1.0530071486528523,0.048417029531457226,0.9976612737139706,3118.0700000000006,0.0,0.0,24,15,FULL,r105_21,1,96
0.02343182333788126,1.0491310363338326,0.047740456953469276,0.9977260314880053,3129.59,0.0,0.0,26,15,FULL,r105_21,1,97
0.04941000425657016,1.1138281486552308,0.08730319338513146,0.9924358055617961,3038.4400000000005,0.0,0.0,19,15,FULL,r105_21,1,98
0.04941000425657016,1.1138281486552308,0.08730319338513146,0.9924358055617961,3038.4400000000005,0.0,0.0,19,15,FULL,r105_21,1,99
0.04303190795898474,1.0907881925479113,0.07927842587669695,0.9937541865577689,2947.63,0.0,0.0,24,14,FULL,r106_21,10,1
0.034394587031109126,1.0714611565812424,0.06148899925521558,0.9962333443079093,2981.2000000000003,0.0,0.0,23,14,FULL,r106_21,10,10
0.03206582654158056,1.0696348981512176,0.05815846275623087,0.9966289953189555,2986.2900000000004,0.0,0.0,23,14,FULL,r106_21,10,11
0.040392404484455725,1.0761419591230732,0.07397178465723281,0.9945579530030273,2936.6200000000003,0.0,0.0,25,14,FULL,r106_21,10,12
0.039782364875014915,1.0754644423798778,0.0726606266560086,0.9947481607692942,2938.4700000000003,0.0,0.0,25,14,FULL,r106_21,10,13
0.03621529935928347,1.0708399409045934,0.06823992094530242,0.9953648974104733,2951.16,0.0,0.0,26,14,FULL,r106_21,10,14
0.030786048109169833,1.0694680822324878,0.05647351092369101,0.9968208815909778,2961.36,0.0,0.0,28,14,FULL,r106_21,10,15
0.028204352806855786,1.0675466597453729,0.05075319446395016,0.9974307313966525,2966.69,0.0,0.0,29,14,FULL,r106_21,10,16
0.03759500350054802,1.0838000322373769,0.06745478286067837,0.9954704623347475,2915.87,0.0,0.0,21,14,FULL,r106_21,10,17
0.03851925027771687,1.0955444282969096,0.06840559080925991,0.9953424692454539,2903.78,0.0,0.0,22,14,FULL,r106_21,10,18
0.030700747937314126,1.0756247728947557,0.06057271108280672,0.9963443594123429,2944.67,0.0,0.0,22,14,FULL,r106_21,10,19
0.039336071045657714,1.0769593861050983,0.07409847948349951,0.9945393972399917,2965.9800000000005,0.0,0.0,22,14,FULL,r106_21,10,2
0.034395577041232785,1.094128140946744,0.06048362312247708,0.9963550654837089,2892.44,0.0,0.0,30,14,FULL,r106_21,10,20
0.03474668128331133,1.092937881398955,0.0611782324701479,0.9962711800102723,2895.59,0.0,0.0,31,14,FULL,r106_21,10,21
0.034719040896142035,1.0924097080072763,0.06120171529400671,0.9962683275836897,2896.9900000000007,0.0,0.0,32,14,FULL,r106_21,10,22
0.028148134209354074,1.0696739721493251,0.051872937486549135,0.9973164193397673,2960.79,0.0,0.0,28,14,FULL,r106_21,10,23
0.028148134209354074,1.0696739721493251,0.051872937486549135,0.9973164193397673,2960.79,0.0,0.0,28,14,FULL,r106_21,10,24
0.033612152050429146,1.0712804640857814,0.06357691479259903,0.9959742480916667,2956.35,0.0,0.0,28,14,FULL,r106_21,10,25
0.033612152050429146,1.0712804640857814,0.06357691479259903,0.9959742480916667,2956.35,0.0,0.0,29,14,FULL,r106_21,10,26
0.030309555099220602,1.0726991911774666,0.05706582350726608,0.9967540622105067,2952.4400000000005,0.0,0.0,31,14,FULL,r106_21,10,27
0.040792900943499334,1.0748060552262206,0.07491115025535655,0.9944196347936547,2940.27,0.0,0.0,23,14,FULL,r106_21,10,28
0.03293226067243804,1.0669839960514127,0.06475605835653739,0.9958241636374005,2958.02,0.0,0.0,24,14,FULL,r106_21,10,29
0.037316541636371756,1.0830906113203964,0.0705430745401661,0.9950483158259781,2949.19,0.0,0.0,21,14,FULL,r106_21,10,3
0.03293226067243804,1.0669839960514127,0.06475605835653739,0.9958241636374005,2958.02,0.0,0.0,24,14,FULL,r106_21,10,30
0.03293226067243804,1.0669839960514127,0.06475605835653739,0.9958241636374005,2958.02,0.0,0.0,24,14,FULL,r106_21,10,31
0.042382880560995595,1.107556949222537,0.07426193849845857,0.9945154110960934,2857.37,0.0,0.0,21,14,FULL,r106_21,10,32
0.042382880560995595,1.107556949222537,0.07426193849845857,0.9945154110960934,2857.37,0.0,0.0,21,14,FULL,r106_21,10,33
0.042382880560995595,1.107556949222537,0.07426193849845857,0.9945154110960934,2857.37,0.0,0.0,21,14,FULL,r106_21,10,34
0.032365738028639006,1.0742945984846428,0.06154503492859825,0.9962265018990069,2945.84,0.0,0.0,29,14,FULL,r106_21,10,35
0.025611217237745492,1.0667519956886389,0.04596266112725306,0.9978918873097543,2968.9,0.0,0.0,28,14,FULL,r106_21,10,36
0.027847991526240432,1.0737283912110414,0.049027501781234155,0.9976020679685575,2949.61,0.0,0.0,29,14,FULL,r106_21,10,37
0.027757687800463313,1.0717843896364079,0.04920400124257915,0.9975848135096977,2954.9600000000005,0.0,0.0,29,14,FULL,r106_21,10,38
0.03897620528929987,1.0681067923206897,0.07444172293499068,0.994488969647566,2941.41,0.0,0.0,20,14,FULL,r106_21,10,39
0.034394587031109126,1.0714611565812424,0.06148899925521558,0.9962333443079093,2981.2000000000003,0.0,0.0,23,14,FULL,r106_21,10,4
0.03897620528929987,1.0681067923206897,0.07444172293499068,0.994488969647566,2941.41,0.0,0.0,20,14,FULL,r106_21,10,40
0.04005168840834524,1.0783349094770047,0.07424042172636335,0.994518571443974,2929.09,0.0,0.0,22,14,FULL,r106_21,10,41
0.03720697404076999,1.0621198854627636,0.07434273572139603,0.9945035357369477,2957.99,0.0,0.0,23,14,FULL,r106_21,10,42
0.038110069773443174,1.0647908709164673,0.07433732246395929,0.9945043317577442,2950.5699999999993,0.0,0.0,23,14,FULL,r106_21,10,43
0.041623176145524354,1.0741615752026614,0.0768476647722966,0.9941291073488729,2924.83,0.0,0.0,23,14,FULL,r106_21,10,44
0.02693279317525134,1.0742791032427743,0.04776774432682118,0.9977234371660161,2973.38,0.0,0.0,28,14,FULL,r106_21,10,45
0.03797942405389649,1.101463099960197,0.06813535685423382,0.9953790256816122,2914.36,0.0,0.0,20,14,FULL,r106_21,10,46
0.0322567799837533,1.0792408715718766,0.056575325470620164,0.9968094447732178,2959.7100000000005,0.0,0.0,28,14,FULL,r106_21,10,47
0.0322567799837533,1.0792408715718766,0.056575325470620164,0.9968094447732178,2959.7100000000005,0.0,0.0,28,14,FULL,r106_21,10,48
0.03793095680466355,1.0833133368527137,0.06793530898812147,0.9954059960681514,2917.1800000000003,0.0,0.0,22,14,FULL,r106_21,10,49
0.033554830719250105,1.077122807727455,0.05978596774007886,0.9964383686210228,2965.53,0.0,0.0,24,14,FULL,r106_21,10,5
0.04504374030909578,1.092155857031226,0.08204415375207855,0.9933137635187188,2904.97,0.0,0.0,20,14,FULL,r106_21,10,50
0.03728907052515724,1.0871136585951844,0.06698472523212182,0.9955330894053221,2913.5500000000006,0.0,0.0,21,14,FULL,r106_21,10,51
0.01280112649142622,1.0291119441223269,0.022660349221914795,0.9994867721112619,2966.48,0.0,0.0,28,14,FULL,r106_21,10,52
0.015233245024666735,1.032355367988205,0.030658234171624686,0.9990609553112382,2957.1600000000003,0.0,0.0,29,14,FULL,r106_21,10,53
0.015233245024666735,1.032355367988205,0.030658234171624686,0.9990609553112382,2957.1600000000003,0.0,0.0,29,14,FULL,r106_21,10,54
0.012992342013793845,1.0319254131939541,0.02312141004912201,0.9994656860413703,2973.18,0.0,0.0,30,14,FULL,r106_21,10,55
0.012992342013793845,1.0319254131939541,0.02312141004912201,0.9994656860413703,2973.18,0.0,0.0,30,14,FULL,r106_21,10,56
0.012001231734484261,1.035936815870129,0.02113221281380536,0.9995536289177129,2969.1,0.0,0.0,32,14,FULL,r106_21,10,57
0.04060026209631129,1.09754271276032,0.07236072215223217,0.9947911995547647,2924.7699999999995,0.0,0.0,20,14,FULL,r106_21,10,58
0.025729004208539026,1.0839948010167197,0.04630324186420555,0.9978605966526916,2946.730000000001,0.0,0.0,23,14,FULL,r106_21,10,59
0.04189369554420276,1.091969465440088,0.07919450852726398,0.9937673197572185,2925.21,0.0,0.0,21,14,FULL,r106_21,10,6
0.025729004208539026,1.0839948010167197,0.04630324186420555,0.9978605966526916,2946.730000000001,0.0,0.0,23,14,FULL,r106_21,10,60
0.009696902612278053,1.028257647217356,0.017843258547087657,0.9996817194591776,2968.4000000000005,0.0,0.0,30,14,FULL,r106_21,10,61
0.009696902612278053,1.028257647217356,0.017843258547087657,0.9996817194591776,2968.4000000000005,0.0,0.0,30,14,FULL,r106_21,10,62
0.009696902612278053,1.028257647217356,0.017843258547087657,0.9996817194591776,2968.4000000000005,0.0,0.0,30,14,FULL,r106_21,10,63
0.009696902612278053,1.028257647217356,0.017843258547087657,0.9996817194591776,2968.4000000000005,0.0,0.0,31,14,FULL,r106_21,10,64
0.019708872816255836,1.0620189180398958,0.03986311060542937,0.998413453542411,2951.6800000000003,0.0,0.0,31,14,FULL,r106_21,10,65
0.019708872816255836,1.0620189180398958,0.03986311060542937,0.998413453542411,2951.6800000000003,0.0,0.0,31,14,FULL,r106_21,10,66
0.03997279263601593,1.0928868355559491,0.0724772524578674,0.9947744971922303,2937.2299999999996,0.0,0.0,20,14,FULL,r106_21,10,67
0.009696902612278053,1.028257647217356,0.017843258547087657,0.9996817194591776,2968.4000000000005,0.0,0.0,30,14,FULL,r106_21,10,68
0.048910138502413325,1.0972405634422802,0.09850105396033713,0.9903907754626461,2907.84,0.0,0.0,21,14,FULL,r106_21,10,69
0.040211090654572325,1.0913613316751172,0.07206751094051154,0.9948331092821874,2926.84,0.0,0.0,21,14,FULL,r106_21,10,7
0.048910138502413325,1.0972405634422802,0.09850105396033713,0.9903907754626461,2907.84,0.0,0.0,21,14,FULL,r106_21,10,70
0.048910138502413325,1.0972405634422802,0.09850105396033713,0.9903907754626461,2907.84,0.0,0.0,21,14,FULL,r106_21,10,71
0.048910138502413325,1.0972405634422802,0.09850105396033713,0.9903907754626461,2907.84,0.0,0.0,21,14,FULL,r106_21,10,72
0.05305185844669223,1.1034525691084465,0.10347454739728257,0.9894064430639247,2891.4700000000003,0.0,0.0,21,14,FULL,r106_21,10,73
0.025482808297149946,1.0612279164106129,0.0482320837459523,0.9976790653664468,2977.89,0.0,0.0,34,14,FULL,r106_21,10,74
0.009612778464454535,1.0267771842243363,0.017770334029091988,0.9996843149170367,2972.6800000000003,0.0,0.0,33,14,FULL,r106_21,10,75
0.037477976833711804,1.0865915367330483,0.06759103833953738,0.9954522282518176,2914.9500000000007,0.0,0.0,23,14,FULL,r106_21,10,76
0.037182257767467926,1.085991716268481,0.06715337441393852,0.9955106692815172,2916.56,0.0,0.0,24,14,FULL,r106_21,10,77
0.035708382038657484,1.0692756977160645,0.06476151436936696,0.9958234628777388,2903.7600000000007,0.0,0.0,25,14,FULL,r106_21,10,78
0.03778959136102004,1.0753690753690752,0.06774018230358186,0.9954322279844579,2882.8800000000006,0.0,0.0,25,14,FULL,r106_21,10,79
0.0476265771725451,1.1100554290976696,0.08368612878630806,0.9930453379077607,2877.55,0.0,0.0,21,14,FULL,r106_21,10,8
0.03525979624151316,1.0664587505109173,0.06477705318158454,0.9958214667848502,2911.4300000000003,0.0,0.0,26,14,FULL,r106_21,10,80
0.009612778464454535,1.0267771842243363,0.017770334029091988,0.9996843149170367,2972.6800000000003,0.0,0.0,33,14,FULL,r106_21,10,81
0.013086480473545643,1.0532902080503517,0.02367137051407972,0.9994399800161006,2974.28,0.0,0.0,33,14,FULL,r106_21,10,82
0.00904446457844659,1.0253285318857328,0.017365685775793747,0.9996985238728007,2976.88,0.0,0.0,34,14,FULL,r106_21,10,83
0.00904446457844659,1.0253285318857328,0.017365685775793747,0.9996985238728007,2976.88,0.0,0.0,34,14,FULL,r106_21,10,84
0.00904446457844659,1.0253285318857328,0.017365685775793747,0.9996985238728007,2976.88,0.0,0.0,34,14,FULL,r106_21,10,85
0.011701830712071854,1.028446301037596,0.021281052668665108,0.9995473218076634,2968.4,0.0,0.0,30,14,FULL,r106_21,10,86
0.009696902612278053,1.028257647217356,0.017843258547087657,0.9996817194591776,2968.4000000000005,0.0,0.0,30,14,FULL,r106_21,10,87
0.011701830712071854,1.028446301037596,0.021281052668665108,0.9995473218076634,2968.4,0.0,0.0,30,14,FULL,r106_21,10,88
0.01464086529444586,1.0580583639165808,0.026508184371158965,0.9992978095792051,2978.21,0.0,0.0,31,14,FULL,r106_21,10,89
0.0476265771725451,1.1100554290976696,0.08368612878630806,0.9930453379077607,2877.55,0.0,0.0,21,14,FULL,r106_21,10,9
0.011604523943426212,1.0280757172155301,0.021163635601117278,0.9995523010522652,2969.47,0.0,0.0,31,14,FULL,r106_21,10,90
0.04077608582715454,1.0950827948992612,0.07315793917579436,0.9946764082461419,2931.3399999999997,0.0,0.0,19,14,FULL,r106_21,10,91
0.028148134209354074,1.0696739721493251,0.051872937486549135,0.9973164193397673,2960.79,0.0,0.0,28,14,FULL,r106_21,10,92
0.009696902612278053,1.028257647217356,0.017843258547087657,0.9996817194591776,2968.4000000000005,0.0,0.0,30,14,FULL,r106_21,10,93
0.019471283974184468,1.0615334080588412,0.03972626669949625,0.998424310449971,2953.03,0.0,0.0,31,14,FULL,r106_21,10,94
0.009400262167330174,1.0277902180318208,0.017425297997996702,0.999696451159558,2969.7500000000005,0.0,0.0,31,14,FULL,r106_21,10,95
0.010208953675314523,1.0262972962976662,0.01855934117131602,0.9996556694596469,2974.07,0.0,0.0,32,14,FULL,r106_21,10,96
0.010208953675314523,1.0262972962976662,0.01855934117131602,0.9996556694596469,2974.07,0.0,0.0,32,14,FULL,r106_21,10,97
0.03871473576346851,1.0904090658767431,0.07044573415758525,0.9950619043397371,2923.49,0.0,0.0,19,14,FULL,r106_21,10,98
0.019307996557146694,1.0371116378037422,0.03587349106011496,0.9987147466411681,2641.2200000000003,0.0,0.0,19,12,FULL,r107_21,3,1
0.023387934912435664,1.0648238633719578,0.04372711501608543,0.9980915884109542,2578.68,0.0,0.0,33,12,FULL,r107_21,3,10
0.0243902279858208,1.0539867499882534,0.044889361968439914,0.9979889974624188,2553.96,0.0,0.0,30,12,FULL,r107_21,3,11
0.021855835752701818,1.0417257594983953,0.03979847972047119,0.9984185858438489,2545.43,0.0,0.0,30,12,FULL,r107_21,3,12
0.03211794043690697,1.0684380095015955,0.06208675019129681,0.9961600376016074,2563.7799999999997,0.0,0.0,16,12,FULL,r107_21,3,13
0.03177832665204446,1.0671518230373958,0.06194462796601452,0.9961775304054119,2566.87,0.0,0.0,18,12,FULL,r107_21,3,14
0.042623476758334146,1.096973618000144,0.07573751359482933,0.9942965450272904,2503.9799999999996,0.0,0.0,15,12,FULL,r107_21,3,15
0.042394311101176495,1.096426276230127,0.07542891762170698,0.9943426659109921,2505.2299999999996,0.0,0.0,16,12,FULL,r107_21,3,16
0.042249788167438705,1.096128751631144,0.07521752133819702,0.9943741536966266,2505.91,0.0,0.0,17,12,FULL,r107_21,3,17
0.042249788167438705,1.096128751631144,0.07521752133819702,0.9943741536966266,2505.91,0.0,0.0,17,12,FULL,r107_21,3,18
0.03125573541827246,1.067629430364812,0.060250773209113394,0.99638297469264,2542.68,0.0,0.0,18,12,FULL,r107_21,3,19
0.034776232080086324,1.08418329230987,0.06180731614693068,0.9961943936362833,2543.26,0.0,0.0,21,12,FULL,r107_21,3,2
0.022799865017579062,1.0427392014063286,0.04198249586745706,0.9982405710869092,2548.4799999999996,0.0,0.0,30,12,FULL,r107_21,3,20
0.022799865017579062,1.0427392014063286,0.04198249586745706,0.9982405710869092,2548.4799999999996,0.0,0.0,30,12,FULL,r107_21,3,21
0.03669703872437339,1.0795127265524413,0.07291696438233902,0.9947112360480859,2524.25,0.0,0.0,18,12,FULL,r107_21,3,22
0.02118432718208633,1.040946072459624,0.039044367322005856,0.9984778578292651,2552.87,0.0,0.0,31,12,FULL,r107_21,3,23
0.02118432718208633,1.040946072459624,0.039044367322005856,0.9984778578292651,2552.87,0.0,0.0,32,12,FULL,r107_21,3,24
0.021855835752701818,1.0417257594983953,0.03979847972047119,0.9984185858438489,2545.43,0.0,0.0,30,12,FULL,r107_21,3,25
0.042623476758334146,1.096973618000144,0.07573751359482933,0.9942965450272904,2503.9799999999996,0.0,0.0,15,12,FULL,r107_21,3,26
0.03599068260183369,1.065886190134798,0.06746325883662631,0.9954693291101138,2538.6199999999994,0.0,0.0,15,12,FULL,r107_21,3,27
0.021855835752701818,1.0417257594983953,0.03979847972047119,0.9984185858438489,2545.43,0.0,0.0,30,12,FULL,r107_21,3,28
0.01959828684013572,1.035071267087174,0.036909213892370424,0.9986395632393377,2569.9100000000003,0.0,0.0,32,12,FULL,r107_21,3,29
0.034776232080086324,1.08418329230987,0.06180731614693068,0.9961943936362833,2543.26,0.0,0.0,21,12,FULL,r107_21,3,3
0.042623476758334146,1.096973618000144,0.07573751359482933,0.9942965450272904,2503.9799999999996,0.0,0.0,15,12,FULL,r107_21,3,30
0.02210270817356082,1.0408182430000155,0.04092985103005883,0.998327549072598,2555.7200000000003,0.0,0.0,30,12,FULL,r107_21,3,31
0.027241133278187963,1.0655825750834043,0.04953642449751442,0.997552149324379,2550.83,0.0,0.0,31,12,FULL,r107_21,3,32
0.030656219964433944,1.0659060575048545,0.061155559838202485,0.996273933000765,2569.87,0.0,0.0,23,12,FULL,r107_21,3,33
0.019307996557146694,1.0371116378037422,0.03587349106011496,0.9987147466411681,2641.2200000000003,0.0,0.0,20,12,FULL,r107_21,3,34
0.019307996557146694,1.0371116378037422,0.03587349106011496,0.9987147466411681,2641.2200000000003,0.0,0.0,20,12,FULL,r107_21,3,35
0.034224304216037726,1.0854466007951815,0.06092644704964998,0.9963016962715077,2540.3,0.0,0.0,22,12,FULL,r107_21,3,36
0.031398807190311,1.0768217528343607,0.05711626909640659,0.9967483395928355,2550.8399999999997,0.0,0.0,21,12,FULL,r107_21,3,37
0.05749013131394509,1.1064206879883993,0.12470145737510878,0.9846876603537328,2482.6,0.0,0.0,22,12,FULL,r107_21,3,38
0.06165942562492758,1.11115605860794,0.13769501930127445,0.9813928713003167,2472.02,0.0,0.0,21,12,FULL,r107_21,3,39
0.037043633534464604,1.0811491637900836,0.06634907152547166,0.9956170951284317,2540.63,0.0,0.0,21,12,FULL,r107_21,3,4
0.06165942562492758,1.11115605860794,0.13769501930127445,0.9813928713003167,2472.02,0.0,0.0,21,12,FULL,r107_21,3,40
0.05836202517356215,1.1074109612236833,0.1273888165801335,0.9840312291951615,2480.38,0.0,0.0,22,12,FULL,r107_21,3,41
0.06165942562492758,1.11115605860794,0.13769501930127445,0.9813928713003167,2472.02,0.0,0.0,21,12,FULL,r107_21,3,42
0.06169519647120714,1.1153089717130023,0.13773783569172135,0.9813815131773121,2471.1,0.0,0.0,14,12,FULL,r107_21,3,43
0.025896134332789405,1.0473007590506742,0.0489610641566863,0.9976085469539364,2537.38,0.0,0.0,18,12,FULL,r107_21,3,44
0.025896134332789405,1.0473007590506742,0.0489610641566863,0.9976085469539364,2537.38,0.0,0.0,18,12,FULL,r107_21,3,45
0.022906734109872467,1.043615542307783,0.04205011081301408,0.9982349092349659,2546.3399999999997,0.0,0.0,31,12,FULL,r107_21,3,46
0.025896134332789405,1.0473007590506742,0.0489610641566863,0.9976085469539364,2537.38,0.0,0.0,19,12,FULL,r107_21,3,47
0.02328390443746775,1.0441363105926358,0.04368225961409772,0.9980954942582213,2545.07,0.0,0.0,20,12,FULL,r107_21,3,48
0.02560276367093861,1.0469747889227277,0.04839233077662585,0.9976636536192621,2538.17,0.0,0.0,20,12,FULL,r107_21,3,49
0.03196635762040959,1.0846225557876352,0.05826969810004157,0.9966161317265843,2542.23,0.0,0.0,21,12,FULL,r107_21,3,5
0.023806301269904722,1.0435580872574057,0.04390028654810478,0.9980764719319167,2549.01,0.0,0.0,31,12,FULL,r107_21,3,50
0.020280392156862614,1.0398588235294117,0.03681238445639766,0.998646682301346,2550.0000000000005,0.0,0.0,32,12,FULL,r107_21,3,51
0.017953124999999865,1.0357968749999997,0.032700407495788564,0.9989318255663172,2560.0000000000005,0.0,0.0,33,12,FULL,r107_21,3,52
0.017953124999999865,1.0357968749999997,0.032700407495788564,0.9989318255663172,2560.0000000000005,0.0,0.0,33,12,FULL,r107_21,3,53
0.06801161671371014,1.124357572889984,0.14107214764136058,0.9804869845267368,2451.64,0.0,0.0,14,12,FULL,r107_21,3,54
0.034776232080086324,1.08418329230987,0.06180731614693068,0.9961943936362833,2543.26,0.0,0.0,21,12,FULL,r107_21,3,6
0.03874110242711545,1.0886348864122766,0.0691145665020693,0.9952458862585354,2523.1600000000003,0.0,0.0,17,12,FULL,r107_21,3,7
0.024599187340161865,1.0693772636990302,0.044313892221119124,0.998040127598892,2567.7,0.0,0.0,32,12,FULL,r107_21,3,8
0.024599187340161865,1.0693772636990302,0.044313892221119124,0.998040127598892,2567.7,0.0,0.0,33,12,FULL,r107_21,3,9
0.008198173999518943,1.0205123840326837,0.014593824196961648,0.9997870656460038,2467.29,0.0,0.0,19,11,FULL,r108_21,3,1
0.008370401014251915,1.0309719691832584,0.015718159144434234,0.9997530004969376,2448.02,0.0,0.0,18,11,FULL,r108_21,3,10
0.008370401014251915,1.0309719691832584,0.015718159144434234,0.9997530004969376,2448.02,0.0,0.0,18,11,FULL,r108_21,3,11
0.00950300683697446,1.0156844730279566,0.020271293442059857,0.9995892434524589,2438.08,0.0,0.0,20,11,FULL,r108_21,3,12
0.015835250538546317,1.0309961737262536,0.028946677131151108,0.9991627913886304,2383.52,0.0,0.0,23,11,FULL,r108_21,3,13
0.015835250538546317,1.0309961737262536,0.028946677131151108,0.9991627913886304,2383.52,0.0,0.0,23,11,FULL,r108_21,3,14
0.008370401014251915,1.0309719691832584,0.015718159144434234,0.9997530004969376,2448.02,0.0,0.0,18,11,FULL,r108_21,3,15
0.013416759417109797,1.0254291746993482,0.026289614469576568,0.9993093335209159,2396.46,0.0,0.0,25,11,FULL,r108_21,3,16
0.017359062171716646,1.0371314498906907,0.03231313490951286,0.9989569504007593,2369.4199999999996,0.0,0.0,17,11,FULL,r108_21,3,17
0.01483882973287494,1.030771295783628,0.027377417246087988,0.9992510383888685,2384.04,0.0,0.0,21,11,FULL,r108_21,3,18
0.01483882973287494,1.030771295783628,0.027377417246087988,0.9992510383888685,2384.04,0.0,0.0,21,11,FULL,r108_21,3,19
0.03247534156985568,1.0645008340625095,0.05830567331781654,0.9966119662542972,2319.97,0.0,0.0,17,11,FULL,r108_21,3,2
0.01483882973287494,1.030771295783628,0.027377417246087988,0.9992510383888685,2384.04,0.0,0.0,21,11,FULL,r108_21,3,20
0.013544830124906876,1.0279513758167476,0.02597051034780319,0.999325987191946,2390.58,0.0,0.0,24,11,FULL,r108_21,3,21
0.022554202228419386,1.0575878900893982,0.03967284614770111,0.9984285386561136,2370.29,0.0,0.0,16,11,FULL,r108_21,3,22
0.032603478667148196,1.0727844203283285,0.059165772630794984,0.9965116227229075,2354.35,0.0,0.0,16,11,FULL,r108_21,3,23
0.019396563231041695,1.0533279636201935,0.034166548104508226,0.9988340081147583,2383.74,0.0,0.0,17,11,FULL,r108_21,3,24
0.019396563231041695,1.0533279636201935,0.034166548104508226,0.9988340081147583,2383.74,0.0,0.0,17,11,FULL,r108_21,3,25
0.016510752473629674,1.049668694216258,0.028980397190172556,0.9991608413573483,2392.0499999999997,0.0,0.0,18,11,FULL,r108_21,3,26
0.015559291133099023,1.046867768767329,0.027494221993248493,0.999244638758903,2398.45,0.0,0.0,20,11,FULL,r108_21,3,27
0.015559291133099023,1.046867768767329,0.027494221993248493,0.999244638758903,2398.45,0.0,0.0,20,11,FULL,r108_21,3,28
0.02054327688894795,1.0445021088843622,0.03755804064494967,0.9985913805904906,2366.18,0.0,0.0,18,11,FULL,r108_21,3,29
0.03233826478802468,1.0597774545017615,0.06457680989180027,0.9958471536759967,2330.31,0.0,0.0,17,11,FULL,r108_21,3,3
0.029349634371948596,1.0554888855672526,0.057888902593151985,0.9966600674880446,2341.5499999999997,0.0,0.0,17,11,FULL,r108_21,3,30
0.019145474770630857,1.0393818017248306,0.03635208292728366,0.9986802700555681,2364.29,0.0,0.0,21,11,FULL,r108_21,3,31
0.01483882973287494,1.030771295783628,0.027377417246087988,0.9992510383888685,2384.04,0.0,0.0,22,11,FULL,r108_21,3,32
0.01483882973287494,1.030771295783628,0.027377417246087988,0.9992510383888685,2384.04,0.0,0.0,22,11,FULL,r108_21,3,33
0.02464156827458649,1.0388384831757713,0.05468750050814429,0.997018195039988,2364.15,0.0,0.0,17,11,FULL,r108_21,3,34
0.014070254177553598,1.027702459359101,0.026061300486109617,0.9993212696048088,2415.67,0.0,0.0,18,11,FULL,r108_21,3,35
0.02464156827458649,1.0388384831757713,0.05468750050814429,0.997018195039988,2364.15,0.0,0.0,17,11,FULL,r108_21,3,36
0.025351298542075507,1.0615038598449298,0.04505852976224723,0.9979738425445994,2365.38,0.0,0.0,16,11,FULL,r108_21,3,37
0.025351298542075507,1.0615038598449298,0.04505852976224723,0.9979738425445994,2365.38,0.0,0.0,16,11,FULL,r108_21,3,38
0.02810382974665483,1.0620246846740151,0.05123933786000334,0.9973814052968342,2364.22,0.0,0.0,16,11,FULL,r108_21,3,39
0.03512264815247561,1.065093070195111,0.06811806999411792,0.9953813593628793,2318.68,0.0,0.0,17,11,FULL,r108_21,3,4
0.029638650642984612,1.0637569533590072,0.055013090308909045,0.9969826915978224,2360.37,0.0,0.0,16,11,FULL,r108_21,3,40
0.019145474770630857,1.0393818017248306,0.03635208292728366,0.9986802700555681,2364.29,0.0,0.0,22,11,FULL,r108_21,3,41
0.027483218456163527,1.0451395233218745,0.056719613584141654,0.9967932020711897,2353.37,0.0,0.0,22,11,FULL,r108_21,3,42
0.030071769101315805,1.062015503875969,0.05861209274035456,0.9965763839976892,2327.16,0.0,0.0,17,11,FULL,r108_21,3,43
0.030071769101315805,1.062015503875969,0.05861209274035456,0.9965763839976892,2327.16,0.0,0.0,17,11,FULL,r108_21,3,44
0.01483882973287494,1.030771295783628,0.027377417246087988,0.9992510383888685,2384.04,0.0,0.0,22,11,FULL,r108_21,3,45
0.031137999142337783,1.0832214302930139,0.0593337617327481,0.9964918551261164,2323.44,0.0,0.0,16,11,FULL,r108_21,3,46
0.00973762368262014,1.0185831626407957,0.018134661504697596,0.9996712421693653,2426.39,0.0,0.0,18,11,FULL,r108_21,3,47
0.01779882105353262,1.0322150866634165,0.03268270207243746,0.9989329807314948,2379.3199999999997,0.0,0.0,18,11,FULL,r108_21,3,48
0.01779882105353262,1.0322150866634165,0.03268270207243746,0.9989329807314948,2379.3199999999997,0.0,0.0,18,11,FULL,r108_21,3,49
0.008370401014251915,1.0309719691832584,0.015718159144434234,0.9997530004969376,2448.02,0.0,0.0,18,11,FULL,r108_21,3,5
0.015994621196875256,1.0297050043603677,0.029529109335670798,0.99912879136815,2385.12,0.0,0.0,20,11,FULL,r108_21,3,50
0.015994621196875256,1.0297050043603677,0.029529109335670798,0.99912879136815,2385.12,0.0,0.0,20,11,FULL,r108_21,3,51
0.019922304237390973,1.0332790602767505,0.04376179828249683,0.9980885655895432,2376.87,0.0,0.0,20,11,FULL,r108_21,3,52
0.03609933213907546,1.074164650047161,0.07165795838978532,0.9948913691191019,2343.03,0.0,0.0,15,11,FULL,r108_21,3,53
0.03767759100536206,1.0768671244892283,0.07320253190407569,0.9946699509804192,2337.15,0.0,0.0,14,11,FULL,r108_21,3,54
0.034797872046846805,1.0709775066163298,0.07015878508426125,0.9951018547958319,2338.91,0.0,0.0,15,11,FULL,r108_21,3,55
0.0331935211256634,1.0587670822087991,0.06855522077080455,0.9953221666717234,2334.3,0.0,0.0,17,11,FULL,r108_21,3,56
0.0331935211256634,1.0587670822087991,0.06855522077080455,0.9953221666717234,2334.3,0.0,0.0,17,11,FULL,r108_21,3,57
0.02524837339998792,1.0516932468266114,0.048773903070444484,0.9976267520836032,2372.0699999999997,0.0,0.0,15,11,FULL,r108_21,3,6
0.020269883381367846,1.0543187066974595,0.03602882258450361,0.9987036067601992,2381.5,0.0,0.0,16,11,FULL,r108_21,3,7
0.020269883381367846,1.0543187066974595,0.03602882258450361,0.9987036067601992,2381.5,0.0,0.0,16,11,FULL,r108_21,3,8
0.026204576227142826,1.0785574587891424,0.04734454144817583,0.9977635075055236,2326.45,0.0,0.0,16,11,FULL,r108_21,3,9
0.025500047084635005,1.064603423465991,0.04631551144906773,0.9978594651175281,2793.6600000000003,0.0,0.0,20,13,FULL,r109_21,6,1
0.014154191391266014,1.0319105769943229,0.025294579593798938,0.9993605933456257,2834.17,0.0,0.0,28,13,FULL,r109_21,6,10
0.034167251188527814,1.0757598784194529,0.06131426230194154,0.9962546416835993,2763.6,0.0,0.0,14,13,FULL,r109_21,6,100
0.020430721172618887,1.0422242731887403,0.03735866520022001,0.9986062753140027,2817.0999999999995,0.0,0.0,23,13,FULL,r109_21,6,11
0.03024701134221325,1.0667202717271766,0.05355646604593384,0.9971399085308895,2773.37,0.0,0.0,17,13,FULL,r109_21,6,12
0.03764043272063985,1.069574145778877,0.06957262852508284,0.9951829654961539,2765.97,0.0,0.0,17,13,FULL,r109_21,6,13
0.03764043272063985,1.069574145778877,0.06957262852508284,0.9951829654961539,2765.97,0.0,0.0,17,13,FULL,r109_21,6,14
0.03764043272063985,1.069574145778877,0.06957262852508284,0.9951829654961539,2765.97,0.0,0.0,17,13,FULL,r109_21,6,15
0.03764043272063985,1.069574145778877,0.06957262852508284,0.9951829654961539,2765.97,0.0,0.0,17,13,FULL,r109_21,6,16
0.03891083244600201,1.0689480739560413,0.07233805473798642,0.9947944454322826,2767.5899999999997,0.0,0.0,17,13,FULL,r109_21,6,17
0.019145552248482398,1.0409457675017886,0.03535988170107679,0.9987512401170832,2809.5699999999997,0.0,0.0,22,13,FULL,r109_21,6,18
0.019145552248482398,1.0409457675017886,0.03535988170107679,0.9987512401170832,2809.5699999999997,0.0,0.0,23,13,FULL,r109_21,6,19
0.025500047084635005,1.064603423465991,0.04631551144906773,0.9978594651175281,2793.6600000000003,0.0,0.0,20,13,FULL,r109_21,6,2
0.019145552248482398,1.0409457675017886,0.03535988170107679,0.9987512401170832,2809.5699999999997,0.0,0.0,23,13,FULL,r109_21,6,20
0.020333092374912234,1.0414424744411963,0.03764073187575785,0.9985851798559774,2808.2299999999996,0.0,0.0,20,13,FULL,r109_21,6,21
0.020333092374912234,1.0414424744411963,0.03764073187575785,0.9985851798559774,2808.2299999999996,0.0,0.0,20,13,FULL,r109_21,6,22
0.03847292214711487,1.0875174936328658,0.06984973844833461,0.9951447029647719,2736.7099999999996,0.0,0.0,18,13,FULL,r109_21,6,23
0.02969863222463509,1.071449902397809,0.054256531454577706,0.997064869148204,2745.8399999999997,0.0,0.0,21,13,FULL,r109_21,6,24
0.02969863222463509,1.071449902397809,0.054256531454577706,0.997064869148204,2745.8399999999997,0.0,0.0,21,13,FULL,r109_21,6,25
0.03582374296503697,1.073028667298855,0.06997273030421274,0.9951276728192195,2741.7999999999997,0.0,0.0,21,13,FULL,r109_21,6,26
0.02969863222463509,1.071449902397809,0.054256531454577706,0.997064869148204,2745.8399999999997,0.0,0.0,21,13,FULL,r109_21,6,27
0.026698869128566935,1.059313001836316,0.04739582657079645,0.9977586704664907,2777.3,0.0,0.0,25,13,FULL,r109_21,6,28
0.014154191391266014,1.0319105769943229,0.025294579593798938,0.9993605933456257,2834.17,0.0,0.0,28,13,FULL,r109_21,6,29
0.025179261151172784,1.0622914984962888,0.04546465500778263,0.9979372289646518,2799.7400000000007,0.0,0.0,20,13,FULL,r109_21,6,3
0.02969863222463509,1.071449902397809,0.054256531454577706,0.997064869148204,2745.8399999999997,0.0,0.0,22,13,FULL,r109_21,6,30
0.03252843181659429,1.0772878401734192,0.05878295333525121,0.9965564633164414,2730.9599999999996,0.0,0.0,16,13,FULL,r109_21,6,31
0.014035683591884708,1.0314192811195124,0.025471221507252773,0.9993516375215635,2835.52,0.0,0.0,28,13,FULL,r109_21,6,32
0.014154191391266014,1.0319105769943229,0.025294579593798938,0.9993605933456257,2834.17,0.0,0.0,28,13,FULL,r109_21,6,33
0.017204807472396055,1.0343554828380923,0.03173115893093869,0.9989941463132274,2842.0499999999997,0.0,0.0,30,13,FULL,r109_21,6,34
0.0374660586990084,1.0921868176630545,0.06701261751144144,0.9955293852432959,2725.0099999999998,0.0,0.0,15,13,FULL,r109_21,6,35
0.03547093445279204,1.080374097987087,0.06355653057827143,0.995976818790104,2738.3199999999997,0.0,0.0,15,13,FULL,r109_21,6,36
0.03033528916826547,1.0641638694368887,0.05392711454243469,0.9971002990351729,2764.64,0.0,0.0,24,13,FULL,r109_21,6,37
0.03033528916826547,1.0641638694368887,0.05392711454243469,0.9971002990351729,2764.64,0.0,0.0,24,13,FULL,r109_21,6,38
0.03740033353349048,1.07158821292087,0.07580101486285835,0.9942870316840005,2760.65,0.0,0.0,16,13,FULL,r109_21,6,39
0.025179261151172784,1.0622914984962888,0.04546465500778263,0.9979372289646518,2799.7400000000007,0.0,0.0,20,13,FULL,r109_21,6,4
0.015473387312246345,1.0334055341387316,0.028494316908480123,0.9991887325930974,2830.0699999999997,0.0,0.0,22,13,FULL,r109_21,6,40
0.019697803175228675,1.0445974312448856,0.03521529448429943,0.998761419019671,2810.7,0.0,0.0,24,13,FULL,r109_21,6,41
0.01975021990192561,1.03210390054379,0.039489055406696325,0.9984430424001872,2808.0699999999997,0.0,0.0,34,13,FULL,r109_21,6,42
0.03145886591794887,1.0687024821611517,0.05720556232541935,0.9967381978095947,2781.85,0.0,0.0,13,13,FULL,r109_21,6,43
0.027778045874284382,1.0657601818227442,0.04928163062794498,0.9975772050740931,2789.53,0.0,0.0,16,13,FULL,r109_21,6,44
0.027723260927750595,1.062055686145624,0.05064483415677717,0.9974416626507218,2799.26,0.0,0.0,17,13,FULL,r109_21,6,45
0.027723260927750595,1.062055686145624,0.05064483415677717,0.9974416626507218,2799.26,0.0,0.0,17,13,FULL,r109_21,6,46
0.032734429609395994,1.0609735404655058,0.06100629017781848,0.9962920327505219,2769.89,0.0,0.0,20,13,FULL,r109_21,6,47
0.026739908274414585,1.0593587740081667,0.04746910205325417,0.9977517503663416,2777.18,0.0,0.0,25,13,FULL,r109_21,6,48
0.020465760179333915,1.0332666645275608,0.041084585503823386,0.9983149011850077,2804.91,0.0,0.0,34,13,FULL,r109_21,6,49
0.02142953033005381,1.046315489546604,0.037977231031210125,0.9985598070703693,2807.7,0.0,0.0,22,13,FULL,r109_21,6,5
0.020737812092600522,1.0364741097835302,0.04020475549167931,0.9983861862405063,2796.2299999999996,0.0,0.0,35,13,FULL,r109_21,6,50
0.038463511382910855,1.0904860658200393,0.06946450104847478,0.9951978549657049,2729.2599999999998,0.0,0.0,15,13,FULL,r109_21,6,51
0.022372425461046126,1.0366567865171759,0.047445687021280665,0.9977539628221345,2793.4799999999996,0.0,0.0,34,13,FULL,r109_21,6,52
0.016486663002112458,1.0300454220480115,0.03342917640079718,0.9988837375993752,2811.41,0.0,0.0,40,13,FULL,r109_21,6,53
0.01713356313098712,1.0277542215015383,0.036210262085492564,0.9986905338695345,2818.31,0.0,0.0,40,13,FULL,r109_21,6,54
0.03615940939874344,1.0651519349100347,0.07007553791627455,0.9951134149574792,2743.28,0.0,0.0,20,13,FULL,r109_21,6,55
0.02940940966075609,1.0511651524218848,0.05533066472043142,0.9969478616097378,2757.15,0.0,0.0,23,13,FULL,r109_21,6,56
0.0299454557534997,1.0518251301072068,0.056482344172292656,0.9968198901587706,2755.42,0.0,0.0,23,13,FULL,r109_21,6,57
0.02937704757386861,1.0610795043284404,0.05337828314893433,0.9971588539980657,2763.12,0.0,0.0,23,13,FULL,r109_21,6,58
0.02531036589083677,1.0489661337782714,0.04670362649029747,0.997823518676243,2762.9300000000003,0.0,0.0,24,13,FULL,r109_21,6,59
0.016582213661344134,1.0385807870296715,0.029754577573544397,0.9991154482379543,2828.6100000000006,0.0,0.0,23,13,FULL,r109_21,6,6
0.03590726608557277,1.0752540779051682,0.06543860863940015,0.9957360476451517,2764.9,0.0,0.0,14,13,FULL,r109_21,6,60
0.03668009073844822,1.0758727757652962,0.06752371690477904,0.9954612419065936,2763.3099999999995,0.0,0.0,14,13,FULL,r109_21,6,61
0.032734429609395994,1.0609735404655058,0.06100629017781848,0.9962920327505219,2769.89,0.0,0.0,20,13,FULL,r109_21,6,62
0.030025646139063812,1.0678293660146123,0.05381860931054678,0.9971119224430589,2757.95,0.0,0.0,20,13,FULL,r109_21,6,63
0.024487064417239586,1.052884513452582,0.04374445679779831,0.9980900772846015,2829.94,0.0,0.0,19,13,FULL,r109_21,6,64
0.02427471893378388,1.0517907755733058,0.044988540657232255,0.9979801193848584,2755.51,0.0,0.0,26,13,FULL,r109_21,6,65
0.02427471893378388,1.0517907755733058,0.044988540657232255,0.9979801193848584,2755.51,0.0,0.0,27,13,FULL,r109_21,6,66
0.03905688878115358,1.0657424428104576,0.07751593111100531,0.994027169487618,2741.76,0.0,0.0,19,13,FULL,r109_21,6,67
0.03859538280463189,1.0647599196877882,0.07668755254111032,0.9941534030094029,2744.29,0.0,0.0,20,13,FULL,r109_21,6,68
0.03126210479917724,1.0570447705041384,0.06416024137199099,0.9959003398281222,2764.3200000000006,0.0,0.0,23,13,FULL,r109_21,6,69
0.016582213661344134,1.0385807870296715,0.029754577573544397,0.9991154482379543,2828.6100000000006,0.0,0.0,23,13,FULL,r109_21,6,7
0.03126210479917724,1.0570447705041384,0.06416024137199099,0.9959003398281222,2764.3200000000006,0.0,0.0,23,13,FULL,r109_21,6,70
0.03126210479917724,1.0570447705041384,0.06416024137199099,0.9959003398281222,2764.3200000000006,0.0,0.0,24,13,FULL,r109_21,6,71
0.02337364196802592,1.0471202499892494,0.04459063731957296,0.9980156206543708,2790.52,0.0,0.0,26,13,FULL,r109_21,6,72
0.025179261151172784,1.0622914984962888,0.04546465500778263,0.9979372289646518,2799.7400000000007,0.0,0.0,20,13,FULL,r109_21,6,73
0.021144996528539704,1.0576825963569634,0.03837486275669841,0.9985295353588841,2811.9400000000005,0.0,0.0,22,13,FULL,r109_21,6,74
0.021144996528539704,1.0576825963569634,0.03837486275669841,0.9985295353588841,2811.9400000000005,0.0,0.0,22,13,FULL,r109_21,6,75
0.021144996528539704,1.0576825963569634,0.03837486275669841,0.9985295353588841,2811.9400000000005,0.0,0.0,22,13,FULL,r109_21,6,76
0.016547165746239045,1.0306099570442762,0.03318493859986551,0.9988999712459531,2809.87,0.0,0.0,41,13,FULL,r109_21,6,77
0.014185162371690926,1.0359903002390047,0.029962214674197154,0.9991030708958463,2866.05,0.0,0.0,23,13,FULL,r109_21,6,78
0.02531036589083677,1.0489661337782714,0.04670362649029747,0.997823518676243,2762.9300000000003,0.0,0.0,24,13,FULL,r109_21,6,79
0.016257397492853196,1.0358014244411538,0.029636770623195526,0.9991224326279502,2836.2,0.0,0.0,24,13,FULL,r109_21,6,8
0.02879790036075159,1.0659689162198343,0.05142050089211322,0.9973629047469439,2793.7400000000002,0.0,0.0,25,13,FULL,r109_21,6,80
0.032398721170747644,1.062150442349318,0.06317153242538973,0.9960252194193767,2753.48,0.0,0.0,18,13,FULL,r109_21,6,81
0.032398721170747644,1.062150442349318,0.06317153242538973,0.9960252194193767,2753.48,0.0,0.0,18,13,FULL,r109_21,6,82
0.02105703834958848,1.0355076557795593,0.04053079965775898,0.9983599484667408,2796.58,0.0,0.0,34,13,FULL,r109_21,6,83
0.02861413588128469,1.056918590153626,0.05157319033049511,0.9973472617762418,2767.11,0.0,0.0,19,13,FULL,r109_21,6,84
0.03518445042494415,1.0770078376963543,0.06286846491953553,0.9960631164300385,2731.6699999999996,0.0,0.0,15,13,FULL,r109_21,6,85
0.03518445042494415,1.0770078376963543,0.06286846491953553,0.9960631164300385,2731.6699999999996,0.0,0.0,15,13,FULL,r109_21,6,86
0.03188401580015579,1.0700859115278578,0.058212631548377455,0.9966227341045187,2749.3399999999997,0.0,0.0,19,13,FULL,r109_21,6,87
0.03188401580015579,1.0700859115278578,0.058212631548377455,0.9966227341045187,2749.3399999999997,0.0,0.0,19,13,FULL,r109_21,6,88
0.030728336377600512,1.0620231606392596,0.056390966715007804,0.9968301388448018,2753.8100000000004,0.0,0.0,18,13,FULL,r109_21,6,89
0.014154191391266014,1.0319105769943229,0.025294579593798938,0.9993605933456257,2834.17,0.0,0.0,28,13,FULL,r109_21,6,9
0.0204472676895569,1.0447650358322158,0.03701360732747365,0.9986318672242617,2774.04,0.0,0.0,32,13,FULL,r109_21,6,90
0.019564574545460352,1.0336485092500385,0.039160877172036486,0.9984687739480385,2801.6099999999997,0.0,0.0,39,13,FULL,r109_21,6,91
0.018868193616475046,1.0325023531760746,0.03858040700296891,0.9985137643796312,2804.72,0.0,0.0,41,13,FULL,r109_21,6,92
0.02005117180353421,1.0341616015884467,0.041579609154598234,0.9982741199143221,2800.22,0.0,0.0,41,13,FULL,r109_21,6,93
0.02005117180353421,1.0341616015884467,0.041579609154598234,0.9982741199143221,2800.22,0.0,0.0,41,13,FULL,r109_21,6,94
0.02005117180353421,1.0341616015884467,0.041579609154598234,0.9982741199143221,2800.22,0.0,0.0,41,13,FULL,r109_21,6,95
0.02005117180353421,1.0341616015884467,0.041579609154598234,0.9982741199143221,2800.22,0.0,0.0,41,13,FULL,r109_21,6,96
0.03573778064135784,1.0924073027315504,0.06387997495257199,0.9959359328405893,2724.46,0.0,0.0,16,13,FULL,r109_21,6,97
0.03573778064135784,1.0924073027315504,0.06387997495257199,0.9959359328405893,2724.46,0.0,0.0,16,13,FULL,r109_21,6,98
0.03573778064135784,1.0924073027315504,0.06387997495257199,0.9959359328405893,2724.46,0.0,0.0,16,13,FULL,r109_21,6,99
0.02769615122101173,1.0636478734545227,0.04939264169884514,0.9975663042705545,2559.08,0.0,0.0,16,12,FULL,r110_21,2,1
0.03876835134833604,1.0711188990175424,0.07443456724313664,0.9944900232519511,2539.55,0.0,0.0,14,12,FULL,r110_21,2,10
0.04233437405419194,1.0899055386526912,0.07635578162076595,0.9942035888804163,2511.08,0.0,0.0,12,12,FULL,r110_21,2,11
0.02261362331048744,1.0493395106635524,0.04085966518500389,0.9983332703864586,2611.7000000000003,0.0,0.0,27,12,FULL,r110_21,2,12
0.03808961214734182,1.0854667819559056,0.06748178367849332,0.9954668518812566,2509.6300000000006,0.0,0.0,13,12,FULL,r110_21,2,13
0.03730311298934641,1.089505228916524,0.06594473743570055,0.9956701209857575,2517.7300000000005,0.0,0.0,16,12,FULL,r110_21,2,14
0.03345718183169503,1.0825055939005765,0.05930636035613554,0.9964950832699748,2534.01,0.0,0.0,17,12,FULL,r110_21,2,15
0.02788716341174006,1.0612633195962307,0.049573127293750345,0.9975485295266253,2564.83,0.0,0.0,16,12,FULL,r110_21,2,16
0.022995767467297146,1.0532086122839348,0.041055725527450425,0.9983172637754852,2572.14,0.0,0.0,19,12,FULL,r110_21,2,17
0.02260909684417234,1.0444458152768996,0.040754524683418274,0.9983418228361514,2593.72,0.0,0.0,19,12,FULL,r110_21,2,18
0.02543984134781585,1.0561650564925495,0.044868873971841305,0.9979908290433176,2564.94,0.0,0.0,16,12,FULL,r110_21,2,19
0.02769615122101173,1.0636478734545227,0.04939264169884514,0.9975663042705545,2559.08,0.0,0.0,16,12,FULL,r110_21,2,2
0.022995767467297146,1.0532086122839348,0.041055725527450425,0.9983172637754852,2572.14,0.0,0.0,19,12,FULL,r110_21,2,20
0.020950406109239744,1.0441157199349402,0.03797796761318025,0.9985597512841761,2594.54,0.0,0.0,20,12,FULL,r110_21,2,21
0.04061013109773848,1.076229339007002,0.07549732796158441,0.994332457592582,2519.2400000000002,0.0,0.0,15,12,FULL,r110_21,2,22
0.034789183231688746,1.0714200963447527,0.0623214693429223,0.9961310612835946,2528.4200000000005,0.0,0.0,16,12,FULL,r110_21,2,23
0.034789183231688746,1.0714200963447527,0.0623214693429223,0.9961310612835946,2528.4200000000005,0.0,0.0,16,12,FULL,r110_21,2,24
0.04233437405419194,1.0899055386526912,0.07635578162076595,0.9942035888804163,2511.08,0.0,0.0,12,12,FULL,r110_21,2,25
0.04126691218047777,1.0841222483980024,0.07453308009526072,0.9944755095107471,2517.17,0.0,0.0,12,12,FULL,r110_21,2,26
0.041585867037849354,1.0853283736571397,0.07476717798935677,0.9944409449409931,2521.67,0.0,0.0,12,12,FULL,r110_21,2,27
0.022995767467297146,1.0532086122839348,0.041055725527450425,0.9983172637754852,2572.14,0.0,0.0,20,12,FULL,r110_21,2,28
0.03230996911686823,1.0653107451276485,0.059030057023119725,0.996527552277337,2542.92,0.0,0.0,14,12,FULL,r110_21,2,29
0.03536722609349955,1.0694356659142212,0.06589044688804768,0.9956772165934763,2547.25,0.0,0.0,20,12,FULL,r110_21,2,3
0.03230996911686823,1.0653107451276485,0.059030057023119725,0.996527552277337,2542.92,0.0,0.0,14,12,FULL,r110_21,2,30
0.023665854381825557,1.0478474451707733,0.04276639592608795,0.9981743743841546,2585.2999999999997,0.0,0.0,20,12,FULL,r110_21,2,31
0.025186166173741437,1.0635603363732538,0.04490152555554961,0.9979879096726558,2589.98,0.0,0.0,21,12,FULL,r110_21,2,32
0.036801379484508345,1.0713101946114871,0.06672117029170958,0.9955680153654545,2534.28,0.0,0.0,17,12,FULL,r110_21,2,33
0.036801379484508345,1.0713101946114871,0.06672117029170958,0.9955680153654545,2534.28,0.0,0.0,17,12,FULL,r110_21,2,34
0.036801379484508345,1.0713101946114871,0.06672117029170958,0.9955680153654545,2534.28,0.0,0.0,17,12,FULL,r110_21,2,35
0.02671475231355469,1.0533478497550353,0.04783017415759833,0.9977174961823783,2571.8,0.0,0.0,20,12,FULL,r110_21,2,36
0.02700754610680341,1.055001032023896,0.05005383509002081,0.9975008748669197,2567.7700000000004,0.0,0.0,17,12,FULL,r110_21,2,37
0.02700754610680341,1.055001032023896,0.05005383509002081,0.9975008748669197,2567.7700000000004,0.0,0.0,17,12,FULL,r110_21,2,38
0.02700754610680341,1.055001032023896,0.05005383509002081,0.9975008748669197,2567.7700000000004,0.0,0.0,17,12,FULL,r110_21,2,39
0.02256519104043712,1.0485369574261545,0.04055903589326806,0.9983576663044643,2595.96,0.0,0.0,23,12,FULL,r110_21,2,4
0.03230996911686823,1.0653107451276485,0.059030057023119725,0.996527552277337,2542.92,0.0,0.0,14,12,FULL,r110_21,2,40
0.031864545003527756,1.060119461363556,0.05869128645101059,0.9965671578930091,2546.4300000000003,0.0,0.0,13,12,FULL,r110_21,2,41
0.0362679669758544,1.0723657814765526,0.06579936340564803,0.9956891080245973,2517.3500000000004,0.0,0.0,13,12,FULL,r110_21,2,42
0.04233437405419194,1.0899055386526912,0.07635578162076595,0.9942035888804163,2511.08,0.0,0.0,12,12,FULL,r110_21,2,43
0.028116966159065743,1.0609672514712025,0.05340616926356672,0.9971558931000885,2538.74,0.0,0.0,15,12,FULL,r110_21,2,44
0.03808961214734182,1.0854667819559056,0.06748178367849332,0.9954668518812566,2509.6300000000006,0.0,0.0,13,12,FULL,r110_21,2,45
0.029614645187196587,1.0536354093636342,0.05870323645354494,0.9965657646452052,2581.6899999999996,0.0,0.0,20,12,FULL,r110_21,2,46
0.029522679324894458,1.0654746835443039,0.054911313391388224,0.9969938120767977,2528.0,0.0,0.0,15,12,FULL,r110_21,2,47
0.0369151063347101,1.0716829426568113,0.06977957637705519,0.9951544048406404,2527.24,0.0,0.0,14,12,FULL,r110_21,2,48
0.0362679669758544,1.0723657814765526,0.06579936340564803,0.9956891080245973,2517.3500000000004,0.0,0.0,13,12,FULL,r110_21,2,49
0.0316788284080561,1.059591881402502,0.05915428898317756,0.9965129720075258,2558.57,0.0,0.0,23,12,FULL,r110_21,2,5
0.03626017775627307,1.0702022265143194,0.06635522334702502,0.9956162858964371,2521.43,0.0,0.0,15,12,FULL,r110_21,2,50
0.04050897188426935,1.0864136224199656,0.07337124730087789,0.9946454852426156,2497.0600000000004,0.0,0.0,13,12,FULL,r110_21,2,51
0.04050897188426935,1.0864136224199656,0.07337124730087789,0.9946454852426156,2497.0600000000004,0.0,0.0,13,12,FULL,r110_21,2,52
0.039448525079019525,1.0761487460821273,0.07216713743138907,0.9948188880022059,2517.31,0.0,0.0,12,12,FULL,r110_21,2,53
0.04126691218047777,1.0841222483980024,0.07453308009526072,0.9944755095107471,2517.17,0.0,0.0,12,12,FULL,r110_21,2,54
0.039448525079019525,1.0761487460821273,0.07216713743138907,0.9948188880022059,2517.31,0.0,0.0,12,12,FULL,r110_21,2,55
0.039448525079019525,1.0761487460821273,0.07216713743138907,0.9948188880022059,2517.31,0.0,0.0,12,12,FULL,r110_21,2,56
0.04126691218047777,1.0841222483980024,0.07453308009526072,0.9944755095107471,2517.17,0.0,0.0,12,12,FULL,r110_21,2,57
0.04172436224455348,1.0968233017256042,0.0742595076160826,0.994515768184956,2469.8599999999997,0.0,0.0,13,12,FULL,r110_21,2,6
0.04172436224455348,1.0968233017256042,0.0742595076160826,0.994515768184956,2469.8599999999997,0.0,0.0,13,12,FULL,r110_21,2,7
0.04172436224455348,1.0968233017256042,0.0742595076160826,0.994515768184956,2469.8599999999997,0.0,0.0,13,12,FULL,r110_21,2,8
0.04233437405419194,1.0899055386526912,0.07635578162076595,0.9942035888804163,2511.08,0.0,0.0,12,12,FULL,r110_21,2,9
0.025022054042502795,1.0572492973327965,0.044270684353258594,0.9980439401758157,2558.11,0.0,0.0,19,12,FULL,r111_21,8,1
0.011417952390899858,1.0264854218269719,0.020143554576432604,0.99959440178569,2680.7200000000003,0.0,0.0,31,12,FULL,r111_21,8,10
0.011417952390899858,1.0264854218269719,0.020143554576432604,0.99959440178569,2680.7200000000003,0.0,0.0,31,12,FULL,r111_21,8,11
0.011417952390899858,1.0264854218269719,0.020143554576432604,0.99959440178569,2680.7200000000003,0.0,0.0,31,12,FULL,r111_21,8,12
0.03110659723455944,1.0766661534270587,0.055508495439814884,0.9969282715224933,2532.93,0.0,0.0,20,12,FULL,r111_21,8,13
0.03110659723455944,1.0766661534270587,0.055508495439814884,0.9969282715224933,2532.93,0.0,0.0,20,12,FULL,r111_21,8,14
0.03262678285818987,1.0787615555318215,0.05818382048760531,0.9966260650077963,2528.0099999999998,0.0,0.0,19,12,FULL,r111_21,8,15
0.010421568114881522,1.026133588270881,0.018308012773027647,0.9996649289785244,2677.78,0.0,0.0,22,12,FULL,r111_21,8,16
0.010938400078972363,1.019616957628421,0.021889876069057367,0.9995210628164187,2667.59,0.0,0.0,21,12,FULL,r111_21,8,17
0.010938400078972363,1.019616957628421,0.021889876069057367,0.9995210628164187,2667.59,0.0,0.0,21,12,FULL,r111_21,8,18
0.010938400078972363,1.019616957628421,0.021889876069057367,0.9995210628164187,2667.59,0.0,0.0,21,12,FULL,r111_21,8,19
0.018548783436956356,1.0504645484401938,0.033099021547494584,0.9989056536784882,2563.78,0.0,0.0,23,12,FULL,r111_21,8,2
0.010938400078972363,1.019616957628421,0.021889876069057367,0.9995210628164187,2667.59,0.0,0.0,21,12,FULL,r111_21,8,20
0.01883898657978896,1.038065910031554,0.03565579086038098,0.9987302788196334,2633.59,0.0,0.0,19,12,FULL,r111_21,8,21
0.01883898657978896,1.038065910031554,0.03565579086038098,0.9987302788196334,2633.59,0.0,0.0,19,12,FULL,r111_21,8,22
0.0375113430576525,1.087887397615283,0.07588691173639928,0.9942741507814218,2523.57,0.0,0.0,14,12,FULL,r111_21,8,23
0.0375113430576525,1.087887397615283,0.07588691173639928,0.9942741507814218,2523.57,0.0,0.0,14,12,FULL,r111_21,8,24
0.025787473478360006,1.0633710603249453,0.04665978619741479,0.9978275939746111,2527.81,0.0,0.0,20,12,FULL,r111_21,8,25
0.025787473478360006,1.0633710603249453,0.04665978619741479,0.9978275939746111,2527.81,0.0,0.0,20,12,FULL,r111_21,8,26
0.011058553275774171,1.0244943092336731,0.019749861120987363,0.9996100950708544,2685.9300000000003,0.0,0.0,32,12,FULL,r111_21,8,27
0.011058553275774171,1.0244943092336731,0.019749861120987363,0.9996100950708544,2685.9300000000003,0.0,0.0,32,12,FULL,r111_21,8,28
0.011058553275774171,1.0244943092336731,0.019749861120987363,0.9996100950708544,2685.9300000000003,0.0,0.0,32,12,FULL,r111_21,8,29
0.018548783436956356,1.0504645484401938,0.033099021547494584,0.9989056536784882,2563.78,0.0,0.0,23,12,FULL,r111_21,8,3
0.011058553275774171,1.0244943092336731,0.019749861120987363,0.9996100950708544,2685.9300000000003,0.0,0.0,32,12,FULL,r111_21,8,30
0.04308536554604547,1.0934160689179986,0.08219872242007646,0.9932887156971483,2510.81,0.0,0.0,14,12,FULL,r111_21,8,31
0.03285622327220716,1.0791841774105466,0.058796435514841705,0.9965548889912654,2527.02,0.0,0.0,14,12,FULL,r111_21,8,32
0.04308536554604547,1.0934160689179986,0.08219872242007646,0.9932887156971483,2510.81,0.0,0.0,14,12,FULL,r111_21,8,33
0.016083542058025497,1.0427676894176583,0.028608078629586798,0.9991822471042169,2555.2,0.0,0.0,21,12,FULL,r111_21,8,34
0.042013381608757484,1.0899129771962142,0.08149692493359015,0.9934020729999301,2518.88,0.0,0.0,15,12,FULL,r111_21,8,35
0.023914593218984148,1.0587694158440364,0.04300698772364095,0.998153813714925,2543.67,0.0,0.0,18,12,FULL,r111_21,8,36
0.023914593218984148,1.0587694158440364,0.04300698772364095,0.998153813714925,2543.67,0.0,0.0,18,12,FULL,r111_21,8,37
0.026496995348910552,1.0633385187583406,0.04674899607757635,0.9978192972232581,2532.7400000000002,0.0,0.0,15,12,FULL,r111_21,8,38
0.023575288602702305,1.0579803124348113,0.045535647684942324,0.9979307952759964,2540.6899999999996,0.0,0.0,19,12,FULL,r111_21,8,39
0.012819716014459045,1.0302580579547467,0.025506174045892678,0.9993498580450858,2654.83,0.0,0.0,21,12,FULL,r111_21,8,4
0.04308536554604547,1.0934160689179986,0.08219872242007646,0.9932887156971483,2510.81,0.0,0.0,15,12,FULL,r111_21,8,40
0.04308536554604547,1.0934160689179986,0.08219872242007646,0.9932887156971483,2510.81,0.0,0.0,16,12,FULL,r111_21,8,41
0.024429506882944246,1.0452843969688668,0.047707065209385835,0.997729204178809,2628.7200000000003,0.0,0.0,21,12,FULL,r111_21,8,42
0.008650815995890238,1.0193971904451424,0.015441642724549053,0.9997616125121122,2699.36,0.0,0.0,35,12,FULL,r111_21,8,43
0.008650815995890238,1.0193971904451424,0.015441642724549053,0.9997616125121122,2699.36,0.0,0.0,35,12,FULL,r111_21,8,44
0.008650815995890238,1.0193971904451424,0.015441642724549053,0.9997616125121122,2699.36,0.0,0.0,35,12,FULL,r111_21,8,45
0.008650815995890238,1.0193971904451424,0.015441642724549053,0.9997616125121122,2699.36,0.0,0.0,35,12,FULL,r111_21,8,46
0.02353198051820297,1.0595233411753597,0.04228524491374992,0.9982151494502192,2541.86,0.0,0.0,18,12,FULL,r111_21,8,47
0.01503266306345911,1.0458251070560853,0.026909383435777087,0.9992764090461094,2547.7299999999996,0.0,0.0,20,12,FULL,r111_21,8,48
0.01503266306345911,1.0458251070560853,0.026909383435777087,0.9992764090461094,2547.7299999999996,0.0,0.0,20,12,FULL,r111_21,8,49
0.03262678285818987,1.0787615555318215,0.05818382048760531,0.9966260650077963,2528.0099999999998,0.0,0.0,19,12,FULL,r111_21,8,5
0.019228348315269688,1.057455890163064,0.034216746404132165,0.9988305834017862,2541.95,0.0,0.0,20,12,FULL,r111_21,8,50
0.01503266306345911,1.0458251070560853,0.026909383435777087,0.9992764090461094,2547.7299999999996,0.0,0.0,20,12,FULL,r111_21,8,51
0.027316184011168126,1.0691173259760625,0.04939370049243771,0.9975662001847014,2519.05,0.0,0.0,16,12,FULL,r111_21,8,52
0.01503266306345911,1.0458251070560853,0.026909383435777087,0.9992764090461094,2547.7299999999996,0.0,0.0,20,12,FULL,r111_21,8,53
0.01503266306345911,1.0458251070560853,0.026909383435777087,0.9992764090461094,2547.7299999999996,0.0,0.0,20,12,FULL,r111_21,8,54
0.01503266306345911,1.0458251070560853,0.026909383435777087,0.9992764090461094,2547.7299999999996,0.0,0.0,21,12,FULL,r111_21,8,55
0.04295924029192596,1.0932723782823737,0.0818678847075348,0.9933422718812094,2511.1400000000003,0.0,0.0,14,12,FULL,r111_21,8,56
0.04295924029192596,1.0932723782823737,0.0818678847075348,0.9933422718812094,2511.1400000000003,0.0,0.0,15,12,FULL,r111_21,8,57
0.011020395733663424,1.0260835194666207,0.019394238268178623,0.9996240049474524,2681.7700000000004,0.0,0.0,29,12,FULL,r111_21,8,6
0.011020395733663424,1.0260835194666207,0.019394238268178623,0.9996240049474524,2681.7700000000004,0.0,0.0,29,12,FULL,r111_21,8,7
0.011020395733663424,1.0260835194666207,0.019394238268178623,0.9996240049474524,2681.7700000000004,0.0,0.0,29,12,FULL,r111_21,8,8
0.011020395733663424,1.0260835194666207,0.019394238268178623,0.9996240049474524,2681.7700000000004,0.0,0.0,29,12,FULL,r111_21,8,9
0.023226032737261256,1.0491413474240423,0.04267231375238398,0.9981823833850265,2384.55,0.0,0.0,15,11,FULL,r112_21,6,1
0.02235805179009938,1.052724407869165,0.04020213318099054,0.9983863964123921,2392.6299999999997,0.0,0.0,17,11,FULL,r112_21,6,10
0.01641050814177867,1.0348691560310097,0.0307067714435392,0.999057982421365,2363.1200000000003,0.0,0.0,28,11,FULL,r112_21,6,11
0.027146610112217025,1.0631909815361476,0.04771316684283086,0.9977286246010659,2300.1699999999996,0.0,0.0,15,11,FULL,r112_21,6,12
0.016523418402078927,1.0446341994762987,0.029167691731436893,0.9991499689266007,2341.03,0.0,0.0,23,11,FULL,r112_21,6,13
0.027821357107292822,1.0529778512624437,0.050694736419535466,0.9974366314445237,2322.48,0.0,0.0,16,11,FULL,r112_21,6,14
0.028105015279270097,1.0618015092176902,0.04988043989536158,0.9975181167859363,2303.1800000000003,0.0,0.0,17,11,FULL,r112_21,6,15
0.02844492740220097,1.068201085113598,0.05034583218191456,0.9974717056567073,2359.2,0.0,0.0,15,11,FULL,r112_21,6,16
0.03393241202671375,1.071296191561747,0.06086970991160481,0.9963085556653603,2298.58,0.0,0.0,15,11,FULL,r112_21,6,17
0.03393241202671375,1.071296191561747,0.06086970991160481,0.9963085556653603,2298.58,0.0,0.0,15,11,FULL,r112_21,6,18
0.03978683892056929,1.081509268569366,0.07263879569244523,0.9947512995751382,2327.2200000000003,0.0,0.0,14,11,FULL,r112_21,6,19
0.023995895408938882,1.045873745819398,0.04451989717159653,0.998021899393256,2392.0,0.0,0.0,16,11,FULL,r112_21,6,2
0.030090735250300715,1.0701230051591277,0.0530459974451353,0.9971940178460669,2285.27,0.0,0.0,15,11,FULL,r112_21,6,20
0.01777950704582778,1.0371407304653797,0.03187590097657027,0.9989849582934678,2364.52,0.0,0.0,22,11,FULL,r112_21,6,21
0.025493494595365297,1.0500339864645212,0.04670525659872166,0.9978233670717479,2368.5899999999997,0.0,0.0,14,11,FULL,r112_21,6,22
0.016936640689880666,1.0502730498536181,0.03087811090451137,0.9990474504826721,2384.1800000000003,0.0,0.0,31,11,FULL,r112_21,6,23
0.027821357107292822,1.0529778512624437,0.050694736419535466,0.9974366314445237,2322.48,0.0,0.0,16,11,FULL,r112_21,6,24
0.01752097884097268,1.0554888198651176,0.0330273190866331,0.998910384750411,2330.92,0.0,0.0,15,11,FULL,r112_21,6,25
0.01897197815254905,1.0475593224633548,0.03365030119508597,0.9988689379793824,2367.9900000000002,0.0,0.0,24,11,FULL,r112_21,6,26
0.029149191790232495,1.080035195472896,0.051424260559288414,0.9973625201216586,2318.48,0.0,0.0,16,11,FULL,r112_21,6,27
0.03978683892056929,1.081509268569366,0.07263879569244523,0.9947512995751382,2327.2200000000003,0.0,0.0,14,11,FULL,r112_21,6,28
0.03571421605552077,1.0800010298351834,0.06366400234904017,0.9959632561523617,2330.4700000000003,0.0,0.0,15,11,FULL,r112_21,6,29
0.0220660833796007,1.0510544841902583,0.03926998010035163,0.9984602431701767,2326.73,0.0,0.0,20,11,FULL,r112_21,6,3
0.02353107294501442,1.064606479320325,0.04191974409651678,0.9982458176180897,2356.42,0.0,0.0,15,11,FULL,r112_21,6,30
0.021598168311572928,1.067830002814523,0.038327210462158985,0.998533179660688,2344.98,0.0,0.0,24,11,FULL,r112_21,6,31
0.020191344035315497,1.0593316150830607,0.03574883779769328,0.9987236517428991,2308.55,0.0,0.0,21,11,FULL,r112_21,6,32
0.013558574189530569,1.0303260109372496,0.024518518924088694,0.9993992034033118,2373.5400000000004,0.0,0.0,30,11,FULL,r112_21,6,33
0.015260746479361164,1.0350270969025006,0.028477049342576576,0.9991897147553526,2413.5600000000004,0.0,0.0,30,11,FULL,r112_21,6,34
0.026505257399818693,1.0540943612555065,0.047180246179572845,0.9977789683327987,2320.02,0.0,0.0,17,11,FULL,r112_21,6,35
0.031835003662355726,1.0645251337576922,0.06003697818337037,0.9964085065687017,2364.3500000000004,0.0,0.0,14,11,FULL,r112_21,6,36
0.026543644682309197,1.052835369809915,0.04794873827777555,0.9977061921487702,2388.93,0.0,0.0,15,11,FULL,r112_21,6,37
0.021523373144862582,1.046051889335066,0.040603930409493096,0.9983540345043197,2393.17,0.0,0.0,15,11,FULL,r112_21,6,38
0.029149191790232495,1.080035195472896,0.051424260559288414,0.9973625201216586,2318.48,0.0,0.0,16,11,FULL,r112_21,6,39
0.026111362522597693,1.076423099739496,0.04642047433351304,0.9978497730017417,2326.26,0.0,0.0,20,11,FULL,r112_21,6,4
0.014889918931982781,1.0303260109372496,0.027352065476839386,0.9992524238024327,2373.5400000000004,0.0,0.0,31,11,FULL,r112_21,6,40
0.010042661926536052,1.0257684360468247,0.01770411675053926,0.9996866624612696,2414.97,0.0,0.0,16,11,FULL,r112_21,6,41
0.011360159837516452,1.0354594388999596,0.01999961680666661,0.9996001752513575,2418.8199999999997,0.0,0.0,17,11,FULL,r112_21,6,42
0.010220858941659795,1.0190623326329666,0.018817362936533688,0.9996460321896912,2427.3,0.0,0.0,19,11,FULL,r112_21,6,43
0.02460804758636037,1.063070817195046,0.04359848380839453,0.9981027785009587,2300.43,0.0,0.0,15,11,FULL,r112_21,6,44
0.02010747987966368,1.0480231073170314,0.03575208363567702,0.9987234202545988,2333.46,0.0,0.0,23,11,FULL,r112_21,6,45
0.01937471411997439,1.0319257938755788,0.03748571356777972,0.9985967930348838,2400.88,0.0,0.0,18,11,FULL,r112_21,6,46
0.018046113821088963,1.0394606846051024,0.032236756956525676,0.9989618703340979,2408.98,0.0,0.0,16,11,FULL,r112_21,6,47
0.03631270515045819,1.081351286325594,0.06491839833693419,0.9958032881731547,2327.5600000000004,0.0,0.0,14,11,FULL,r112_21,6,48
0.03711423321625434,1.08144421146707,0.07050694512273185,0.9950533615634448,2327.36,0.0,0.0,14,11,FULL,r112_21,6,49
0.01824374721270691,1.0477581885563718,0.032266780579376854,0.9989599377268121,2334.05,0.0,0.0,22,11,FULL,r112_21,6,5
0.02849242075334211,1.063472613650288,0.057111484371774095,0.9967488825928769,2366.69,0.0,0.0,14,11,FULL,r112_21,6,50
0.03244585648019131,1.0665406362831256,0.05929460252468044,0.996496468004018,2348.6400000000003,0.0,0.0,14,11,FULL,r112_21,6,51
0.025687499901836185,1.0815466215165597,0.04578183586064791,0.9979084074340837,2315.2400000000002,0.0,0.0,16,11,FULL,r112_21,6,6
0.007900982844035166,1.019445723530059,0.014223559041288553,0.9997977312891075,2454.01,0.0,0.0,25,11,FULL,r112_21,6,7
0.012217703103232063,1.0292008639308856,0.024622159120595746,0.999394116597489,2430.75,0.0,0.0,25,11,FULL,r112_21,6,8
0.02919932284400821,1.0766498836944323,0.054063321649729906,0.9970856753648224,2325.77,0.0,0.0,20,11,FULL,r112_21,6,9
0.0,1.0,0.0,1.0,660.96,0.0,0.0,4,1,FULL,r201C10,1,1
0.0,1.0,0.0,1.0,653.45,0.0,0.0,4,1,FULL,r201C10,1,2
0.0052086437748239955,1.0104525085478653,0.010170625087521472,0.9998965690843901,3690.98,0.0,0.0,5,4,FULL,r201_21,5,1
0.010928998473085594,1.0331189918062753,0.020870542654234492,0.9995646100962565,3719.92,0.0,0.0,6,4,FULL,r201_21,5,10
0.010589944050086508,1.031776543992096,0.019877400615672888,0.9996050449958526,3724.7599999999998,0.0,0.0,5,4,FULL,r201_21,5,11
0.004874425702550367,1.009129232484266,0.009150110482599632,0.9999162824873649,3695.8199999999997,0.0,0.0,5,4,FULL,r201_21,5,12
0.010589944050086508,1.031776543992096,0.019877400615672888,0.9996050449958526,3724.7599999999998,0.0,0.0,5,4,FULL,r201_21,5,13
0.010928998473085594,1.0331189918062753,0.020870542654234492,0.9995646100962565,3719.92,0.0,0.0,5,4,FULL,r201_21,5,2
0.0052086437748239955,1.0104525085478653,0.010170625087521472,0.9998965690843901,3690.98,0.0,0.0,6,4,FULL,r201_21,5,3
0.0052086437748239955,1.0104525085478653,0.010170625087521472,0.9998965690843901,3690.98,0.0,0.0,5,4,FULL,r201_21,5,4
0.010928998473085594,1.0331189918062753,0.020870542654234492,0.9995646100962565,3719.92,0.0,0.0,5,4,FULL,r201_21,5,5
0.0052086437748239955,1.0104525085478653,0.010170625087521472,0.9998965690843901,3690.98,0.0,0.0,4,4,FULL,r201_21,5,6
0.004874425702550367,1.009129232484266,0.009150110482599632,0.9999162824873649,3695.8199999999997,0.0,0.0,5,4,FULL,r201_21,5,7
0.0052086437748239955,1.0104525085478653,0.010170625087521472,0.9998965690843901,3690.98,0.0,0.0,8,4,FULL,r201_21,5,8
0.006186025872402023,1.0143756612181838,0.01165049593812344,0.9998642843656291,3695.83,0.0,0.0,12,4,FULL,r201_21,5,9
0.08360646413514128,1.1672129282702823,0.16721292827028222,0.9728003434600344,1406.53,0.0,0.0,7,2,FULL,r202C15,1,1
0.08360646413514128,1.1672129282702823,0.16721292827028222,0.9728003434600344,1406.53,0.0,0.0,8,2,FULL,r202C15,1,2
0.0777977996297523,1.1555955992595042,0.15559559925950436,0.9763622785041433,1420.67,0.0,0.0,12,2,FULL,r202C15,1,3
0.08360646413514128,1.1672129282702823,0.16721292827028222,0.9728003434600344,1406.53,0.0,0.0,8,2,FULL,r202C15,1,4
0.08360646413514128,1.1672129282702823,0.16721292827028222,0.9728003434600344,1406.53,0.0,0.0,9,2,FULL,r202C15,1,5
0.07713968318697328,1.1542793663739463,0.1542793663739463,0.9767512467921178,1422.29,0.0,0.0,10,2,FULL,r202C15,1,6
0.0,1.0,0.0,1.0,428.81,0.0,0.0,3,1,FULL,r202C5,1,1
0.0007394411638525314,1.0012382151564512,0.0014857681210909584,0.9999977924979634,2867.0299999999997,0.0,0.0,4,3,FULL,r202_21,2,1
0.002443950413471748,1.0041792245717596,0.004862256819469001,0.9999763590175309,2883.31,0.0,0.0,4,3,FULL,r202_21,2,10
0.0031418443443881707,1.0058270116855588,0.006033329630111558,0.9999636002585637,2853.95,0.0,0.0,3,3,FULL,r202_21,2,11
0.0031418443443881707,1.0058270116855588,0.006033329630111558,0.9999636002585637,2853.95,0.0,0.0,3,3,FULL,r202_21,2,12
0.0007394411638525314,1.0012382151564512,0.0014857681210909584,0.9999977924979634,2867.0299999999997,0.0,0.0,4,3,FULL,r202_21,2,13
0.006582123263295585,1.012244581552437,0.012624584303510648,0.999840645269141,2837.99,0.0,0.0,4,3,FULL,r202_21,2,14
0.0035589517099561263,1.0080689824389217,0.006538787254383462,0.9999572460892171,2852.9,0.0,0.0,4,3,FULL,r202_21,2,15
0.0007682267039338756,1.002168080530707,0.0015421659321058533,0.9999976217298939,2855.06,0.0,0.0,4,3,FULL,r202_21,2,16
0.006582123263295585,1.012244581552437,0.012624584303510648,0.999840645269141,2837.99,0.0,0.0,3,3,FULL,r202_21,2,17
0.004239381064409908,1.0087222163699567,0.007873352270005692,0.9999380141665141,2847.9,0.0,0.0,4,3,FULL,r202_21,2,18
0.006582123263295585,1.012244581552437,0.012624584303510648,0.999840645269141,2837.99,0.0,0.0,4,3,FULL,r202_21,2,19
0.0007394411638525314,1.0012382151564512,0.0014857681210909584,0.9999977924979634,2867.0299999999997,0.0,0.0,4,3,FULL,r202_21,2,2
0.001812061959027389,1.0034682726327468,0.0034385289490384925,0.9999881766584595,2865.98,0.0,0.0,4,3,FULL,r202_21,2,20
0.0012155766800964567,1.0032364729107568,0.0023430417878326174,0.9999945101853187,2851.87,0.0,0.0,35,3,FULL,r202_21,2,21
0.0012155766800964567,1.0032364729107568,0.0023430417878326174,0.9999945101853187,2851.87,0.0,0.0,35,3,FULL,r202_21,2,22
0.006582123263295585,1.012244581552437,0.012624584303510648,0.999840645269141,2837.99,0.0,0.0,6,3,FULL,r202_21,2,23
0.0014868163920929156,1.0030374197588854,0.002765949833236689,0.9999923495800492,2874.1499999999996,0.0,0.0,3,3,FULL,r202_21,2,24
0.0009259128369684492,1.0018094174523966,0.0017445527412627982,0.9999969565449959,2829.6400000000003,0.0,0.0,6,3,FULL,r202_21,2,25
0.001736123380187582,1.0051589012247089,0.0036483971389646846,0.9999866893754917,2830.0600000000004,0.0,0.0,3,3,FULL,r202_21,2,26
0.00030206811284709073,1.000523350567607,0.0005973386168538625,0.9999996431867042,2847.04,0.0,0.0,10,3,FULL,r202_21,2,27
0.0012134526600900604,1.002658095043621,0.002231590317583719,0.9999950200294545,2840.3799999999997,0.0,0.0,16,3,FULL,r202_21,2,28
0.003306834779496152,1.006809955142971,0.006140115550316852,0.9999623004023419,2886.95,0.0,0.0,4,3,FULL,r202_21,2,29
0.0016650398370622692,1.0042482831447717,0.003140159498556685,0.9999901394955542,2878.81,0.0,0.0,4,3,FULL,r202_21,2,3
0.002081073815549228,1.0048214633332406,0.003828230470654774,0.9999853448662399,2876.7200000000003,0.0,0.0,4,3,FULL,r202_21,2,30
0.007349929192561315,1.0122116498718443,0.014823819567669996,0.9997803026509566,2848.1,0.0,0.0,6,3,FULL,r202_21,2,31
0.001736123380187582,1.0051589012247089,0.0036483971389646846,0.9999866893754917,2830.0600000000004,0.0,0.0,3,3,FULL,r202_21,2,32
0.001700698274250012,1.0037154258978946,0.0031283335599184055,0.999990213624912,2834.13,0.0,0.0,4,3,FULL,r202_21,2,33
0.004392959298967251,1.008235935741752,0.00840025800168533,0.9999294406444793,2897.06,0.0,0.0,5,3,FULL,r202_21,2,34
0.0009259128369684492,1.0018094174523966,0.0017445527412627982,0.9999969565449959,2829.6400000000003,0.0,0.0,8,3,FULL,r202_21,2,35
0.004392959298967251,1.008235935741752,0.00840025800168533,0.9999294406444793,2897.06,0.0,0.0,5,3,FULL,r202_21,2,36
0.00330978118925603,1.0077070288935577,0.006091565558203047,0.9999628942059413,2884.38,0.0,0.0,5,3,FULL,r202_21,2,37
0.004392959298967251,1.008235935741752,0.00840025800168533,0.9999294406444793,2897.06,0.0,0.0,6,3,FULL,r202_21,2,38
0.003306834779496152,1.006809955142971,0.006140115550316852,0.9999623004023419,2886.95,0.0,0.0,4,3,FULL,r202_21,2,39
0.0021064852632933415,1.0048977520395714,0.003876319111092966,0.9999849743759216,2876.83,0.0,0.0,4,3,FULL,r202_21,2,4
0.003306834779496152,1.006809955142971,0.006140115550316852,0.9999623004023419,2886.95,0.0,0.0,4,3,FULL,r202_21,2,40
0.004392959298967251,1.008235935741752,0.00840025800168533,0.9999294406444793,2897.06,0.0,0.0,5,3,FULL,r202_21,2,41
0.004533984391009198,1.0091651590465986,0.008457409967312743,0.9999284773325027,2846.65,0.0,0.0,4,3,FULL,r202_21,2,42
0.002849150973806669,1.0053967494722833,0.005427048071456037,0.9999705480166748,2885.0699999999997,0.0,0.0,4,3,FULL,r202_21,2,5
0.002614379084967459,1.0046913194986218,0.005089712376183893,0.9999740954989884,2884.05,0.0,0.0,4,3,FULL,r202_21,2,6
0.002678842804625899,1.0048850166243115,0.005179742614219668,0.9999731709862657,2884.33,0.0,0.0,4,3,FULL,r202_21,2,7
0.002678842804625899,1.0048850166243115,0.005179742614219668,0.9999731709862657,2884.33,0.0,0.0,4,3,FULL,r202_21,2,8
0.002614379084967459,1.0046913194986218,0.005089712376183893,0.9999740954989884,2884.05,0.0,0.0,4,3,FULL,r202_21,2,9
0.0,1.0,0.0,1.0,689.06,0.0,0.0,4,1,FULL,r203C10,1,1
0.0,1.0,0.0,1.0,704.68,0.0,0.0,4,1,FULL,r203C10,1,2
0.0,1.0,0.0,1.0,679.14,0.0,0.0,4,1,FULL,r203C5,1,1
0.0,1.0,0.0,1.0,646.19,0.0,0.0,4,1,FULL,r203C5,1,2
0.0,1.0,0.0,1.0,533.97,0.0,0.0,4,1,FULL,r203C5,1,3
0.006529887597628885,1.0116945406886362,0.012723229563307306,0.9998381456305568,2868.8599999999997,0.0,0.0,3,3,FULL,r203_21,1,1
0.0016267107302228763,1.0045370525962023,0.003235580093671228,0.9999895311310557,2856.48,0.0,0.0,3,3,FULL,r203_21,1,10
0.006566324235497116,1.0111542592745602,0.01310446265334065,0.9998283025436462,2904.72,0.0,0.0,3,3,FULL,r203_21,1,11
0.0034303173390736554,1.006700923546976,0.00646402698145391,0.9999582181009831,2880.2,0.0,0.0,3,3,FULL,r203_21,1,12
0.0016252257419901994,1.0036200329475462,0.0029861820275344235,0.9999910827964158,2859.09,0.0,0.0,3,3,FULL,r203_21,1,13
0.0017950387835751573,1.0046988466467321,0.0034272480308087635,0.9999882541089028,2856.02,0.0,0.0,3,3,FULL,r203_21,1,14
0.009439158796794503,1.0204733877602683,0.017374532881398497,0.9996982167078015,2844.1800000000003,0.0,0.0,3,3,FULL,r203_21,1,15
0.0010669417633507965,1.0020278959343158,0.0020297354188492495,0.9999958801911023,2830.52,0.0,0.0,32,3,FULL,r203_21,1,16
0.00140825136225331,1.003559549925695,0.002645551492714584,0.9999930011062843,2826.2000000000003,0.0,0.0,5,3,FULL,r203_21,1,17
0.003150405429692249,1.0073474220591812,0.005799243976630041,0.9999663699003211,2837.73,0.0,0.0,4,3,FULL,r203_21,1,18
0.009439158796794503,1.0204733877602683,0.017374532881398497,0.9996982167078015,2844.1800000000003,0.0,0.0,3,3,FULL,r203_21,1,19
0.004191473939916109,1.008180321377212,0.007900696612696927,0.9999375828891727,2878.8599999999997,0.0,0.0,4,3,FULL,r203_21,1,2
0.008497104500735523,1.0231025692650517,0.016595888101245543,0.9997246523353488,2930.41,0.0,0.0,4,3,FULL,r203_21,1,20
0.008497104500735523,1.0231025692650517,0.016595888101245543,0.9997246523353488,2930.41,0.0,0.0,4,3,FULL,r203_21,1,21
0.006939194820802186,1.018423185986612,0.013353149704844046,0.9998217251805382,2923.49,0.0,0.0,4,3,FULL,r203_21,1,22
0.00140825136225331,1.003559549925695,0.002645551492714584,0.9999930011062843,2826.2000000000003,0.0,0.0,4,3,FULL,r203_21,1,23
0.00140825136225331,1.003559549925695,0.002645551492714584,0.9999930011062843,2826.2000000000003,0.0,0.0,4,3,FULL,r203_21,1,24
0.001453388342799104,1.003334861374047,0.0026716140378974487,0.9999928625293764,2857.69,0.0,0.0,4,3,FULL,r203_21,1,25
0.0016436220090822278,1.0034944527757195,0.0030332366614904066,0.999990799560004,2847.37,0.0,0.0,5,3,FULL,r203_21,1,26
0.0016436220090822278,1.0034944527757195,0.0030332366614904066,0.999990799560004,2847.37,0.0,0.0,7,3,FULL,r203_21,1,27
0.006645983567265941,1.0121138893628283,0.012852900898293666,0.9998348302240603,2871.91,0.0,0.0,3,3,FULL,r203_21,1,28
0.005238696410898284,1.0100472461872572,0.009933642342282929,0.9999013324860544,2859.49,0.0,0.0,3,3,FULL,r203_21,1,29
0.004352073591273875,1.007541685420668,0.008605443610525213,0.9999259518238043,2910.49,0.0,0.0,3,3,FULL,r203_21,1,3
0.003951475232925568,1.0115334700883325,0.00816486282156927,0.999933339459029,2866.44,0.0,0.0,3,3,FULL,r203_21,1,30
0.007020764506602273,1.0168232091620275,0.012979404360108821,0.999831563438112,2854.3900000000003,0.0,0.0,3,3,FULL,r203_21,1,31
0.0016702449424546018,1.0028465384920238,0.0033282141397656824,0.9999889231133385,2901.77,0.0,0.0,4,3,FULL,r203_21,1,32
0.004548757715410486,1.0120870933024257,0.008757595270893061,0.999923310406816,2898.96,0.0,0.0,4,3,FULL,r203_21,1,33
0.005299336721509136,1.0143405978120423,0.01031817196294415,0.9998935466608628,2902.25,0.0,0.0,5,3,FULL,r203_21,1,34
0.006988373633884493,1.0121320119123176,0.01380683085094271,0.999809407754182,2867.62,0.0,0.0,3,3,FULL,r203_21,1,35
0.0028458160116063467,1.0064501291071222,0.005228521130124039,0.9999726633141067,2869.71,0.0,0.0,3,3,FULL,r203_21,1,36
0.006988373633884493,1.0121320119123176,0.01380683085094271,0.999809407754182,2867.62,0.0,0.0,3,3,FULL,r203_21,1,37
0.003261647483955817,1.008190489599099,0.006111912939990661,0.9999626459155936,2841.1,0.0,0.0,32,3,FULL,r203_21,1,38
0.004993572803727808,1.0108915397398308,0.00918666926919208,0.9999156122296353,2834.31,0.0,0.0,41,3,FULL,r203_21,1,39
0.0036890445719330125,1.0079676467343335,0.006793520925409461,0.999953850203338,2900.48,0.0,0.0,3,3,FULL,r203_21,1,4
0.0010451169108935214,1.0017237492413076,0.0021153212236258716,0.9999955254361426,2883.25,0.0,0.0,6,3,FULL,r203_21,1,40
0.005262873767985621,1.0142311230871544,0.010242125424143347,0.9998951098698897,2902.09,0.0,0.0,4,3,FULL,r203_21,1,41
0.008497104500735523,1.0231025692650517,0.016595888101245543,0.9997246523353488,2930.41,0.0,0.0,4,3,FULL,r203_21,1,42
0.006811700257832509,1.0182876370375942,0.013196068920512767,0.9998258940831941,2924.38,0.0,0.0,5,3,FULL,r203_21,1,43
0.006811700257832509,1.0182876370375942,0.013196068920512767,0.9998258940831941,2924.38,0.0,0.0,5,3,FULL,r203_21,1,44
0.006768130941296284,1.0153684800780887,0.012435430909563784,0.9998453839679073,2889.0299999999997,0.0,0.0,3,3,FULL,r203_21,1,5
0.005161201763868177,1.0099758068667317,0.009760231890416872,0.9999047469474538,2914.05,0.0,0.0,4,3,FULL,r203_21,1,6
0.003796795326732827,1.0081440205743677,0.0069979188392068035,0.9999510315299485,2846.26,0.0,0.0,3,3,FULL,r203_21,1,7
0.005238696410898284,1.0100472461872572,0.009933642342282929,0.9999013324860544,2859.49,0.0,0.0,3,3,FULL,r203_21,1,8
0.0062000520561600325,1.015616847987843,0.011631558884718715,0.9998647251396748,2855.89,0.0,0.0,3,3,FULL,r203_21,1,9
0.005795226638140694,1.0138637647886675,0.010710173494732782,0.9998853053400866,2813.81,0.0,0.0,2,3,FULL,r204_21,6,1
0.002636341509847817,1.0055160746947363,0.004878816801931463,0.9999761977131755,2766.46,0.0,0.0,14,3,FULL,r204_21,6,10
0.001816386018163918,1.0038411505384115,0.0033549591632424376,0.9999887443757032,2767.3999999999996,0.0,0.0,15,3,FULL,r204_21,6,11
0.001775252145290877,1.0048673634706295,0.0034872338240338288,0.9999878393481398,2857.81,0.0,0.0,2,3,FULL,r204_21,6,12
0.004564763598853124,1.0104465090697698,0.00838969040487754,0.999929618048878,2872.73,0.0,0.0,3,3,FULL,r204_21,6,13
0.011475309340576167,1.0224224762335898,0.02162193336564128,0.9995327104591317,2827.52,0.0,0.0,2,3,FULL,r204_21,6,14
0.00935977879904589,1.0147617489293286,0.019364705514682376,0.9996251487464833,2811.32,0.0,0.0,2,3,FULL,r204_21,6,15
0.005809638156449341,1.0163850322249657,0.011656293395277314,0.9998641492822083,2806.83,0.0,0.0,3,3,FULL,r204_21,6,16
0.0011934220115522958,1.0021251076060844,0.002331152128688502,0.999994565759284,2776.33,0.0,0.0,4,3,FULL,r204_21,6,17
0.004667589663393053,1.012040803150623,0.008846718893997126,0.9999217416896531,2788.02,0.0,0.0,4,3,FULL,r204_21,6,18
0.003679329012872934,1.0095882644236636,0.007008562678574969,0.9999508824618316,2786.7400000000002,0.0,0.0,4,3,FULL,r204_21,6,19
0.011105022075625767,1.0300993661658722,0.021644791801196675,0.9995317223745515,2901.3900000000003,0.0,0.0,3,3,FULL,r204_21,6,2
0.005294221501790967,1.0118480127118192,0.00972652688540753,0.9999054036240683,2813.13,0.0,0.0,2,3,FULL,r204_21,6,20
0.0011934220115522958,1.0021251076060844,0.002331152128688502,0.999994565759284,2776.33,0.0,0.0,4,3,FULL,r204_21,6,21
0.0011934220115522958,1.0021251076060844,0.002331152128688502,0.999994565759284,2776.33,0.0,0.0,4,3,FULL,r204_21,6,22
0.01091367325399443,1.0193969046839173,0.021335839952611756,0.9995449890627158,2930.88,0.0,0.0,2,3,FULL,r204_21,6,23
0.001564651395669081,1.0036576735318756,0.002880990147013941,0.9999916999646637,2769.5199999999995,0.0,0.0,14,3,FULL,r204_21,6,24
0.001564651395669081,1.0036576735318756,0.002880990147013941,0.9999916999646637,2769.5199999999995,0.0,0.0,14,3,FULL,r204_21,6,25
0.0008447500947636281,1.0021335354957492,0.0015864568599382241,0.9999974831609663,2770.05,0.0,0.0,14,3,FULL,r204_21,6,26
0.009072356803738893,1.0184936504076216,0.01688652236365874,0.9997149266524489,2837.19,0.0,0.0,2,3,FULL,r204_21,6,27
0.004587778686669856,1.010519170858207,0.008432875521253802,0.9999288916671975,2872.85,0.0,0.0,2,3,FULL,r204_21,6,28
0.010353945759678407,1.0278459261099553,0.02008011273453575,0.999596951586093,2898.0899999999997,0.0,0.0,2,3,FULL,r204_21,6,29
0.0008551289118843286,1.00145203771695,0.0017069053347783748,0.9999970864826667,2775.41,0.0,0.0,13,3,FULL,r204_21,6,3
0.004587778686669856,1.010519170858207,0.008432875521253802,0.9999288916671975,2872.85,0.0,0.0,4,3,FULL,r204_21,6,30
0.002033689112049153,1.0054453779155388,0.003933314536871767,0.9999845292761009,2851.96,0.0,0.0,2,3,FULL,r204_21,6,31
0.007808970184778848,1.012132666321982,0.01627699988359016,0.9997351294497854,2862.52,0.0,0.0,2,3,FULL,r204_21,6,32
0.003643248687006976,1.0095339249127162,0.006954878657298076,0.9999516320024386,2786.8900000000003,0.0,0.0,4,3,FULL,r204_21,6,33
0.001558857703716073,1.0039584881967047,0.0029339876138545482,0.9999913917907837,2771.2599999999998,0.0,0.0,8,3,FULL,r204_21,6,34
0.0023867092676280364,1.0048393828617483,0.0044484378003972315,0.9999802117927167,2779.2799999999997,0.0,0.0,9,3,FULL,r204_21,6,35
0.002776142304055392,1.0042819675640955,0.005807613364658821,0.9999662727645715,2802.4500000000003,0.0,0.0,4,3,FULL,r204_21,6,36
0.0011597460084207256,1.0020745767107155,0.0022608724814102495,0.9999948884817503,2776.47,0.0,0.0,4,3,FULL,r204_21,6,37
0.0032397536551219317,1.0055584474853283,0.00643558252585325,0.999958584992827,2804.7400000000002,0.0,0.0,4,3,FULL,r204_21,6,38
0.004576100989814869,1.011902883373978,0.008708475834296818,0.9999241681995412,2788.3999999999996,0.0,0.0,5,3,FULL,r204_21,6,39
0.005901990606556347,1.0147717163600882,0.01104611174869096,0.9998779983014663,2787.76,0.0,0.0,2,3,FULL,r204_21,6,4
0.001636154434665323,1.003300019879638,0.0030538010703126915,0.9999906743859908,2766.6499999999996,0.0,0.0,17,3,FULL,r204_21,6,40
0.0017616892911010613,1.0051764705882353,0.0036627331230815645,0.9999865845660454,2762.5,0.0,0.0,2,3,FULL,r204_21,6,41
0.007099456937644651,1.0195212015600363,0.013974124337644606,0.9998047619743264,2892.2400000000002,0.0,0.0,5,3,FULL,r204_21,6,42
0.006917809040645799,1.0122908646061959,0.013526090450797858,0.999817078343571,2779.3,0.0,0.0,9,3,FULL,r204_21,6,43
0.008774181110569046,1.0169928970341051,0.016581396951504936,0.9997251328478606,2766.4500000000003,0.0,0.0,4,3,FULL,r204_21,6,44
0.006891256891256988,1.0174408924408924,0.012952591133449595,0.9998322585248527,2882.88,0.0,0.0,3,3,FULL,r204_21,6,45
0.008130052956905795,1.022587741469894,0.01612377421962901,0.9997400914749177,2868.37,0.0,0.0,2,3,FULL,r204_21,6,46
0.005108798265482495,1.0130858985265236,0.009651430226994863,0.9999068585707076,2856.51,0.0,0.0,3,3,FULL,r204_21,6,47
0.002306237387764328,1.004668724467913,0.004300251274365936,0.999981508180931,2844.46,0.0,0.0,4,3,FULL,r204_21,6,48
0.002458804545994416,1.0042714743746464,0.0048563070753551004,0.9999764168377686,2863.1800000000003,0.0,0.0,3,3,FULL,r204_21,6,49
0.008764636719252058,1.0227878196079263,0.016675771875901507,0.9997219959400919,2826.5099999999998,0.0,0.0,2,3,FULL,r204_21,6,5
0.00983726950734217,1.0262898898055453,0.01900395467573205,0.9996389800891295,2895.79,0.0,0.0,3,3,FULL,r204_21,6,50
0.010855159646185294,1.0297196171523466,0.021302023748938373,0.9995464296036576,2902.46,0.0,0.0,3,3,FULL,r204_21,6,51
0.011700981050471349,1.0318901664239004,0.022890484021167255,0.9994763001465194,2904.03,0.0,0.0,2,3,FULL,r204_21,6,52
0.010992122653256923,1.0196268409758493,0.021445774627821247,0.9995402901809268,2931.19,0.0,0.0,3,3,FULL,r204_21,6,53
0.011546323344775159,1.0213042277813948,0.022218417745395742,0.9995065854909538,2933.69,0.0,0.0,2,3,FULL,r204_21,6,54
0.008335149081577212,1.0221521285757271,0.016049004372798565,0.9997424957841422,2891.37,0.0,0.0,3,3,FULL,r204_21,6,55
0.011105022075625767,1.0300993661658722,0.021644791801196675,0.9995317223745515,2901.3900000000003,0.0,0.0,3,3,FULL,r204_21,6,56
0.011296739892166544,1.0209283862108445,0.02170281928418953,0.9995292093833195,2934.77,0.0,0.0,2,3,FULL,r204_21,6,57
0.009496715130460279,1.0151101719256495,0.0195625709641357,0.9996174522160846,2924.52,0.0,0.0,3,3,FULL,r204_21,6,58
0.0056233385986751054,1.016092418953836,0.01141884228660521,0.9998696270401585,2867.81,0.0,0.0,3,3,FULL,r204_21,6,59
0.005795226638140694,1.0138637647886675,0.010710173494732782,0.9998853053400866,2813.81,0.0,0.0,2,3,FULL,r204_21,6,6
0.0034251533374057472,1.0073552519606357,0.006311995587688858,0.9999601602989658,2831.99,0.0,0.0,2,3,FULL,r204_21,6,7
0.004279641960801328,1.0075401488444968,0.008398957045060164,0.9999294624964455,2757.24,0.0,0.0,14,3,FULL,r204_21,6,8
0.004279641960801328,1.0075401488444968,0.008398957045060164,0.9999294624964455,2757.24,0.0,0.0,14,3,FULL,r204_21,6,9
0.022982585865869137,1.0540597213689489,0.04235218024332354,0.9982095044533393,2718.29,0.0,0.0,3,3,FULL,r205_21,10,1
0.014383464958877804,1.0242089465746402,0.028830612945140797,0.9991694860838982,2691.98,0.0,0.0,10,3,FULL,r205_21,10,10
0.014383464958877804,1.0242089465746402,0.028830612945140797,0.9991694860838982,2691.98,0.0,0.0,10,3,FULL,r205_21,10,11
0.017712193481883205,1.0344453024262823,0.03342581697752436,0.9988839616925137,2706.6099999999997,0.0,0.0,4,3,FULL,r205_21,10,12
0.01428228308534966,1.0240567824749849,0.028617552410707934,0.999181705847723,2692.38,0.0,0.0,3,3,FULL,r205_21,10,13
0.014613381558727934,1.0233912927469204,0.03001349040054222,0.9991000011216115,2698.4399999999996,0.0,0.0,3,3,FULL,r205_21,10,14
0.014613381558727934,1.0233912927469204,0.03001349040054222,0.9991000011216115,2698.4399999999996,0.0,0.0,3,3,FULL,r205_21,10,15
0.01774343144766588,1.0503964777088979,0.03580430501776665,0.9987196930294847,2727.77,0.0,0.0,4,3,FULL,r205_21,10,16
0.0026279365899570806,1.0066362780740767,0.004935037622577291,0.9999756459967957,2709.35,0.0,0.0,15,3,FULL,r205_21,10,17
0.009497814832329846,1.0176650419097908,0.01821835082335966,0.999668201819849,2685.5299999999997,0.0,0.0,11,3,FULL,r205_21,10,18
0.01428228308534966,1.0240567824749849,0.028617552410707934,0.999181705847723,2692.38,0.0,0.0,3,3,FULL,r205_21,10,19
0.022982585865869137,1.0540597213689489,0.04235218024332354,0.9982095044533393,2718.29,0.0,0.0,3,3,FULL,r205_21,10,2
0.01428228308534966,1.0240567824749849,0.028617552410707934,0.999181705847723,2692.38,0.0,0.0,3,3,FULL,r205_21,10,20
0.01428228308534966,1.0240567824749849,0.028617552410707934,0.999181705847723,2692.38,0.0,0.0,3,3,FULL,r205_21,10,21
0.007584415456328634,1.021865603467725,0.015499489423336838,0.9997598235262121,2703.79,0.0,0.0,4,3,FULL,r205_21,10,22
0.007100606284430544,1.01824392946173,0.013433038092658982,0.9998195860426704,2707.75,0.0,0.0,3,3,FULL,r205_21,10,23
0.014578126639144559,1.0223781402151175,0.030569985951548792,0.9990663484787148,2700.85,0.0,0.0,3,3,FULL,r205_21,10,24
0.014481537027779249,1.0220852080208853,0.030466610501323422,0.9990726464274592,2700.45,0.0,0.0,3,3,FULL,r205_21,10,25
0.014481537027779249,1.0220852080208853,0.030466610501323422,0.9990726464274592,2700.45,0.0,0.0,3,3,FULL,r205_21,10,26
0.004530022298853058,1.0092586872867468,0.008426322989497389,0.9999290021219335,2752.01,0.0,0.0,9,3,FULL,r205_21,10,27
0.022982585865869137,1.0540597213689489,0.04235218024332354,0.9982095044533393,2718.29,0.0,0.0,3,3,FULL,r205_21,10,28
0.009175316994031105,1.0178213361201482,0.017322509488572686,0.9997000206796134,2707.99,0.0,0.0,5,3,FULL,r205_21,10,29
0.022982585865869137,1.0540597213689489,0.04235218024332354,0.9982095044533393,2718.29,0.0,0.0,3,3,FULL,r205_21,10,3
0.005413455452548306,1.0085446219144423,0.01119562439674653,0.9998746737030161,2685.8999999999996,0.0,0.0,5,3,FULL,r205_21,10,30
0.005413455452548306,1.0085446219144423,0.01119562439674653,0.9998746737030161,2685.8999999999996,0.0,0.0,5,3,FULL,r205_21,10,31
0.005413455452548306,1.0085446219144423,0.01119562439674653,0.9998746737030161,2685.8999999999996,0.0,0.0,6,3,FULL,r205_21,10,32
0.005413455452548306,1.0085446219144423,0.01119562439674653,0.9998746737030161,2685.8999999999996,0.0,0.0,7,3,FULL,r205_21,10,33
0.0035503480517188693,1.0067221393235963,0.006763728136620358,0.9999542540744794,2720.8599999999997,0.0,0.0,10,3,FULL,r205_21,10,34
0.00969862075638798,1.0177522720675256,0.01872397232891048,0.9996495357284926,2686.98,0.0,0.0,6,3,FULL,r205_21,10,35
0.00828941650975438,1.0156317894666471,0.015815963856093344,0.9997499178440317,2692.59,0.0,0.0,7,3,FULL,r205_21,10,36
0.006110812530501608,1.0139253877944365,0.011229040229845047,0.9998739245525394,2697.9500000000003,0.0,0.0,5,3,FULL,r205_21,10,37
0.01428228308534966,1.0240567824749849,0.028617552410707934,0.999181705847723,2692.38,0.0,0.0,3,3,FULL,r205_21,10,38
0.01428228308534966,1.0240567824749849,0.028617552410707934,0.999181705847723,2692.38,0.0,0.0,3,3,FULL,r205_21,10,39
0.022982585865869137,1.0540597213689489,0.04235218024332354,0.9982095044533393,2718.29,0.0,0.0,3,3,FULL,r205_21,10,4
0.006110812530501608,1.0139253877944365,0.011229040229845047,0.9998739245525394,2697.9500000000003,0.0,0.0,5,3,FULL,r205_21,10,40
0.003659174072137894,1.0101672765290122,0.007257513563172258,0.9999473312710214,2678.2,0.0,0.0,5,3,FULL,r205_21,10,41
0.0036561570804466057,1.0093343928727323,0.006897156176525497,0.9999524314995465,2680.41,0.0,0.0,5,3,FULL,r205_21,10,42
0.010098819353037433,1.0168907801842768,0.020303140804874387,0.9995879523267299,2674.24,0.0,0.0,7,3,FULL,r205_21,10,43
0.024588790339646376,1.0589154853601166,0.04545701722381455,0.9979379205432343,2725.09,0.0,0.0,4,3,FULL,r205_21,10,44
0.003659174072137894,1.0101672765290122,0.007257513563172258,0.9999473312710214,2678.2,0.0,0.0,5,3,FULL,r205_21,10,45
0.011538639556367839,1.0265886582578705,0.02121635544907597,0.9995500687906758,2664.67,0.0,0.0,4,3,FULL,r205_21,10,46
0.0036529135713193974,1.0084389758423133,0.006718033875036438,0.9999548700576576,2682.79,0.0,0.0,6,3,FULL,r205_21,10,47
0.0037147491236330468,1.0110657667556113,0.007825269053218578,0.9999387689137202,2675.8199999999997,0.0,0.0,4,3,FULL,r205_21,10,48
0.0037147491236330468,1.0110657667556113,0.007825269053218578,0.9999387689137202,2675.8199999999997,0.0,0.0,4,3,FULL,r205_21,10,49
0.022982585865869137,1.0540597213689489,0.04235218024332354,0.9982095044533393,2718.29,0.0,0.0,3,3,FULL,r205_21,10,5
0.0037147491236330468,1.0110657667556113,0.007825269053218578,0.9999387689137202,2675.8199999999997,0.0,0.0,4,3,FULL,r205_21,10,50
0.022982585865869137,1.0540597213689489,0.04235218024332354,0.9982095044533393,2718.29,0.0,0.0,3,3,FULL,r205_21,10,51
0.014317338571383953,1.0234851744457956,0.029055353600082174,0.99915649852257,2672.75,0.0,0.0,4,3,FULL,r205_21,10,52
0.018885549202618535,1.0303509683834664,0.038711416663457086,0.9985036685829362,2654.94,0.0,0.0,4,3,FULL,r205_21,10,53
0.018885549202618535,1.0303509683834664,0.038711416663457086,0.9985036685829362,2654.94,0.0,0.0,4,3,FULL,r205_21,10,54
0.022982585865869137,1.0540597213689489,0.04235218024332354,0.9982095044533393,2718.29,0.0,0.0,3,3,FULL,r205_21,10,6
0.022982585865869137,1.0540597213689489,0.04235218024332354,0.9982095044533393,2718.29,0.0,0.0,3,3,FULL,r205_21,10,7
0.022982585865869137,1.0540597213689489,0.04235218024332354,0.9982095044533393,2718.29,0.0,0.0,3,3,FULL,r205_21,10,8
0.016265315522800528,1.0381133118378627,0.02995814241244367,0.9991033144697585,2713.75,0.0,0.0,5,3,FULL,r205_21,10,9
0.00911442537334454,1.0167265268010426,0.01757729781753878,0.9996911340290958,2720.23,0.0,0.0,3,3,FULL,r206_21,4,1
0.0026382384982110985,1.0060357867016818,0.004848806107442682,0.9999764896320831,2756.8900000000003,0.0,0.0,5,3,FULL,r206_21,4,10
0.014123232315862507,1.0318338191462582,0.025946157755728172,0.9993272497952398,2741.11,0.0,0.0,3,3,FULL,r206_21,4,11
0.014123232315862507,1.0318338191462582,0.025946157755728172,0.9993272497952398,2741.11,0.0,0.0,3,3,FULL,r206_21,4,12
0.0012817742685646099,1.0023767757151385,0.0024616005435091725,0.9999939405594812,2730.59,0.0,0.0,15,3,FULL,r206_21,4,13
0.0026382384982110985,1.0060357867016818,0.004848806107442682,0.9999764896320831,2756.8900000000003,0.0,0.0,3,3,FULL,r206_21,4,14
0.0012817742685646099,1.0023767757151385,0.0024616005435091725,0.9999939405594812,2730.59,0.0,0.0,15,3,FULL,r206_21,4,15
0.004190378284441465,1.0069721334948782,0.00844562295233608,0.9999286765403459,2723.7000000000003,0.0,0.0,16,3,FULL,r206_21,4,16
0.003751399087364623,1.0099553522010258,0.007216994974518489,0.9999479176962454,2710.1,0.0,0.0,17,3,FULL,r206_21,4,17
0.0034106329797364645,1.0062873753552242,0.006565397465931275,0.999956897414027,2765.8599999999997,0.0,0.0,3,3,FULL,r206_21,4,18
0.002639607663814066,1.0065578887009792,0.004927592243850245,0.9999757194242391,2755.46,0.0,0.0,3,3,FULL,r206_21,4,19
0.00911442537334454,1.0167265268010426,0.01757729781753878,0.9996911340290958,2720.23,0.0,0.0,3,3,FULL,r206_21,4,2
0.0034106329797364645,1.0062873753552242,0.006565397465931275,0.999956897414027,2765.8599999999997,0.0,0.0,4,3,FULL,r206_21,4,20
0.0034106329797364645,1.0062873753552242,0.006565397465931275,0.999956897414027,2765.8599999999997,0.0,0.0,5,3,FULL,r206_21,4,21
0.004075452128114924,1.006318663173422,0.008503764505274004,0.9999276912181768,2725.2599999999998,0.0,0.0,11,3,FULL,r206_21,4,22
0.011549233184634003,1.0240702623116535,0.021389530892388733,0.9995426971897415,2730.34,0.0,0.0,4,3,FULL,r206_21,4,23
0.011549233184634003,1.0240702623116535,0.021389530892388733,0.9995426971897415,2730.34,0.0,0.0,3,3,FULL,r206_21,4,24
0.011549233184634003,1.0240702623116535,0.021389530892388733,0.9995426971897415,2730.34,0.0,0.0,3,3,FULL,r206_21,4,25
0.01401220246389867,1.0237220531122075,0.02800896730716264,0.9992161127117273,2762.83,0.0,0.0,3,3,FULL,r206_21,4,26
0.005874243241623223,1.012156087034706,0.010895480689283641,0.9998813025912969,2780.5,0.0,0.0,6,3,FULL,r206_21,4,27
0.005874243241623223,1.012156087034706,0.010895480689283641,0.9998813025912969,2780.5,0.0,0.0,3,3,FULL,r206_21,4,28
0.003751399087364623,1.0099553522010258,0.007216994974518489,0.9999479176962454,2710.1,0.0,0.0,17,3,FULL,r206_21,4,29
0.005317427459371397,1.0098740011504401,0.010206184565423106,0.9998958446460845,2729.3900000000003,0.0,0.0,3,3,FULL,r206_21,4,3
0.002869398343674797,1.0043187747448914,0.006076561300207939,0.9999630767661403,2725.31,0.0,0.0,25,3,FULL,r206_21,4,30
0.003336633830335334,1.0054530474187464,0.006783453517887928,0.9999539868756757,2767.26,0.0,0.0,3,3,FULL,r206_21,4,31
0.001257339537502992,1.0035681257145355,0.0025353735480457807,0.9999935719222922,2746.54,0.0,0.0,6,3,FULL,r206_21,4,32
0.00506639418011708,1.0094967422475012,0.009688694163715424,0.9999061380163009,2730.41,0.0,0.0,10,3,FULL,r206_21,4,33
0.0034106329797364645,1.0062873753552242,0.006565397465931275,0.999956897414027,2765.8599999999997,0.0,0.0,3,3,FULL,r206_21,4,34
0.0036623284939998335,1.0070439587843478,0.006937569241844643,0.9999518724493871,2766.91,0.0,0.0,7,3,FULL,r206_21,4,35
0.006754736318370942,1.0150157639465327,0.012411923539932453,0.999845967883587,2686.51,0.0,0.0,7,3,FULL,r206_21,4,36
0.006754736318370942,1.0150157639465327,0.012411923539932453,0.999845967883587,2686.51,0.0,0.0,8,3,FULL,r206_21,4,37
0.019593368751330775,1.0429758767484292,0.036029480936378366,0.9987035594434034,2614.49,0.0,0.0,7,3,FULL,r206_21,4,38
0.01695769846743156,1.0389701932126025,0.031174614677969087,0.999029086987899,2624.5699999999997,0.0,0.0,8,3,FULL,r206_21,4,39
0.001257339537502992,1.0035681257145355,0.0025353735480457807,0.9999935719222922,2746.54,0.0,0.0,3,3,FULL,r206_21,4,4
0.014869682843795454,1.0284256339855478,0.028228756495528685,0.999203771791271,2651.48,0.0,0.0,11,3,FULL,r206_21,4,40
0.005874243241623223,1.012156087034706,0.010895480689283641,0.9998813025912969,2780.5,0.0,0.0,3,3,FULL,r206_21,4,41
0.008426241724226754,1.0198331948066837,0.015529279106591659,0.9997588996338348,2791.28,0.0,0.0,3,3,FULL,r206_21,4,42
0.01401220246389867,1.0237220531122075,0.02800896730716264,0.9992161127117273,2762.83,0.0,0.0,3,3,FULL,r206_21,4,43
0.014123232315862507,1.0318338191462582,0.025946157755728172,0.9993272497952398,2741.11,0.0,0.0,3,3,FULL,r206_21,4,44
0.01401220246389867,1.0237220531122075,0.02800896730716264,0.9992161127117273,2762.83,0.0,0.0,3,3,FULL,r206_21,4,45
0.012257484696312234,1.0195853288082382,0.025196993181430538,0.9993655143622276,2752.06,0.0,0.0,3,3,FULL,r206_21,4,46
0.014123232315862507,1.0318338191462582,0.025946157755728172,0.9993272497952398,2741.11,0.0,0.0,3,3,FULL,r206_21,4,47
0.014123232315862507,1.0318338191462582,0.025946157755728172,0.9993272497952398,2741.11,0.0,0.0,3,3,FULL,r206_21,4,48
0.011709953460441458,1.0245550181068543,0.021661380168605218,0.9995310046690188,2731.01,0.0,0.0,3,3,FULL,r206_21,4,49
0.00911442537334454,1.0167265268010426,0.01757729781753878,0.9996911340290958,2720.23,0.0,0.0,3,3,FULL,r206_21,4,5
0.005874243241623223,1.012156087034706,0.010895480689283641,0.9998813025912969,2780.5,0.0,0.0,3,3,FULL,r206_21,4,6
0.0034106329797364645,1.0062873753552242,0.006565397465931275,0.999956897414027,2765.8599999999997,0.0,0.0,3,3,FULL,r206_21,4,7
0.0011764246453642713,1.0034267639047536,0.0024263383707242127,0.9999941129167687,2731.44,0.0,0.0,8,3,FULL,r206_21,4,8
0.001257339537502992,1.0035681257145355,0.0025353735480457807,0.9999935719222922,2746.54,0.0,0.0,4,3,FULL,r206_21,4,9
0.011734001943275896,1.0236769444935818,0.021898388262208166,0.999520690439341,2600.42,0.0,0.0,4,3,FULL,r207_21,4,1
0.010619952270745525,1.0266632151177841,0.0198990237840806,0.9996041855835295,2588.21,0.0,0.0,5,3,FULL,r207_21,4,10
0.0041326766687584575,1.0104356424347298,0.007760654868256864,0.9999397758631807,2629.45,0.0,0.0,9,3,FULL,r207_21,4,11
0.0041326766687584575,1.0104356424347298,0.007760654868256864,0.9999397758631807,2629.45,0.0,0.0,9,3,FULL,r207_21,4,12
0.009716510472889203,1.0197330823276296,0.018102528533347883,0.9996724058138183,2677.23,0.0,0.0,3,3,FULL,r207_21,4,13
0.003875532040153266,1.007602005155685,0.007293232468812988,0.9999468115893134,2661.14,0.0,0.0,6,3,FULL,r207_21,4,14
0.014950035007319507,1.0240099293488638,0.0306546527756705,0.9990611744848032,2618.5,0.0,0.0,6,3,FULL,r207_21,4,15
0.01579546931504557,1.0250120415605861,0.03261471321626755,0.9989374107787151,2615.94,0.0,0.0,6,3,FULL,r207_21,4,16
0.01463968669399085,1.030399951378311,0.02713352118900141,0.9992643136607473,2632.5699999999997,0.0,0.0,6,3,FULL,r207_21,4,17
0.009488083627178975,1.02288993923025,0.017566561546323498,0.9996915111102007,2665.8,0.0,0.0,3,3,FULL,r207_21,4,18
0.0028387692610494972,1.0075814064398427,0.005481780968409468,0.9999699509803851,2641.9900000000002,0.0,0.0,5,3,FULL,r207_21,4,19
0.011607750287311092,1.0226274258084107,0.021888522619440427,0.9995211220115371,2601.71,0.0,0.0,4,3,FULL,r207_21,4,2
0.005555112261143543,1.0117637671412452,0.010258225290590416,0.9998947798863249,2631.81,0.0,0.0,5,3,FULL,r207_21,4,20
0.005647336373427958,1.0113604866176353,0.010548005416480011,0.9998887519592375,2633.69,0.0,0.0,5,3,FULL,r207_21,4,21
0.006427884171651114,1.0103093956600402,0.013188925224770028,0.9998260825039724,2636.4300000000003,0.0,0.0,3,3,FULL,r207_21,4,22
0.003732801232127899,1.010177952953048,0.007304611059912065,0.9999466455041177,2636.09,0.0,0.0,3,3,FULL,r207_21,4,23
0.006463864812304247,1.014414215424924,0.011876289652140272,0.9998589736353394,2625.88,0.0,0.0,3,3,FULL,r207_21,4,24
0.0031791448100461452,1.0076753638985396,0.005886982714810319,0.9999653446355516,2642.2200000000003,0.0,0.0,3,3,FULL,r207_21,4,25
0.0015256795494845339,1.0031405874745982,0.0028331489203903574,0.9999919733316228,2652.37,0.0,0.0,4,3,FULL,r207_21,4,26
0.01474105167058637,1.0386934000178618,0.02818611161387703,0.9992061737728041,2687.28,0.0,0.0,3,3,FULL,r207_21,4,27
0.009488083627178975,1.02288993923025,0.017566561546323498,0.9996915111102007,2665.8,0.0,0.0,3,3,FULL,r207_21,4,28
0.027349443114957683,1.0746495852600897,0.053557374943138,0.997139811731523,2778.85,0.0,0.0,3,3,FULL,r207_21,4,29
0.012232690071149873,1.0311470388273352,0.023049727504467446,0.999468992181081,2676.98,0.0,0.0,3,3,FULL,r207_21,4,3
0.024807786170269353,1.0700305899067806,0.04981050476916121,0.9975250541690471,2759.08,0.0,0.0,1,3,FULL,r207_21,4,30
0.024732130812665048,1.0667673585014743,0.04808041075611939,0.9976936058526054,2767.52,0.0,0.0,3,3,FULL,r207_21,4,31
0.00840374536699636,1.01407398855609,0.01688478608845893,0.9997149852553111,2771.78,0.0,0.0,2,3,FULL,r207_21,4,32
0.01217787330995431,1.0265262938680493,0.022406293659332527,0.9994982099241425,2689.0299999999997,0.0,0.0,3,3,FULL,r207_21,4,33
0.009716510472889203,1.0197330823276296,0.018102528533347883,0.9996724058138183,2677.23,0.0,0.0,3,3,FULL,r207_21,4,34
0.009716510472889203,1.0197330823276296,0.018102528533347883,0.9996724058138183,2677.23,0.0,0.0,3,3,FULL,r207_21,4,35
0.012185577010142593,1.0271756725076564,0.022388947644612373,0.9994989861640553,2687.33,0.0,0.0,3,3,FULL,r207_21,4,36
0.009716510472889203,1.0197330823276296,0.018102528533347883,0.9996724058138183,2677.23,0.0,0.0,3,3,FULL,r207_21,4,37
0.014636153672199134,1.0345625280359452,0.0269871055698089,0.9992722261734563,2697.4300000000003,0.0,0.0,3,3,FULL,r207_21,4,38
0.0146579080043893,1.0346281028500253,0.0270289420045148,0.9992699696278106,2697.52,0.0,0.0,3,3,FULL,r207_21,4,39
0.01714053226115257,1.049806145893165,0.03527379490122991,0.9987573056040951,2785.6,0.0,0.0,1,3,FULL,r207_21,4,4
0.012207495168848373,1.027241741149504,0.0224288603693218,0.999497199158396,2687.42,0.0,0.0,4,3,FULL,r207_21,4,40
0.008754269914071836,1.016847554606966,0.016579824848595943,0.9997251849520611,2642.52,0.0,0.0,3,3,FULL,r207_21,4,41
0.008754269914071836,1.016847554606966,0.016579824848595943,0.9997251849520611,2642.52,0.0,0.0,3,3,FULL,r207_21,4,42
0.0067080417271885295,1.0137669540284093,0.012465349943582048,0.9998446391915152,2650.5499999999997,0.0,0.0,3,3,FULL,r207_21,4,43
0.008754269914071836,1.016847554606966,0.016579824848595943,0.9997251849520611,2642.52,0.0,0.0,3,3,FULL,r207_21,4,44
0.008754269914071836,1.016847554606966,0.016579824848595943,0.9997251849520611,2642.52,0.0,0.0,3,3,FULL,r207_21,4,45
0.00790165264476069,1.0155639376233057,0.01485033315204314,0.9997795162290873,2645.86,0.0,0.0,4,3,FULL,r207_21,4,46
0.024913375287399713,1.0637082933042605,0.04703111004697247,0.9977929565031256,2779.23,0.0,0.0,4,3,FULL,r207_21,4,47
0.024732779241447123,1.0633032998064076,0.04670874286511888,0.9978230428219341,2748.04,0.0,0.0,1,3,FULL,r207_21,4,48
0.02146492799071679,1.0617263527364007,0.04376930544296047,0.9980879109895758,2780.66,0.0,0.0,1,3,FULL,r207_21,4,49
0.01448789531420284,1.0418416376199866,0.029653125981968884,0.9991214646225782,2774.27,0.0,0.0,2,3,FULL,r207_21,4,5
0.012185577010142593,1.0271756725076564,0.022388947644612373,0.9994989861640553,2687.33,0.0,0.0,3,3,FULL,r207_21,4,50
0.009716510472889203,1.0197330823276296,0.018102528533347883,0.9996724058138183,2677.23,0.0,0.0,3,3,FULL,r207_21,4,51
0.026544514056460116,1.0643095411587653,0.04919447176752153,0.9975857466724624,2731.01,0.0,0.0,1,3,FULL,r207_21,4,52
0.013661447350711212,1.0271770828659876,0.02559799847453868,0.999345171555364,2674.68,0.0,0.0,3,3,FULL,r207_21,4,53
0.00561190228536157,1.01267124744313,0.0103099146061319,0.9998937169580999,2586.17,0.0,0.0,4,3,FULL,r207_21,4,54
0.010145983637725417,1.0158637503004497,0.021081752110475145,0.9995557571673577,2621.0699999999997,0.0,0.0,4,3,FULL,r207_21,4,55
0.015788656022290848,1.0255472532098506,0.03225547318366599,0.9989606657891726,2660.56,0.0,0.0,4,3,FULL,r207_21,4,56
0.01596139988094129,1.0257806184791805,0.03263698201383168,0.9989359607904347,2659.75,0.0,0.0,5,3,FULL,r207_21,4,57
0.013798154675003596,1.0310052941263217,0.025348893638689585,0.9993578462177442,2712.44,0.0,0.0,6,3,FULL,r207_21,4,58
0.012901230476948022,1.0296463207192876,0.02371721131173014,0.9994378101228368,2716.02,0.0,0.0,7,3,FULL,r207_21,4,59
0.019776659724558037,1.0573010227085675,0.04059407097384824,0.9983548324381857,2794.54,0.0,0.0,1,3,FULL,r207_21,4,6
0.013010161031845602,1.033701761582209,0.024708243084483474,0.9993898752032047,2706.0899999999997,0.0,0.0,8,3,FULL,r207_21,4,60
0.012359440844997108,1.0222751465670403,0.024016496526320298,0.9994235403919519,2628.49,0.0,0.0,4,3,FULL,r207_21,4,61
0.005589575710892951,1.0086424032351242,0.011679095725748103,0.9998636173258,2596.5,0.0,0.0,5,3,FULL,r207_21,4,62
0.009581657969030507,1.0187666726292786,0.01804005946147296,0.9996746621338002,2571.58,0.0,0.0,3,3,FULL,r207_21,4,63
0.009856703655108193,1.0154314178558572,0.020467493563858505,0.9995812571262633,2583.69,0.0,0.0,4,3,FULL,r207_21,4,64
0.012633459306528039,1.0277708939966543,0.023227590135526967,0.999460769982384,2582.5600000000004,0.0,0.0,3,3,FULL,r207_21,4,65
0.010347392695083002,1.0232760544521313,0.01900937584079469,0.999638774161401,2688.6,0.0,0.0,3,3,FULL,r207_21,4,66
0.022207328608571924,1.0646006531008028,0.04574659407543189,0.9979116195904156,2805.08,0.0,0.0,1,3,FULL,r207_21,4,67
0.024915321381396332,1.0673190502508751,0.04846303579335465,0.9976568374674858,2768.31,0.0,0.0,3,3,FULL,r207_21,4,68
0.022563024194523013,1.0602349358277137,0.04355995843945313,0.9981061235943771,2758.2,0.0,0.0,3,3,FULL,r207_21,4,69
0.021850104972534368,1.062771418710995,0.04451638911329366,0.9980222105033609,2781.68,0.0,0.0,2,3,FULL,r207_21,4,7
0.022107865753392186,1.0598324874897966,0.043048403439442676,0.9981502628295699,2817.7,0.0,0.0,1,3,FULL,r207_21,4,70
0.008809010932267677,1.0239030161036118,0.01718234791365916,0.9997048540570197,2595.07,0.0,0.0,4,3,FULL,r207_21,4,8
0.004912243367584779,1.0116700614093757,0.009066523697742268,0.9999178049046273,2631.52,0.0,0.0,5,3,FULL,r207_21,4,9
0.004580488043000708,1.0091609760860014,0.009160976086001435,0.9999160835597118,1843.69,0.0,0.0,2,2,FULL,r208_21,5,1
0.0007023396690224448,1.001404679338045,0.001404679338044832,0.9999980268798504,1822.48,0.0,0.0,2,2,FULL,r208_21,5,10
0.001514465189130787,1.0030289303782616,0.003028930378261595,0.9999908256649326,1832.33,0.0,0.0,2,2,FULL,r208_21,5,11
0.004142024819232093,1.0082840496384642,0.008284049638464335,0.9999313792307206,1822.7800000000002,0.0,0.0,2,2,FULL,r208_21,5,12
0.004142024819232093,1.0082840496384642,0.008284049638464335,0.9999313792307206,1822.7800000000002,0.0,0.0,2,2,FULL,r208_21,5,13
0.0026644248621237043,1.0053288497242472,0.005328849724247097,0.9999716041669627,1825.91,0.0,0.0,2,2,FULL,r208_21,5,14
0.004142024819232093,1.0082840496384642,0.008284049638464335,0.9999313792307206,1822.7800000000002,0.0,0.0,2,2,FULL,r208_21,5,15
8.743264953725571e-05,1.0001748652990743,0.00017486529907427203,0.9999999694221281,1829.98,0.0,0.0,4,2,FULL,r208_21,5,16
0.004983753403003277,1.0099675068060068,0.009967506806006832,0.9999006586777511,1821.92,0.0,0.0,2,2,FULL,r208_21,5,17
0.00804845985588587,1.016096919711772,0.016096919711771858,0.9997409562968201,1833.27,0.0,0.0,2,2,FULL,r208_21,5,18
0.008508535982873155,1.0170170719657463,0.01701707196574628,0.9997105030944402,1821.7,0.0,0.0,2,2,FULL,r208_21,5,19
0.002447769049015669,1.0048955380980313,0.004895538098031341,0.9999760342811004,1824.1100000000001,0.0,0.0,2,2,FULL,r208_21,5,2
0.016380054157011825,1.0327601083140239,0.032760108314023845,0.998927925879676,1842.79,0.0,0.0,2,2,FULL,r208_21,5,20
0.00537480921897826,1.0107496184379563,0.010749618437956325,0.9998844590546911,1821.46,0.0,0.0,2,2,FULL,r208_21,5,21
0.0006995999934154007,1.001399199986831,0.001399199986831034,0.9999980422432296,1822.47,0.0,0.0,2,2,FULL,r208_21,5,22
0.0007023396690224448,1.001404679338045,0.001404679338044832,0.9999980268798504,1822.48,0.0,0.0,2,2,FULL,r208_21,5,23
0.010354820852915836,1.020709641705832,0.020709641705831897,0.9995712946075541,1842.62,0.0,0.0,2,2,FULL,r208_21,5,24
0.004867487139415427,1.0097349742788304,0.009734974278830468,0.9999052392562403,1842.8400000000001,0.0,0.0,2,2,FULL,r208_21,5,25
0.0008975589650142002,1.0017951179300284,0.001795117930028396,0.9999967775620011,1843.8899999999999,0.0,0.0,2,2,FULL,r208_21,5,26
0.008354905759702103,1.0167098115194042,0.01670981151940437,0.9997208601398041,1842.63,0.0,0.0,2,2,FULL,r208_21,5,27
0.006090418657853203,1.0121808373157064,0.012180837315706395,0.9998516492135093,1818.4299999999998,0.0,0.0,2,2,FULL,r208_21,5,28
0.0008265189000984385,1.0016530378001967,0.0016530378001966021,0.9999972674734979,1820.89,0.0,0.0,2,2,FULL,r208_21,5,29
0.013840492395870596,1.0276809847917412,0.027680984791741296,0.9992343497504477,1842.42,0.0,0.0,2,2,FULL,r208_21,5,3
0.00289302386744672,1.0057860477348939,0.005786047734893845,0.9999665227723717,1825.08,0.0,0.0,2,2,FULL,r208_21,5,30
0.005305061514686571,1.0106101230293731,0.010610123029373093,0.9998874379609405,1831.27,0.0,0.0,2,2,FULL,r208_21,5,4
0.010824331261673592,1.0216486625233472,0.021648662523347125,0.9995315549545548,1831.06,0.0,0.0,2,2,FULL,r208_21,5,5
0.007511869404036808,1.0150237388080734,0.015023738808073377,0.9997743382069656,1845.08,0.0,0.0,2,2,FULL,r208_21,5,6
0.007870403049339947,1.0157408060986801,0.015740806098680036,0.9997522883996044,1841.71,0.0,0.0,2,2,FULL,r208_21,5,7
0.0024642964831007586,1.0049285929662015,0.004928592966201589,0.9999757095614132,1824.05,0.0,0.0,2,2,FULL,r208_21,5,8
0.004583224854638468,1.0091664497092772,0.009166449709277087,0.9999159832591332,1843.6799999999998,0.0,0.0,2,2,FULL,r208_21,5,9
0.0,1.0,0.0,1.0,825.45,0.0,0.0,6,1,FULL,r209C15,1,1
0.0,1.0,0.0,1.0,840.41,0.0,0.0,6,1,FULL,r209C15,1,2
0.0,1.0,0.0,1.0,829.27,0.0,0.0,6,1,FULL,r209C15,1,3
0.0,1.0,0.0,1.0,815.27,0.0,0.0,6,1,FULL,r209C15,1,4
0.010158316015149124,1.0254804848080337,0.019027468238602456,0.9996380864812451,2636.92,0.0,0.0,4,3,FULL,r209_21,10,1
0.0039121980032449,1.0085301258423691,0.007197477377930227,0.9999481990028766,2607.23,0.0,0.0,3,3,FULL,r209_21,10,10
0.0066890739184681065,1.016874188373692,0.012556365314075384,0.9998423625435848,2618.2,0.0,0.0,3,3,FULL,r209_21,10,11
0.0039429691403098195,1.0106221897698011,0.007655044675712307,0.9999414037247378,2602.1000000000004,0.0,0.0,3,3,FULL,r209_21,10,12
0.0010085846066713404,1.0022111277915489,0.00185471464238029,0.9999965600454286,2577.87,0.0,0.0,3,3,FULL,r209_21,10,13
0.0010085846066713404,1.0022111277915489,0.00185471464238029,0.9999965600454286,2577.87,0.0,0.0,3,3,FULL,r209_21,10,14
0.0026947204483686407,1.004806694792171,0.00525973743840453,0.9999723359274009,2602.62,0.0,0.0,4,3,FULL,r209_21,10,15
0.006507707899930566,1.0136593283496786,0.01203597812162275,0.9998551562134175,2624.58,0.0,0.0,3,3,FULL,r209_21,10,16
0.0013441948388572083,1.0020779761514647,0.002808866895110404,0.9999921103290129,2593.87,0.0,0.0,5,3,FULL,r209_21,10,17
0.0013441948388572083,1.0020779761514647,0.002808866895110404,0.9999921103290129,2593.87,0.0,0.0,5,3,FULL,r209_21,10,18
0.004858656696633694,1.008038710684461,0.009819066938118837,0.9999035952192425,2690.73,0.0,0.0,3,3,FULL,r209_21,10,19
0.007582020574352495,1.013879724225807,0.014636983405570847,0.999785804606281,2636.94,0.0,0.0,4,3,FULL,r209_21,10,2
0.0004649180581923022,1.0009569563364458,0.0008633557410130217,0.99999925461742,2581.1,0.0,0.0,15,3,FULL,r209_21,10,20
0.0010085846066713404,1.0022111277915489,0.00185471464238029,0.9999965600454286,2577.87,0.0,0.0,5,3,FULL,r209_21,10,21
0.0064956549848827665,1.0117819315826504,0.01258802068653087,0.9998415668402391,2629.45,0.0,0.0,5,3,FULL,r209_21,10,22
0.00566326309150833,1.0149867099709686,0.010877464222946063,0.9998816947698621,2610.98,0.0,0.0,6,3,FULL,r209_21,10,23
0.0010085846066713404,1.0022111277915489,0.00185471464238029,0.9999965600454286,2577.87,0.0,0.0,6,3,FULL,r209_21,10,24
0.0013441948388572083,1.0020779761514647,0.002808866895110404,0.9999921103290129,2593.87,0.0,0.0,3,3,FULL,r209_21,10,25
0.0013441948388572083,1.0020779761514647,0.002808866895110404,0.9999921103290129,2593.87,0.0,0.0,3,3,FULL,r209_21,10,26
0.0031652666448812226,1.007485150798685,0.005837619905528959,0.9999659233550959,2601.15,0.0,0.0,3,3,FULL,r209_21,10,27
0.006020030189468913,1.0160580923981488,0.011616503808991574,0.9998650750464553,2612.39,0.0,0.0,6,3,FULL,r209_21,10,28
0.0017648271242336477,1.0042974184572575,0.0032749205157403096,0.9999892750106426,2587.6000000000004,0.0,0.0,5,3,FULL,r209_21,10,29
0.0021468761154895453,1.0048651397138697,0.003944367993089551,0.9999844422031839,2596.02,0.0,0.0,3,3,FULL,r209_21,10,3
0.0006660084025478241,1.0013010396700934,0.0012550041318296818,0.9999984249671099,2582.55,0.0,0.0,5,3,FULL,r209_21,10,30
0.002581651348363856,1.0070825068515967,0.005073382114301159,0.9999742614564118,2641.72,0.0,0.0,3,3,FULL,r209_21,10,31
0.004858656696633694,1.008038710684461,0.009819066938118837,0.9999035952192425,2690.73,0.0,0.0,4,3,FULL,r209_21,10,32
0.004843484831592952,1.0079750269426586,0.009811267652791255,0.9999037482923283,2690.9,0.0,0.0,5,3,FULL,r209_21,10,33
0.004474857222454294,1.0102680436988836,0.008225683188938245,0.9999323427138932,2680.16,0.0,0.0,3,3,FULL,r209_21,10,34
0.004474857222454294,1.0102680436988836,0.008225683188938245,0.9999323427138932,2680.16,0.0,0.0,4,3,FULL,r209_21,10,35
0.004474857222454294,1.0102680436988836,0.008225683188938245,0.9999323427138932,2680.16,0.0,0.0,5,3,FULL,r209_21,10,36
0.002391931800334183,1.0064806160833597,0.004660912339388899,0.9999782763680911,2589.26,0.0,0.0,4,3,FULL,r209_21,10,37
0.007754475443738122,1.018250675598523,0.014291084100354701,0.9997958066186894,2627.3,0.0,0.0,4,3,FULL,r209_21,10,38
0.00421455644924255,1.0094386640188313,0.007742885635702716,0.9999400513160926,2608.42,0.0,0.0,4,3,FULL,r209_21,10,39
0.0020274308561066454,1.0053867317917646,0.0039030945272983163,0.9999847660851866,2587.84,0.0,0.0,3,3,FULL,r209_21,10,4
0.005930899426493201,1.012295425933697,0.010996306394015836,0.9998790958652664,2621.3,0.0,0.0,3,3,FULL,r209_21,10,40
0.002859029340307906,1.0065655108752092,0.005255723589191599,0.9999723781325425,2599.95,0.0,0.0,3,3,FULL,r209_21,10,5
0.0007350127106507583,1.0017678322954446,0.0013599040141214014,0.9999981506644924,2630.34,0.0,0.0,3,3,FULL,r209_21,10,6
0.003926220725547047,1.0063294045614573,0.00803568876240648,0.9999354318754254,2613.2,0.0,0.0,3,3,FULL,r209_21,10,7
0.003926220725547047,1.0063294045614573,0.00803568876240648,0.9999354318754254,2613.2,0.0,0.0,3,3,FULL,r209_21,10,8
0.0013441948388572083,1.0020779761514647,0.002808866895110404,0.9999921103290129,2593.87,0.0,0.0,3,3,FULL,r209_21,10,9
0.007453811719606278,1.0222144654896845,0.015709030480002925,0.9997532872435828,2721.65,0.0,0.0,5,3,FULL,r210_21,10,1
0.03370662128997667,1.0735580026793146,0.06200704933732265,0.9961698522685491,2679.79,0.0,0.0,3,3,FULL,r210_21,10,10
0.03370662128997667,1.0735580026793146,0.06200704933732265,0.9961698522685491,2679.79,0.0,0.0,3,3,FULL,r210_21,10,11
0.009034465805569289,1.0234526165146725,0.017175707044664538,0.9997050820897483,2739.1400000000003,0.0,0.0,4,3,FULL,r210_21,10,12
0.009034465805569289,1.0234526165146725,0.017175707044664538,0.9997050820897483,2739.1400000000003,0.0,0.0,4,3,FULL,r210_21,10,13
0.009034465805569289,1.0234526165146725,0.017175707044664538,0.9997050820897483,2739.1400000000003,0.0,0.0,4,3,FULL,r210_21,10,14
0.009034465805569289,1.0234526165146725,0.017175707044664538,0.9997050820897483,2739.1400000000003,0.0,0.0,5,3,FULL,r210_21,10,15
0.036490899566433775,1.0820320772171508,0.06703814143657526,0.995525994277358,2691.63,0.0,0.0,3,3,FULL,r210_21,10,16
0.036490899566433775,1.0820320772171508,0.06703814143657526,0.995525994277358,2691.63,0.0,0.0,4,3,FULL,r210_21,10,17
0.004890572822388102,1.0084351388390143,0.009691138829059897,0.9999060906479904,2729.06,0.0,0.0,8,3,FULL,r210_21,10,18
0.03370662128997667,1.0735580026793146,0.06200704933732265,0.9961698522685491,2679.79,0.0,0.0,3,3,FULL,r210_21,10,19
0.007453811719606278,1.0222144654896845,0.015709030480002925,0.9997532872435828,2721.65,0.0,0.0,4,3,FULL,r210_21,10,2
0.02786354206722841,1.0601747973701994,0.051312324826209614,0.9973739595663769,2678.53,0.0,0.0,5,3,FULL,r210_21,10,3
0.03370662128997667,1.0735580026793146,0.06200704933732265,0.9961698522685491,2679.79,0.0,0.0,3,3,FULL,r210_21,10,4
0.02786354206722841,1.0601747973701994,0.051312324826209614,0.9973739595663769,2678.53,0.0,0.0,3,3,FULL,r210_21,10,5
0.004890572822388102,1.0084351388390143,0.009691138829059897,0.9999060906479904,2729.06,0.0,0.0,5,3,FULL,r210_21,10,6
0.0060608060945452165,1.0145151294002883,0.011203481708131575,0.9998744977504072,2726.81,0.0,0.0,6,3,FULL,r210_21,10,7
0.012494339543486591,1.0298650004256908,0.02308701858762923,0.9994672735215024,2701.4900000000002,0.0,0.0,3,3,FULL,r210_21,10,8
0.004903185356081104,1.011035840766484,0.009007728175803349,0.9999188674161411,2722.04,0.0,0.0,3,3,FULL,r210_21,10,9
0.015714108560830997,1.02490041089649,0.032435619177515154,0.9989490362953165,2392.33,0.0,0.0,5,3,FULL,r211_21,9,1
0.029495538042493497,1.060059013209497,0.0549157106370977,0.9969933320398495,2409.63,0.0,0.0,4,3,FULL,r211_21,9,10
0.025681459788240584,1.045630897849866,0.050212544753465045,0.9974850413138379,2397.06,0.0,0.0,4,3,FULL,r211_21,9,11
0.02126657357314669,1.0345588788641475,0.04335548757404024,0.9981238283339138,2391.86,0.0,0.0,1,3,FULL,r211_21,9,12
0.027425653053677095,1.0438678270260238,0.05634789500096075,0.996834963988184,2370.53,0.0,0.0,1,3,FULL,r211_21,9,13
0.010250532129501888,1.0262735822829745,0.01937084093383957,0.9996249112658662,2338.09,0.0,0.0,4,3,FULL,r211_21,9,14
0.009746638648283993,1.0271129106657781,0.019347898841244902,0.999625798889318,2341.32,0.0,0.0,6,3,FULL,r211_21,9,15
0.00524595912676699,1.0088064241082224,0.01052825339177655,0.9998891681655754,2357.37,0.0,0.0,3,3,FULL,r211_21,9,16
0.006572658754663212,1.0118722349577471,0.012759642095791087,0.9998372180358694,2364.34,0.0,0.0,2,3,FULL,r211_21,9,17
0.016093856184618744,1.0256975663018537,0.033094383110986725,0.9989059600408515,2344.58,0.0,0.0,2,3,FULL,r211_21,9,18
0.010885717099825776,1.0272100104060946,0.02036416826237765,0.999585472555243,2335.17,0.0,0.0,2,3,FULL,r211_21,9,19
0.021477930997688983,1.0342091297352394,0.044220218025184485,0.998048388552854,2374.2200000000003,0.0,0.0,3,3,FULL,r211_21,9,2
0.02420449499968269,1.0383068693574646,0.04999123858391584,0.9975071061156201,2364.85,0.0,0.0,5,3,FULL,r211_21,9,20
0.02632346343651859,1.0428583445491253,0.05361472393149968,0.9971337006658878,2377.6,0.0,0.0,5,3,FULL,r211_21,9,21
0.028271270507975583,1.046455488757915,0.057324493944567234,0.9967246654629802,2373.67,0.0,0.0,2,3,FULL,r211_21,9,22
0.0017989263641381055,1.0036722121646318,0.0033472029701883113,0.9999887963577995,2331.02,0.0,0.0,3,3,FULL,r211_21,9,23
0.002713935078248871,1.0045303148249767,0.00546133414803512,0.9999701747188972,2350.83,0.0,0.0,5,3,FULL,r211_21,9,24
0.027426810044309875,1.0439118640921687,0.05632358470535108,0.9968376857614784,2370.4300000000003,0.0,0.0,1,3,FULL,r211_21,9,25
0.021490248936439027,1.0339960406048607,0.04439512322063735,0.9980329499462184,2374.1,0.0,0.0,3,3,FULL,r211_21,9,26
0.005187570274966931,1.0117550853521415,0.009530898878346605,0.9999091702173696,2347.92,0.0,0.0,3,3,FULL,r211_21,9,27
0.01571010984199746,1.038064823518807,0.02911598347142744,0.9991529775617114,2329.71,0.0,0.0,3,3,FULL,r211_21,9,28
0.026371361336231303,1.0423244764199424,0.05409152883689491,0.9970826423857445,2374.04,0.0,0.0,3,3,FULL,r211_21,9,3
0.021520505281131513,1.0342269552543115,0.04433983065133899,0.9980378370705155,2373.86,0.0,0.0,3,3,FULL,r211_21,9,4
0.025747520038876964,1.0406258740962375,0.05325789486748218,0.997171619063492,2359.58,0.0,0.0,4,3,FULL,r211_21,9,5
0.020438975359679794,1.0326476884191755,0.04202170345850329,0.9982372890749293,2377.81,0.0,0.0,5,3,FULL,r211_21,9,6
0.012445935087167589,1.0234776228906823,0.023743554311163196,0.9994365612708461,2385.25,0.0,0.0,5,3,FULL,r211_21,9,7
0.014137171398966123,1.0231767382553691,0.02869748257879385,0.9991771321627496,2399.82,0.0,0.0,5,3,FULL,r211_21,9,8
0.008257999504464634,1.013225810470191,0.016955883991065502,0.9997125806317252,2408.17,0.0,0.0,1,3,FULL,r211_21,9,9
0.06269350246882466,1.129900209071633,0.13006549195789233,0.9833643929026545,3372.0499999999997,0.0,0.0,17,16,FULL,rc101_21,2,1
0.04540343160494675,1.0939930817720496,0.08964712802348482,0.9920274645756277,3417.0600000000004,0.0,0.0,20,16,FULL,rc101_21,2,10
0.053008871012907965,1.1019097954022241,0.10008382237953736,0.9900825691367464,3392.51,0.0,0.0,20,16,FULL,rc101_21,2,11
0.053008871012907965,1.1019097954022241,0.10008382237953736,0.9900825691367464,3392.51,0.0,0.0,21,16,FULL,rc101_21,2,12
0.053008871012907965,1.1019097954022241,0.10008382237953736,0.9900825691367464,3392.51,0.0,0.0,21,16,FULL,rc101_21,2,13
0.053008871012907965,1.1019097954022241,0.10008382237953736,0.9900825691367464,3392.51,0.0,0.0,21,16,FULL,rc101_21,2,14
0.04688097085566101,1.0904667586512684,0.09207995983296949,0.9915925652737374,3428.11,0.0,0.0,22,16,FULL,rc101_21,2,15
0.053008871012907965,1.1019097954022241,0.10008382237953736,0.9900825691367464,3392.51,0.0,0.0,21,16,FULL,rc101_21,2,16
0.07212526240564576,1.1387973260678605,0.14271958611416485,0.9800377288501819,3358.3500000000004,0.0,0.0,18,16,FULL,rc101_21,2,17
0.04193799780970897,1.0903854279546652,0.07915106798727033,0.9937741129437685,3478.99,0.0,0.0,21,16,FULL,rc101_21,2,18
0.04203683441693795,1.0948731736633703,0.07913816792005714,0.9937761295429943,3477.59,0.0,0.0,21,16,FULL,rc101_21,2,19
0.06269350246882466,1.129900209071633,0.13006549195789233,0.9833643929026545,3372.0499999999997,0.0,0.0,17,16,FULL,rc101_21,2,2
0.033937492221440824,1.0819766078824664,0.06424658419962324,0.9958893436607211,3455.0099999999998,0.0,0.0,22,16,FULL,rc101_21,2,20
0.04540343160494675,1.0939930817720496,0.08964712802348482,0.9920274645756277,3417.0600000000004,0.0,0.0,20,16,FULL,rc101_21,2,21
0.04540343160494675,1.0939930817720496,0.08964712802348482,0.9920274645756277,3417.0600000000004,0.0,0.0,20,16,FULL,rc101_21,2,22
0.04540343160494675,1.0939930817720496,0.08964712802348482,0.9920274645756277,3417.0600000000004,0.0,0.0,20,16,FULL,rc101_21,2,23
0.04540343160494675,1.0939930817720496,0.08964712802348482,0.9920274645756277,3417.0600000000004,0.0,0.0,20,16,FULL,rc101_21,2,24
0.053008871012907965,1.1019097954022241,0.10008382237953736,0.9900825691367464,3392.51,0.0,0.0,20,16,FULL,rc101_21,2,25
0.053008871012907965,1.1019097954022241,0.10008382237953736,0.9900825691367464,3392.51,0.0,0.0,20,16,FULL,rc101_21,2,26
0.053008871012907965,1.1019097954022241,0.10008382237953736,0.9900825691367464,3392.51,0.0,0.0,20,16,FULL,rc101_21,2,27
0.053008871012907965,1.1019097954022241,0.10008382237953736,0.9900825691367464,3392.51,0.0,0.0,20,16,FULL,rc101_21,2,28
0.053008871012907965,1.1019097954022241,0.10008382237953736,0.9900825691367464,3392.51,0.0,0.0,20,16,FULL,rc101_21,2,29
0.04087381271116208,1.1105431828323395,0.07276033134852046,0.9947338137188355,3451.14,0.0,0.0,20,16,FULL,rc101_21,2,3
0.04593089301477504,1.0819327670289278,0.08881849371288211,0.9921730200654919,3455.1499999999996,0.0,0.0,19,16,FULL,rc101_21,2,30
0.04573870922614187,1.08951013080277,0.08697024307945661,0.9924929587513199,3431.12,0.0,0.0,22,16,FULL,rc101_21,2,31
0.04573870922614187,1.08951013080277,0.08697024307945661,0.9924929587513199,3431.12,0.0,0.0,22,16,FULL,rc101_21,2,32
0.0507124295278365,1.0976744186046512,0.09535674380382718,0.9909890273616287,3405.6,0.0,0.0,23,16,FULL,rc101_21,2,33
0.04257840521075429,1.0832859889242779,0.0869259940741613,0.9925005384489725,3485.0999999999995,0.0,0.0,31,16,FULL,rc101_21,2,34
0.05026883401744864,1.0862683380217772,0.09675457246166733,0.99072537660582,3437.53,0.0,0.0,22,16,FULL,rc101_21,2,35
0.0507124295278365,1.0976744186046512,0.09535674380382718,0.9909890273616287,3405.6,0.0,0.0,23,16,FULL,rc101_21,2,36
0.0507124295278365,1.0976744186046512,0.09535674380382718,0.9909890273616287,3405.6,0.0,0.0,23,16,FULL,rc101_21,2,37
0.0507124295278365,1.0976744186046512,0.09535674380382718,0.9909890273616287,3405.6,0.0,0.0,23,16,FULL,rc101_21,2,38
0.0507124295278365,1.0976744186046512,0.09535674380382718,0.9909890273616287,3405.6,0.0,0.0,23,16,FULL,rc101_21,2,39
0.04087381271116208,1.1105431828323395,0.07276033134852046,0.9947338137188355,3451.14,0.0,0.0,20,16,FULL,rc101_21,2,4
0.0507124295278365,1.0976744186046512,0.09535674380382718,0.9909890273616287,3405.6,0.0,0.0,23,16,FULL,rc101_21,2,40
0.04573730886314609,1.0910714754787358,0.08696642628899193,0.992493612701439,3426.21,0.0,0.0,24,16,FULL,rc101_21,2,41
0.04408686400249806,1.0808097746578234,0.08583847467531144,0.9926856501776669,3458.74,0.0,0.0,24,16,FULL,rc101_21,2,42
0.04408686400249806,1.0808097746578234,0.08583847467531144,0.9926856501776669,3458.74,0.0,0.0,24,16,FULL,rc101_21,2,43
0.04408686400249806,1.0808097746578234,0.08583847467531144,0.9926856501776669,3458.74,0.0,0.0,24,16,FULL,rc101_21,2,44
0.0507124295278365,1.0976744186046512,0.09535674380382718,0.9909890273616287,3405.6,0.0,0.0,23,16,FULL,rc101_21,2,45
0.05507987190037844,1.1161711860783183,0.10352294814831492,0.9893966354727316,3414.5299999999997,0.0,0.0,20,16,FULL,rc101_21,2,46
0.05650339732464382,1.1033896504090956,0.10615960876702489,0.9888557318366702,3387.96,0.0,0.0,19,16,FULL,rc101_21,2,47
0.0527895589312668,1.0998737786094464,0.10016726076126412,0.990066190551288,3398.79,0.0,0.0,23,16,FULL,rc101_21,2,48
0.046333224571604825,1.0890467228731742,0.08804737863233754,0.992307295582935,3432.58,0.0,0.0,26,16,FULL,rc101_21,2,49
0.039583297012383944,1.0936034449694032,0.07096485603858915,0.9949892235317954,3441.54,0.0,0.0,21,16,FULL,rc101_21,2,5
0.046333224571604825,1.0890467228731742,0.08804737863233754,0.992307295582935,3432.58,0.0,0.0,26,16,FULL,rc101_21,2,50
0.05351320126206649,1.0961680565818643,0.10149707021361941,0.9898033867327699,3410.2799999999997,0.0,0.0,18,16,FULL,rc101_21,2,51
0.04998671369214436,1.1198505491673914,0.09213153886595461,0.9915832230048366,3415.17,0.0,0.0,20,16,FULL,rc101_21,2,52
0.0721384053266948,1.138854975016229,0.14272399992463325,0.9800365187564167,3358.1800000000003,0.0,0.0,20,16,FULL,rc101_21,2,53
0.0721384053266948,1.138854975016229,0.14272399992463325,0.9800365187564167,3358.1800000000003,0.0,0.0,20,16,FULL,rc101_21,2,54
0.04947411356816134,1.0879235498062523,0.09533253571098237,0.9909935607876447,3432.3,0.0,0.0,20,16,FULL,rc101_21,2,55
0.04990206788002638,1.0977324382895501,0.0931346500399057,0.9914005293127792,3405.42,0.0,0.0,24,16,FULL,rc101_21,2,56
0.03378484020554673,1.0773740046170206,0.06336586789195578,0.9960008244089598,3469.77,0.0,0.0,23,16,FULL,rc101_21,2,57
0.03378484020554673,1.0773740046170206,0.06336586789195578,0.9960008244089598,3469.77,0.0,0.0,23,16,FULL,rc101_21,2,58
0.03378484020554673,1.0773740046170206,0.06336586789195578,0.9960008244089598,3469.77,0.0,0.0,23,16,FULL,rc101_21,2,59
0.040934060331315525,1.0965219468706844,0.07397108500961493,0.9945580553873902,3432.38,0.0,0.0,19,16,FULL,rc101_21,2,6
0.05310084847911867,1.1043936564959467,0.10004216688681875,0.9900907410205242,3384.88,0.0,0.0,18,16,FULL,rc101_21,2,60
0.05310084847911867,1.1043936564959467,0.10004216688681875,0.9900907410205242,3384.88,0.0,0.0,18,16,FULL,rc101_21,2,61
0.05189297101129875,1.0984969365716049,0.09840505062581409,0.9904093178992416,3403.0499999999997,0.0,0.0,21,16,FULL,rc101_21,2,62
0.04990206788002638,1.0977324382895501,0.0931346500399057,0.9914005293127792,3405.42,0.0,0.0,24,16,FULL,rc101_21,2,63
0.055880783442022075,1.1259896071013236,0.10100158957247708,0.9899016949561124,3396.5499999999997,0.0,0.0,20,16,FULL,rc101_21,2,64
0.05577130959749588,1.1219070025316011,0.10135243169884027,0.9898321321345063,3408.91,0.0,0.0,18,16,FULL,rc101_21,2,65
0.040934060331315525,1.0965219468706844,0.07397108500961493,0.9945580553873902,3432.38,0.0,0.0,19,16,FULL,rc101_21,2,7
0.049020772706666715,1.0933243642425747,0.09450969111608429,0.9911469940576417,3419.15,0.0,0.0,25,16,FULL,rc101_21,2,8
0.04025353949815891,1.0921531814132455,0.07347757294332076,0.9946300384482853,3446.11,0.0,0.0,22,16,FULL,rc101_21,2,9
0.14308137855546588,1.302360935860989,0.2675450586214102,0.9332011287514663,657.79,0.0,0.0,4,4,FULL,rc102C10,1,1
0.05561589615789542,1.1416767727920893,0.10336914787427186,0.989427785292635,750.3699999999999,0.0,0.0,12,4,FULL,rc102C10,1,10
0.09210857614458146,1.1983382058778274,0.16623213676638524,0.9731099332363436,714.89,0.0,0.0,11,4,FULL,rc102C10,1,11
0.09203123687967074,1.198925182634982,0.16599131587153435,0.9731857005828685,714.54,0.0,0.0,11,4,FULL,rc102C10,1,12
0.0840714985443658,1.1820025663313878,0.1514729238520925,0.9775705751109172,724.77,0.0,0.0,11,4,FULL,rc102C10,1,13
0.06028081227799742,1.1482876482809463,0.11019892526073026,0.988001899442468,746.05,0.0,0.0,12,4,FULL,rc102C10,1,14
0.05040588266301205,1.1289336355489958,0.09210483402367403,0.9915880605591201,758.8399999999999,0.0,0.0,14,4,FULL,rc102C10,1,15
0.0892124864005357,1.1949117080927274,0.16083845808883906,0.9747833209129966,716.9399999999999,0.0,0.0,12,4,FULL,rc102C10,1,16
0.08929094229669987,1.194328653682611,0.16108000907249337,0.97470943902877,717.29,0.0,0.0,12,4,FULL,rc102C10,1,17
0.0892124864005357,1.1949117080927274,0.16083845808883906,0.9747833209129966,716.9399999999999,0.0,0.0,12,4,FULL,rc102C10,1,18
0.03778735264786359,1.0953026312424885,0.06913142664887556,0.9952435775257007,782.14,0.0,0.0,15,4,FULL,rc102C10,1,19
0.12247139687649544,1.2422673685126375,0.22520982305616097,0.9517288238017914,689.61,0.0,0.0,4,4,FULL,rc102C10,1,2
0.04707650380106654,1.1170832844345342,0.08430053921872462,0.9929435662051495,766.89,0.0,0.0,12,4,FULL,rc102C10,1,20
0.08729716941746224,1.1921845862673606,0.1573825562549973,0.9758294186190758,718.5799999999999,0.0,0.0,9,4,FULL,rc102C10,1,21
0.12216378336086242,1.2412414152829696,0.2248657585150267,0.9518691102837535,690.18,0.0,0.0,9,4,FULL,rc102C10,1,3
0.12253608904864044,1.241637196359209,0.22543186939555007,0.9516381962861787,689.96,0.0,0.0,8,4,FULL,rc102C10,1,4
0.08729716941746224,1.1921845862673606,0.15738255625499728,0.975829418619076,718.58,0.0,0.0,9,4,FULL,rc102C10,1,5
0.09747874317247596,1.2059800664451827,0.17624823538101117,0.9698724256379295,710.3599999999999,0.0,0.0,6,4,FULL,rc102C10,1,6
0.09747874317247596,1.2059800664451827,0.17624823538101117,0.9698724256379295,710.3599999999999,0.0,0.0,6,4,FULL,rc102C10,1,7
0.031607691026342755,1.0764581300716276,0.056900040727777886,0.9967728336860641,840.4599999999999,0.0,0.0,15,4,FULL,rc102C10,1,8
0.06639791480971291,1.1569564865083866,0.1199332230209087,0.9858199870104738,740.46,0.0,0.0,9,4,FULL,rc102C10,1,9
0.027895360198677586,1.0601436347005497,0.0540465041567705,0.9970874829224974,3312.57,0.0,0.0,23,15,FULL,rc102_21,3,1
0.06445933294630196,1.1275477382203882,0.12215028353523774,0.9852986623597644,3186.65,0.0,0.0,17,15,FULL,rc102_21,3,10
0.027895360198677586,1.0601436347005497,0.0540465041567705,0.9970874829224974,3312.57,0.0,0.0,23,15,FULL,rc102_21,3,11
0.027895360198677586,1.0601436347005497,0.0540465041567705,0.9970874829224974,3312.57,0.0,0.0,23,15,FULL,rc102_21,3,12
0.06658279656468054,1.1300762379227056,0.13193153560512016,0.9828918531213642,3179.519999999999,0.0,0.0,18,15,FULL,rc102_21,3,13
0.05635314272614321,1.1150334734644185,0.10264063809498472,0.9895747306724826,3227.93,0.0,0.0,20,15,FULL,rc102_21,3,14
0.05635314272614321,1.1150334734644185,0.10264063809498472,0.9895747306724826,3227.93,0.0,0.0,21,15,FULL,rc102_21,3,15
0.05635314272614321,1.1150334734644185,0.10264063809498472,0.9895747306724826,3227.93,0.0,0.0,21,15,FULL,rc102_21,3,16
0.05286780268504063,1.097452455622673,0.11496978310586958,0.9869543865567658,3236.45,0.0,0.0,19,15,FULL,rc102_21,3,17
0.0346600346745749,1.083979316424177,0.06265207554963172,0.9960900650289175,3301.1699999999996,0.0,0.0,20,15,FULL,rc102_21,3,18
0.03687073371216177,1.0663051968938104,0.07803153888688641,0.9939479295183632,3264.4500000000003,0.0,0.0,29,15,FULL,rc102_21,3,19
0.06446074893250232,1.1275725072020788,0.12214890009090701,0.9852989904698911,3186.58,0.0,0.0,17,15,FULL,rc102_21,3,2
0.031184643903991116,1.0663245116134352,0.05782830434071647,0.9966670330345118,3310.39,0.0,0.0,20,15,FULL,rc102_21,3,20
0.06608359719072278,1.134265190119661,0.12265335215564661,0.9851791182497588,3161.43,0.0,0.0,19,15,FULL,rc102_21,3,21
0.06796578027243712,1.138438777842684,0.12451824497557377,0.9847319348627326,3149.8399999999997,0.0,0.0,19,15,FULL,rc102_21,3,22
0.06100426616363836,1.1175724716890387,0.11628036534038334,0.9866592584485866,3201.9399999999996,0.0,0.0,20,15,FULL,rc102_21,3,23
0.06796578027243712,1.138438777842684,0.12451824497557377,0.9847319348627326,3149.8399999999997,0.0,0.0,20,15,FULL,rc102_21,3,24
0.06796578027243712,1.138438777842684,0.12451824497557377,0.9847319348627326,3149.8399999999997,0.0,0.0,20,15,FULL,rc102_21,3,25
0.07162834604337717,1.1407608247029914,0.13166941010044841,0.9829586101826299,3149.74,0.0,0.0,19,15,FULL,rc102_21,3,26
0.07162834604337717,1.1407608247029914,0.13166941010044841,0.9829586101826299,3149.74,0.0,0.0,19,15,FULL,rc102_21,3,27
0.07162834604337717,1.1407608247029914,0.13166941010044841,0.9829586101826299,3149.74,0.0,0.0,19,15,FULL,rc102_21,3,28
0.020069325330833367,1.0391543973601036,0.03711548234702079,0.998624336028474,3445.59,0.0,0.0,26,15,FULL,rc102_21,3,29
0.06446074893250232,1.1275725072020788,0.12214890009090701,0.9852989904698911,3186.58,0.0,0.0,17,15,FULL,rc102_21,3,3
0.016915767403389143,1.0330948121645795,0.03159180722067404,0.9990029528117842,3465.7999999999997,0.0,0.0,31,15,FULL,rc102_21,3,30
0.03837958162402598,1.0817837460359687,0.07003471558024423,0.9951190788552475,3307.8700000000003,0.0,0.0,20,15,FULL,rc102_21,3,31
0.03837958162402598,1.0817837460359687,0.07003471558024423,0.9951190788552475,3307.8700000000003,0.0,0.0,20,15,FULL,rc102_21,3,32
0.06326464477020141,1.1198269124459101,0.12527477301281326,0.9845487200608966,3147.54,0.0,0.0,17,15,FULL,rc102_21,3,33
0.0497537064432071,1.103562645459771,0.08989363564859729,0.9919839112070934,3183.87,0.0,0.0,18,15,FULL,rc102_21,3,34
0.016915767403389143,1.0330948121645795,0.03159180722067404,0.9990029528117842,3465.7999999999997,0.0,0.0,31,15,FULL,rc102_21,3,35
0.01700034030673751,1.0326002318700145,0.031826588089540586,0.9989880932829793,3467.4599999999996,0.0,0.0,34,15,FULL,rc102_21,3,36
0.04633941197674515,1.108897987855037,0.08585369985102054,0.9926830742410331,3245.79,0.0,0.0,20,15,FULL,rc102_21,3,37
0.032796336021358265,1.0792157124886816,0.05971470192834078,0.9964468244491071,3291.14,0.0,0.0,21,15,FULL,rc102_21,3,38
0.039074570959452375,1.0873720323197211,0.07017628288970605,0.9950994232424805,3290.8699999999994,0.0,0.0,21,15,FULL,rc102_21,3,39
0.06446074893250232,1.1275725072020788,0.12214890009090701,0.9852989904698911,3186.58,0.0,0.0,17,15,FULL,rc102_21,3,4
0.031015509360307784,1.0772959222073368,0.05807721526750374,0.996638375700928,3321.6499999999996,0.0,0.0,21,15,FULL,rc102_21,3,40
0.036692176481071336,1.0640342167570458,0.07446501869776366,0.9944855388923013,3273.25,0.0,0.0,21,15,FULL,rc102_21,3,41
0.027895360198677586,1.0601436347005497,0.0540465041567705,0.9970874829224974,3312.57,0.0,0.0,25,15,FULL,rc102_21,3,42
0.01700034030673751,1.0326002318700145,0.031826588089540586,0.9989880932829793,3467.4599999999996,0.0,0.0,34,15,FULL,rc102_21,3,43
0.01700034030673751,1.0326002318700145,0.031826588089540586,0.9989880932829793,3467.4599999999996,0.0,0.0,35,15,FULL,rc102_21,3,44
0.031153953702946543,1.063534029273079,0.0585820596638926,0.9965798796519371,3302.01,0.0,0.0,23,15,FULL,rc102_21,3,45
0.031300398460866914,1.065027968694372,0.05861348776453719,0.9965762215830244,3314.42,0.0,0.0,23,15,FULL,rc102_21,3,46
0.031300398460866914,1.065027968694372,0.05861348776453719,0.9965762215830244,3314.42,0.0,0.0,23,15,FULL,rc102_21,3,47
0.027895360198677586,1.0601436347005497,0.0540465041567705,0.9970874829224974,3312.57,0.0,0.0,25,15,FULL,rc102_21,3,48
0.031153953702946543,1.063534029273079,0.0585820596638926,0.9965798796519371,3302.01,0.0,0.0,21,15,FULL,rc102_21,3,49
0.06446074893250232,1.1275725072020788,0.12214890009090701,0.9852989904698911,3186.58,0.0,0.0,17,15,FULL,rc102_21,3,5
0.05235526042747469,1.0920010253530754,0.11712615024807846,0.9864671162681642,3276.92,0.0,0.0,19,15,FULL,rc102_21,3,50
0.031153953702946543,1.063534029273079,0.0585820596638926,0.9965798796519371,3302.01,0.0,0.0,21,15,FULL,rc102_21,3,51
0.031153953702946543,1.063534029273079,0.0585820596638926,0.9965798796519371,3302.01,0.0,0.0,21,15,FULL,rc102_21,3,52
0.031153953702946543,1.063534029273079,0.0585820596638926,0.9965798796519371,3302.01,0.0,0.0,21,15,FULL,rc102_21,3,53
0.031153953702946543,1.063534029273079,0.0585820596638926,0.9965798796519371,3302.01,0.0,0.0,22,15,FULL,rc102_21,3,54
0.033144573764829606,1.071441480517603,0.06116780158779628,0.9962724466894449,3319.9199999999996,0.0,0.0,21,15,FULL,rc102_21,3,55
0.06422404276334912,1.1135373254947947,0.12708005671484018,0.9841073155627891,3155.35,0.0,0.0,17,15,FULL,rc102_21,3,56
0.06706094654624965,1.1276098339779714,0.1292859071012453,0.9835599471725517,3156.81,0.0,0.0,17,15,FULL,rc102_21,3,57
0.04701933561398697,1.1018147426773541,0.08520694005100417,0.9927921082658482,3203.76,0.0,0.0,18,15,FULL,rc102_21,3,58
0.07038280041012056,1.1441026065581081,0.1302247687165062,0.9833243042389963,3140.5399999999995,0.0,0.0,17,15,FULL,rc102_21,3,59
0.06446074893250232,1.1275725072020788,0.12214890009090701,0.9852989904698911,3186.58,0.0,0.0,17,15,FULL,rc102_21,3,6
0.031300398460866914,1.065027968694372,0.05861348776453719,0.9965762215830244,3314.42,0.0,0.0,23,15,FULL,rc102_21,3,60
0.029592785675555434,1.0637917612027106,0.05563410486893335,0.9969143967913875,3301.21,0.0,0.0,22,15,FULL,rc102_21,3,61
0.028685998799850766,1.067909794190629,0.05390647184825862,0.9971025121252195,3288.48,0.0,0.0,22,15,FULL,rc102_21,3,62
0.04736499808173231,1.1076455780345043,0.0868695785240996,0.9925101968061926,3249.46,0.0,0.0,22,15,FULL,rc102_21,3,63
0.035533338981614905,1.0827755655341864,0.06375792895482228,0.9959513844153352,3304.8399999999997,0.0,0.0,22,15,FULL,rc102_21,3,64
0.05034912549446619,1.107127696879095,0.09154528818132335,0.9916891099564832,3250.9799999999996,0.0,0.0,22,15,FULL,rc102_21,3,65
0.03630694802353283,1.0874215977050616,0.06482403057957947,0.9958154292739682,3290.72,0.0,0.0,22,15,FULL,rc102_21,3,66
0.03428225218808076,1.0654152236386412,0.0699709813838213,0.9951279151904916,3257.04,0.0,0.0,34,15,FULL,rc102_21,3,67
0.03428225218808076,1.0654152236386412,0.0699709813838213,0.9951279151904916,3257.04,0.0,0.0,34,15,FULL,rc102_21,3,68
0.06326784551122049,1.1200617156045483,0.12487123879778853,0.9846465769790579,3136.9700000000003,0.0,0.0,17,15,FULL,rc102_21,3,69
0.06446074893250232,1.1275725072020788,0.12214890009090701,0.9852989904698911,3186.58,0.0,0.0,17,15,FULL,rc102_21,3,7
0.06326784551122049,1.1200617156045483,0.12487123879778853,0.9846465769790579,3136.9700000000003,0.0,0.0,17,15,FULL,rc102_21,3,70
0.052130811446001485,1.0997837310764693,0.09553667894749872,0.9909552963109612,3199.72,0.0,0.0,22,15,FULL,rc102_21,3,71
0.052130811446001485,1.0997837310764693,0.09553667894749872,0.9909552963109612,3199.72,0.0,0.0,22,15,FULL,rc102_21,3,72
0.05245950104201143,1.098952575465158,0.09636590146142125,0.9907990565567795,3202.1399999999994,0.0,0.0,22,15,FULL,rc102_21,3,73
0.07038280041012056,1.1441026065581081,0.1302247687165062,0.9833243042389963,3140.5399999999995,0.0,0.0,17,15,FULL,rc102_21,3,74
0.07038280041012056,1.1441026065581081,0.1302247687165062,0.9833243042389963,3140.5399999999995,0.0,0.0,17,15,FULL,rc102_21,3,75
0.06780055515921385,1.13196290240099,0.128703950867005,0.9837052114290196,3167.8599999999997,0.0,0.0,17,15,FULL,rc102_21,3,76
0.07097131469969434,1.1413659797907925,0.13079170419550773,0.9831812397297239,3148.0699999999997,0.0,0.0,17,15,FULL,rc102_21,3,77
0.07097131469969434,1.1413659797907925,0.13079170419550773,0.9831812397297239,3148.0699999999997,0.0,0.0,17,15,FULL,rc102_21,3,78
0.07097131469969434,1.1413659797907925,0.13079170419550773,0.9831812397297239,3148.0699999999997,0.0,0.0,17,15,FULL,rc102_21,3,79
0.06445933294630196,1.1275477382203882,0.12215028353523774,0.9852986623597644,3186.65,0.0,0.0,17,15,FULL,rc102_21,3,8
0.06445933294630196,1.1275477382203882,0.12215028353523774,0.9852986623597644,3186.65,0.0,0.0,17,15,FULL,rc102_21,3,9
0.058301386780559294,1.113489592713613,0.10721813293783507,0.9886349218171618,777.3399999999999,0.0,0.0,5,4,FULL,rc103C15,1,1
0.02984896461600317,1.051919983916365,0.05663876485015865,0.9968023083501651,795.8399999999999,0.0,0.0,7,4,FULL,rc103C15,1,10
0.03540930769139283,1.0762479038070432,0.06513335050285142,0.9957755681847265,840.81,0.0,0.0,8,4,FULL,rc103C15,1,11
0.045830624836064704,1.0771494064114409,0.08764695733280371,0.9923765739463766,876.8699999999999,0.0,0.0,9,4,FULL,rc103C15,1,12
0.04366103843715763,1.088595631879214,0.08120617139899607,0.9934487595039863,867.65,0.0,0.0,9,4,FULL,rc103C15,1,13
0.029981665662045298,1.0512859152099658,0.057096204367588596,0.9967506163612891,796.3199999999999,0.0,0.0,8,4,FULL,rc103C15,1,14
0.0331934021844118,1.0715011021125889,0.059851158561211884,0.9964306248958198,807.54,0.0,0.0,11,4,FULL,rc103C15,1,15
0.024101210804098105,1.0396274448928904,0.048987750982553174,0.9976059455050411,805.25,0.0,0.0,8,4,FULL,rc103C15,1,16
0.056499251921787064,1.1059691482226695,0.10480059436719245,0.9891361548198649,775.3199999999999,0.0,0.0,9,4,FULL,rc103C15,1,17
0.03077053781576078,1.053680885073819,0.05804687632091199,0.9966418751490809,794.51,0.0,0.0,4,4,FULL,rc103C15,1,18
0.03397636426833506,1.0744823476835987,0.06120453195891887,0.9962679853748165,805.5600000000001,0.0,0.0,8,4,FULL,rc103C15,1,19
0.058301386780559294,1.113489592713613,0.10721813293783505,0.9886349218171621,777.34,0.0,0.0,5,4,FULL,rc103C15,1,2
0.058301386780559294,1.113489592713613,0.10721813293783507,0.9886349218171618,777.3399999999999,0.0,0.0,5,4,FULL,rc103C15,1,20
0.03478507870447212,1.068746728625959,0.06753768997329773,0.9954593717802283,783.31,0.0,0.0,4,4,FULL,rc103C15,1,21
0.03077053781576078,1.053680885073819,0.05804687632091199,0.9966418751490809,794.51,0.0,0.0,4,4,FULL,rc103C15,1,22
0.056499251921787064,1.1059691482226695,0.10480059436719245,0.9891361548198649,775.3199999999999,0.0,0.0,9,4,FULL,rc103C15,1,23
0.058301386780559294,1.113489592713613,0.10721813293783507,0.9886349218171618,777.3399999999999,0.0,0.0,5,4,FULL,rc103C15,1,24
0.028734071707311015,1.0572471363802838,0.05342678946281352,0.9971537027008479,791.8299999999999,0.0,0.0,6,4,FULL,rc103C15,1,3
0.037289477292843154,1.0790231497064213,0.0673872440580844,0.9954794871708254,802.17,0.0,0.0,4,4,FULL,rc103C15,1,4
0.058301386780559294,1.113489592713613,0.10721813293783507,0.9886349218171618,777.3399999999999,0.0,0.0,6,4,FULL,rc103C15,1,5
0.02737385578529916,1.044022647344923,0.05639834073128089,0.9968293123997528,801.86,0.0,0.0,5,4,FULL,rc103C15,1,6
0.041357447185101925,1.0943019330695223,0.07757938793440937,0.9940174449428557,790.9699999999999,0.0,0.0,10,4,FULL,rc103C15,1,7
0.041357447185101925,1.0943019330695223,0.07757938793440937,0.9940174449428557,790.9699999999999,0.0,0.0,10,4,FULL,rc103C15,1,8
0.030518389406498203,1.0515254492332,0.05824901871917153,0.996618524987748,797.4699999999999,0.0,0.0,8,4,FULL,rc103C15,1,9
0.046940197161493696,1.0810845993090201,0.09716044309129646,0.990648131356987,2842.3399999999997,0.0,0.0,18,13,FULL,rc103_21,6,1
0.05187697574057555,1.1034717857485274,0.09606759371990717,0.9908554126738469,2816.1299999999997,0.0,0.0,18,13,FULL,rc103_21,6,10
0.045295446857452064,1.081023746701847,0.093928968441355,0.99125450731828,2842.4999999999995,0.0,0.0,19,13,FULL,rc103_21,6,11
0.049745051812051105,1.1010620099786175,0.0932863632827562,0.9913727318939006,2805.9999999999995,0.0,0.0,15,13,FULL,rc103_21,6,12
0.05187697574057555,1.1034717857485274,0.09606759371990717,0.9908554126738469,2816.1299999999997,0.0,0.0,15,13,FULL,rc103_21,6,13
0.05187697574057555,1.1034717857485274,0.09606759371990717,0.9908554126738469,2816.1299999999997,0.0,0.0,15,13,FULL,rc103_21,6,14
0.022378405022883532,1.048486544216248,0.04833423003982255,0.9976692473057591,2930.71,0.0,0.0,24,13,FULL,rc103_21,6,15
0.022378405022883532,1.048486544216248,0.04833423003982255,0.9976692473057591,2930.71,0.0,0.0,24,13,FULL,rc103_21,6,16
0.016028870127481006,1.0423548567648706,0.03171960527450398,0.9989948779280756,2947.95,0.0,0.0,30,13,FULL,rc103_21,6,17
0.016331361749287374,1.0419095283143622,0.032060225581610834,0.9989731973430477,2949.21,0.0,0.0,31,13,FULL,rc103_21,6,18
0.03103406435139492,1.067344489404019,0.05643998055000589,0.9968246436025182,2916.2,0.0,0.0,18,13,FULL,rc103_21,6,19
0.04601622521167,1.0800548320767651,0.09452628443542192,0.9911439126261239,2845.0499999999997,0.0,0.0,19,13,FULL,rc103_21,6,2
0.03103406435139492,1.067344489404019,0.05643998055000589,0.9968246436025182,2916.2,0.0,0.0,19,13,FULL,rc103_21,6,20
0.04055902436002935,1.07578202951319,0.08114530762326617,0.993458511877964,2856.35,0.0,0.0,20,13,FULL,rc103_21,6,21
0.044488430104037816,1.0801687318745057,0.09157108785948677,0.9916844638353679,2844.75,0.0,0.0,18,13,FULL,rc103_21,6,22
0.023822075799855087,1.049808337490007,0.04936453705891379,0.9975690663199756,2927.02,0.0,0.0,31,13,FULL,rc103_21,6,23
0.04722673388037439,1.0976320686982273,0.0910935048913272,0.9917702639356611,2799.49,0.0,0.0,16,13,FULL,rc103_21,6,24
0.017203461186863632,1.0442464342879283,0.03303536344395011,0.9989098544763503,2942.6099999999997,0.0,0.0,30,13,FULL,rc103_21,6,25
0.023535233305436574,1.050307113339691,0.04907833742664329,0.9975971046092064,2925.6299999999997,0.0,0.0,30,13,FULL,rc103_21,6,26
0.05187697574057555,1.1034717857485274,0.09606759371990717,0.9908554126738469,2816.1299999999997,0.0,0.0,17,13,FULL,rc103_21,6,27
0.026264995803425714,1.0576566963824736,0.05103109562310691,0.9974025913801765,2905.2999999999997,0.0,0.0,30,13,FULL,rc103_21,6,28
0.02725689254524952,1.0614746878076584,0.0510243092151262,0.9974032803770629,2894.85,0.0,0.0,30,13,FULL,rc103_21,6,29
0.04642122947315686,1.087681851969842,0.09118643967305856,0.9917536017472798,2825.1,0.0,0.0,17,13,FULL,rc103_21,6,3
0.05187697574057555,1.1034717857485274,0.09606759371990717,0.9908554126738469,2816.1299999999997,0.0,0.0,15,13,FULL,rc103_21,6,30
0.03103406435139492,1.067344489404019,0.05643998055000589,0.9968246436025182,2916.2,0.0,0.0,18,13,FULL,rc103_21,6,31
0.04722673388037439,1.0976320686982273,0.0910935048913272,0.9917702639356611,2799.49,0.0,0.0,16,13,FULL,rc103_21,6,32
0.04700065051752995,1.1024997039965845,0.08941197077280043,0.9920689046285747,2787.1299999999997,0.0,0.0,16,13,FULL,rc103_21,6,33
0.044520056843250715,1.099501561868231,0.08311399825509407,0.9931394555012178,2794.7299999999996,0.0,0.0,20,13,FULL,rc103_21,6,34
0.041257344658077,1.0747510571545493,0.0818216837501326,0.9933497341875966,2859.0899999999997,0.0,0.0,20,13,FULL,rc103_21,6,35
0.041257344658077,1.0747510571545493,0.0818216837501326,0.9933497341875966,2859.0899999999997,0.0,0.0,21,13,FULL,rc103_21,6,36
0.05030784845677216,1.0964433498236226,0.0959726302692229,0.9908733177886947,2817.8199999999997,0.0,0.0,15,13,FULL,rc103_21,6,37
0.05085678566831234,1.0953782227642737,0.09667274782913654,0.9907409117491037,2820.56,0.0,0.0,15,13,FULL,rc103_21,6,38
0.04511220509506668,1.0791520774874186,0.09217205893864704,0.9915758802478815,2847.43,0.0,0.0,17,13,FULL,rc103_21,6,4
0.04601622521167,1.0800548320767651,0.09452628443542192,0.9911439126261239,2845.0499999999997,0.0,0.0,19,13,FULL,rc103_21,6,5
0.0518708259154035,1.0949489550483724,0.10168446222242211,0.9897660860481832,2806.35,0.0,0.0,17,13,FULL,rc103_21,6,6
0.048121852702005495,1.0935461485079807,0.09378202437521858,0.9912816107313898,2809.95,0.0,0.0,17,13,FULL,rc103_21,6,7
0.048121852702005495,1.0935461485079807,0.09378202437521858,0.9912816107313898,2809.95,0.0,0.0,17,13,FULL,rc103_21,6,8
0.04700655986129394,1.0966651876830245,0.0876492865083538,0.9923761718523099,2817.2499999999995,0.0,0.0,18,13,FULL,rc103_21,6,9
0.05391404745648298,1.0948132350346371,0.10076949124039634,0.989947586768455,2607.02,0.0,0.0,16,12,FULL,rc104_21,7,1
0.016168503459261945,1.0342045048397734,0.029639059944000096,0.9991222971646464,2713.9700000000003,0.0,0.0,27,12,FULL,rc104_21,7,10
0.058529937340150294,1.1115852192060327,0.11076227572469803,0.9878804048835518,2577.94,0.0,0.0,14,12,FULL,rc104_21,7,100
0.034610420103914574,1.07097493539857,0.07893459088052496,0.9938079112220655,2654.7400000000002,0.0,0.0,16,12,FULL,rc104_21,7,11
0.037843223089347656,1.0592177758992862,0.08970627907823205,0.9920170242283352,2649.8799999999997,0.0,0.0,16,12,FULL,rc104_21,7,12
0.01181210598374364,1.0265788386067964,0.021531137194283463,0.9995366249471009,2734.1299999999997,0.0,0.0,27,12,FULL,rc104_21,7,13
0.008277897339677173,1.018643188177526,0.01576807599361707,0.9997514295820743,2755.43,0.0,0.0,30,12,FULL,rc104_21,7,14
0.008277897339677173,1.018643188177526,0.01576807599361707,0.9997514295820743,2755.43,0.0,0.0,30,12,FULL,rc104_21,7,15
0.01543883499902036,1.0313051146384478,0.028766273730798993,0.9991731856832555,2721.6000000000004,0.0,0.0,24,12,FULL,rc104_21,7,16
0.042308497384760425,1.07113350583322,0.09828980891798691,0.990431553142294,2643.4799999999996,0.0,0.0,15,12,FULL,rc104_21,7,17
0.06777050860149385,1.1293672532366446,0.12382033257052498,0.984900030050254,2537.3500000000004,0.0,0.0,15,12,FULL,rc104_21,7,18
0.07459108082949377,1.120802271642795,0.14750029283617755,0.9787069229600328,2556.7400000000002,0.0,0.0,15,12,FULL,rc104_21,7,19
0.06863128124177849,1.1308602999210735,0.12554565382137367,0.9844828654006682,2534.0,0.0,0.0,14,12,FULL,rc104_21,7,2
0.014276497850296277,1.028252563844762,0.026889872911167848,0.9992774571804365,2784.8799999999997,0.0,0.0,16,12,FULL,rc104_21,7,20
0.04593606630535504,1.081082721139004,0.08900913814371773,0.9921396479616313,2636.6899999999996,0.0,0.0,15,12,FULL,rc104_21,7,21
0.04226924806382663,1.0797856706834574,0.08434576780844084,0.9929360458954721,2653.86,0.0,0.0,22,12,FULL,rc104_21,7,22
0.04226924806382663,1.0797856706834574,0.08434576780844084,0.9929360458954721,2653.86,0.0,0.0,22,12,FULL,rc104_21,7,23
0.01229791231987513,1.0274168161352906,0.02248293373055533,0.9994947730741405,2731.8999999999996,0.0,0.0,27,12,FULL,rc104_21,7,24
0.01181210598374364,1.0265788386067964,0.021531137194283463,0.9995366249471009,2734.1299999999997,0.0,0.0,28,12,FULL,rc104_21,7,25
0.01806281633332348,1.0436870392669388,0.033120911050269035,0.9989042073300046,2723.9199999999996,0.0,0.0,28,12,FULL,rc104_21,7,26
0.038182554793781666,1.0677242863701017,0.0900476317931607,0.9919566441704146,2657.54,0.0,0.0,15,12,FULL,rc104_21,7,27
0.06777050860149385,1.1293672532366446,0.12382033257052498,0.984900030050254,2537.3500000000004,0.0,0.0,15,12,FULL,rc104_21,7,28
0.06538453480820412,1.1256363522091635,0.11965437467257102,0.9858849186324437,2545.76,0.0,0.0,16,12,FULL,rc104_21,7,29
0.04147445593203495,1.0724170837781055,0.09286237964505459,0.9914503060616403,2651.17,0.0,0.0,14,12,FULL,rc104_21,7,3
0.053554741404691665,1.0918684762321713,0.1071221054953519,0.9886550395855287,2603.9399999999996,0.0,0.0,16,12,FULL,rc104_21,7,30
0.02614871825646888,1.047529030515798,0.05028743120790362,0.9974775530911747,2666.16,0.0,0.0,26,12,FULL,rc104_21,7,31
0.02614871825646888,1.047529030515798,0.05028743120790362,0.9974775530911747,2666.16,0.0,0.0,26,12,FULL,rc104_21,7,32
0.02372909044202176,1.044840667110609,0.043886999139492934,0.9980776339156624,2673.02,0.0,0.0,28,12,FULL,rc104_21,7,33
0.02372909044202176,1.044840667110609,0.043886999139492934,0.9980776339156624,2673.02,0.0,0.0,28,12,FULL,rc104_21,7,34
0.028187138171124726,1.0509669063792577,0.05686824586174319,0.9967764276372076,2710.1899999999996,0.0,0.0,17,12,FULL,rc104_21,7,35
0.03986863097778611,1.064294860069508,0.0893722947461426,0.992075886055538,2624.1600000000003,0.0,0.0,18,12,FULL,rc104_21,7,36
0.03986863097778611,1.064294860069508,0.0893722947461426,0.992075886055538,2624.1600000000003,0.0,0.0,18,12,FULL,rc104_21,7,37
0.034369206812944274,1.0723966098003355,0.06423040693995337,0.9958914050185328,2662.9700000000003,0.0,0.0,15,12,FULL,rc104_21,7,38
0.016522518747057163,1.0354372667531313,0.03574001481898179,0.998724280878848,2767.9900000000002,0.0,0.0,23,12,FULL,rc104_21,7,39
0.03768839109049393,1.0899394198342822,0.06775710035932361,0.9954299565331004,2621.3199999999997,0.0,0.0,16,12,FULL,rc104_21,7,4
0.041755447436087355,1.0883857662112737,0.07750707670262776,0.9940285257783992,2632.89,0.0,0.0,16,12,FULL,rc104_21,7,40
0.0215213991662034,1.0423877789430862,0.038801124168489416,0.9984967359682052,2679.31,0.0,0.0,29,12,FULL,rc104_21,7,41
0.0215213991662034,1.0423877789430862,0.038801124168489416,0.9984967359682052,2679.31,0.0,0.0,29,12,FULL,rc104_21,7,42
0.03833483874395623,1.0599406438097263,0.08891345317240788,0.9921564061771868,2634.94,0.0,0.0,18,12,FULL,rc104_21,7,43
0.03336564161306418,1.0546303639087145,0.07058568661497926,0.9950423614815979,2723.7599999999998,0.0,0.0,16,12,FULL,rc104_21,7,44
0.039497480289360475,1.0795537673738114,0.07425148729549481,0.9945169462633657,2624.64,0.0,0.0,16,12,FULL,rc104_21,7,45
0.015137095313656257,1.0255144447522857,0.0331879337854229,0.9988997728840524,2779.21,0.0,0.0,15,12,FULL,rc104_21,7,46
0.041801345467940454,1.0841942090315573,0.07532857360529081,0.9943576230684065,2651.37,0.0,0.0,15,12,FULL,rc104_21,7,47
0.026582735292687804,1.0640648314703387,0.05206531877409658,0.9972965311373668,2674.0099999999998,0.0,0.0,15,12,FULL,rc104_21,7,48
0.02170971798789682,1.0386194610800124,0.0411197846665495,0.9983120174118705,2761.82,0.0,0.0,16,12,FULL,rc104_21,7,49
0.046278591896880585,1.0821733410836112,0.09047499776026445,0.9918807368375149,2614.96,0.0,0.0,15,12,FULL,rc104_21,7,5
0.014787895658377348,1.0331252236847337,0.027181984726264406,0.9992616852178178,2766.17,0.0,0.0,15,12,FULL,rc104_21,7,50
0.015495624227203445,1.03120534618882,0.029853144022428144,0.9991095833403923,2771.3199999999997,0.0,0.0,15,12,FULL,rc104_21,7,51
0.03725999853633052,1.062102995188497,0.08039940129672156,0.9935774520305052,2687.31,0.0,0.0,17,12,FULL,rc104_21,7,52
0.03638805725300406,1.0581590004958745,0.09037114729544228,0.9918992144009832,2682.13,0.0,0.0,15,12,FULL,rc104_21,7,53
0.039334014609875144,1.0689980350682091,0.09165911550347408,0.9916686018986,2661.67,0.0,0.0,16,12,FULL,rc104_21,7,54
0.03538031982082194,1.0515400944908015,0.08866113825995396,0.9922005127518246,2652.1100000000006,0.0,0.0,23,12,FULL,rc104_21,7,55
0.01558013461052532,1.0365276432760626,0.028190185619992408,0.9992059444599807,2757.0900000000006,0.0,0.0,19,12,FULL,rc104_21,7,56
0.013083988075841399,1.0386762735797819,0.02434036454678077,0.9994078974468692,2761.9000000000005,0.0,0.0,19,12,FULL,rc104_21,7,57
0.04180969826797728,1.0813302601251236,0.07773895935547571,0.9939929568374049,2642.19,0.0,0.0,15,12,FULL,rc104_21,7,58
0.031855385736994535,1.048023119041266,0.08656623323502761,0.9925620253091735,2661.01,0.0,0.0,24,12,FULL,rc104_21,7,59
0.04093354938318786,1.0918721433266583,0.07295053343760975,0.9947063910949077,2616.68,0.0,0.0,16,12,FULL,rc104_21,7,6
0.031855385736994535,1.048023119041266,0.08656623323502761,0.9925620253091735,2661.01,0.0,0.0,24,12,FULL,rc104_21,7,60
0.008734717281862814,1.0222024607848854,0.01765679596772545,0.9996883347216833,2743.84,0.0,0.0,28,12,FULL,rc104_21,7,61
0.012865765663559644,1.0264408913416603,0.025779796289776124,0.9993358435002703,2732.5099999999998,0.0,0.0,30,12,FULL,rc104_21,7,62
0.012865765663559644,1.0264408913416603,0.025779796289776124,0.9993358435002703,2732.5099999999998,0.0,0.0,30,12,FULL,rc104_21,7,63
0.009916472626522399,1.0340189017928587,0.01894960079424763,0.9996410415271928,2774.34,0.0,0.0,21,12,FULL,rc104_21,7,64
0.009997797749635199,1.0300499456020225,0.019322448800286447,0.9996267823158053,2785.0299999999997,0.0,0.0,21,12,FULL,rc104_21,7,65
0.009269789286164176,1.0265848523563599,0.017811500406341982,0.99968285106863,2778.6500000000005,0.0,0.0,22,12,FULL,rc104_21,7,66
0.0058143999385683225,1.0220577648515565,0.01053052927488048,0.9998891202488732,2778.16,0.0,0.0,23,12,FULL,rc104_21,7,67
0.015208432456622697,1.0292593507839498,0.02766363779607083,0.999235308344714,2711.2700000000004,0.0,0.0,16,12,FULL,rc104_21,7,68
0.03317953051784898,1.0521470772434713,0.0754948574854469,0.9943328263990487,2650.58,0.0,0.0,18,12,FULL,rc104_21,7,69
0.028543283521906087,1.0800548895970605,0.04999336564660879,0.9975068945011667,2645.31,0.0,0.0,15,12,FULL,rc104_21,7,7
0.03317953051784898,1.0521470772434713,0.0754948574854469,0.9943328263990487,2650.58,0.0,0.0,18,12,FULL,rc104_21,7,70
0.03317953051784898,1.0521470772434713,0.0754948574854469,0.9943328263990487,2650.58,0.0,0.0,18,12,FULL,rc104_21,7,71
0.02345103723770947,1.0392126905577275,0.05082686705449462,0.9974232861916439,2683.5699999999997,0.0,0.0,24,12,FULL,rc104_21,7,72
0.06858777163217529,1.1124852401963834,0.14055800919457506,0.9806262054681184,2574.5599999999995,0.0,0.0,14,12,FULL,rc104_21,7,73
0.012783167957005848,1.0237547217602945,0.025447884457562846,0.9993528242842777,2724.0899999999997,0.0,0.0,26,12,FULL,rc104_21,7,74
0.012783167957005848,1.0237547217602945,0.025447884457562846,0.9993528242842777,2724.0899999999997,0.0,0.0,26,12,FULL,rc104_21,7,75
0.012783167957005848,1.0237547217602945,0.025447884457562846,0.9993528242842777,2724.0899999999997,0.0,0.0,26,12,FULL,rc104_21,7,76
0.03881575159761278,1.0775566600779138,0.07101246412554428,0.9949825318768526,2605.45,0.0,0.0,15,12,FULL,rc104_21,7,77
0.04347758867664956,1.075985839501732,0.09520894389222517,0.9910166884137194,2641.15,0.0,0.0,16,12,FULL,rc104_21,7,78
0.03538031982082194,1.0515400944908015,0.08866113825995396,0.9922005127518246,2652.1100000000006,0.0,0.0,23,12,FULL,rc104_21,7,79
0.028543283521906087,1.0800548895970605,0.04999336564660879,0.9975068945011667,2645.31,0.0,0.0,15,12,FULL,rc104_21,7,8
0.01370597149910783,1.0231722519615754,0.026376492846828158,0.9993047643140378,2727.3999999999996,0.0,0.0,16,12,FULL,rc104_21,7,80
0.053394475662310516,1.1029287214253396,0.09603090665918819,0.9908623319473556,2585.7699999999995,0.0,0.0,14,12,FULL,rc104_21,7,81
0.012783167957005848,1.0237547217602945,0.025447884457562846,0.9993528242842777,2724.0899999999997,0.0,0.0,26,12,FULL,rc104_21,7,82
0.037627856434361284,1.057144481719452,0.0889989976962346,0.9921414247813314,2638.0499999999997,0.0,0.0,17,12,FULL,rc104_21,7,83
0.05521305630002556,1.1114429442998601,0.09867065033270263,0.9903579765127509,2578.27,0.0,0.0,16,12,FULL,rc104_21,7,84
0.05087603844357913,1.1028155354751314,0.09162629308561904,0.9916745179805153,2598.4399999999996,0.0,0.0,18,12,FULL,rc104_21,7,85
0.054348531012110644,1.1150585039943033,0.09681810527975453,0.990713305599973,2569.91,0.0,0.0,15,12,FULL,rc104_21,7,86
0.055302164636311435,1.110638545116495,0.098751487409547,0.9903423240025887,2581.65,0.0,0.0,15,12,FULL,rc104_21,7,87
0.05607231973591512,1.115509932382721,0.10084732164923824,0.9899322089859829,2568.87,0.0,0.0,16,12,FULL,rc104_21,7,88
0.03519469405220373,1.0529336253114852,0.08823646474956622,0.9922744747076749,2648.6000000000004,0.0,0.0,23,12,FULL,rc104_21,7,89
0.017999270616181413,1.0374499164658397,0.03320765763089092,0.998898466189455,2705.48,0.0,0.0,25,12,FULL,rc104_21,7,9
0.03519469405220373,1.0529336253114852,0.08823646474956622,0.9922744747076749,2648.6000000000004,0.0,0.0,23,12,FULL,rc104_21,7,90
0.03519469405220373,1.0529336253114852,0.08823646474956622,0.9922744747076749,2648.6000000000004,0.0,0.0,24,12,FULL,rc104_21,7,91
0.058529937340150294,1.1115852192060327,0.11076227572469803,0.9878804048835518,2577.94,0.0,0.0,14,12,FULL,rc104_21,7,92
0.0074521538872483655,1.0249427868059515,0.013477430457807669,0.9998183918557639,2770.34,0.0,0.0,23,12,FULL,rc104_21,7,93
0.015478089893765942,1.0319720004215927,0.037557941940814396,0.9985913879838763,2751.4700000000007,0.0,0.0,22,12,FULL,rc104_21,7,94
0.03538031982082194,1.0515400944908015,0.08866113825995396,0.9922005127518246,2652.1100000000006,0.0,0.0,23,12,FULL,rc104_21,7,95
0.05521305630002556,1.1114429442998601,0.09867065033270263,0.9903579765127509,2578.27,0.0,0.0,16,12,FULL,rc104_21,7,96
0.054647748565688804,1.1071145710587826,0.09852567044723214,0.9903860181433841,2588.35,0.0,0.0,17,12,FULL,rc104_21,7,97
0.07503273730649918,1.116809827427627,0.14969227756937079,0.9780833260007764,2565.88,0.0,0.0,15,12,FULL,rc104_21,7,98
0.07364400498275063,1.1120381545195952,0.14945567698112525,0.9781510408061223,2576.8900000000003,0.0,0.0,15,12,FULL,rc104_21,7,99
0.021308454273208932,1.0426169085464179,0.04261690854641783,0.9981870917116001,347.28,0.0,0.0,4,2,FULL,rc105C5,1,1
0.020274736327844156,1.0405494726556885,0.040549472655688666,0.9983584394193072,347.97,0.0,0.0,7,2,FULL,rc105C5,1,2
0.01656347190915053,1.033126943818301,0.03312694381830109,0.9989038085476277,350.47,0.0,0.0,7,2,FULL,rc105C5,1,3
0.049483181972135526,1.1105880271988513,0.10309259441790197,0.9894836852425335,2939.830000000001,0.0,0.0,16,14,FULL,rc105_21,10,1
0.03833646130726619,1.0843296657559258,0.0771709779168853,0.9940798965138582,2979.26,0.0,0.0,21,14,FULL,rc105_21,10,10
0.03833646130726619,1.0843296657559258,0.0771709779168853,0.9940798965138582,2979.26,0.0,0.0,21,14,FULL,rc105_21,10,11
0.03833646130726619,1.0843296657559258,0.0771709779168853,0.9940798965138582,2979.26,0.0,0.0,21,14,FULL,rc105_21,10,12
0.03833646130726619,1.0843296657559258,0.0771709779168853,0.9940798965138582,2979.26,0.0,0.0,21,14,FULL,rc105_21,10,13
0.039886649019208624,1.0926423674743775,0.07630816458230298,0.9942107743086654,2946.5999999999995,0.0,0.0,20,14,FULL,rc105_21,10,14
0.040275011936787584,1.0935776201733651,0.07641671381760383,0.9941943878038908,2944.0799999999995,0.0,0.0,20,14,FULL,rc105_21,10,15
0.040275011936787584,1.0935776201733651,0.07641671381760383,0.9941943878038908,2944.0799999999995,0.0,0.0,20,14,FULL,rc105_21,10,16
0.040275011936787584,1.0935776201733651,0.07641671381760383,0.9941943878038908,2944.0799999999995,0.0,0.0,20,14,FULL,rc105_21,10,17
0.040275011936787584,1.0935776201733651,0.07641671381760383,0.9941943878038908,2944.0799999999995,0.0,0.0,20,14,FULL,rc105_21,10,18
0.02838988146940518,1.0732029986770544,0.05180526869439133,0.9973233975632863,2993.3199999999997,0.0,0.0,18,14,FULL,rc105_21,10,19
0.049483181972135526,1.1105880271988513,0.10309259441790197,0.9894836852425335,2939.830000000001,0.0,0.0,16,14,FULL,rc105_21,10,2
0.03943843937282703,1.0864730312910078,0.07671730559492548,0.9941488919816662,2956.7599999999998,0.0,0.0,20,14,FULL,rc105_21,10,20
0.03943843937282703,1.0864730312910078,0.07671730559492548,0.9941488919816662,2956.7599999999998,0.0,0.0,20,14,FULL,rc105_21,10,21
0.03943843937282703,1.0864730312910078,0.07671730559492548,0.9941488919816662,2956.7599999999998,0.0,0.0,20,14,FULL,rc105_21,10,22
0.03943843937282703,1.0864730312910078,0.07671730559492548,0.9941488919816662,2956.7599999999998,0.0,0.0,20,14,FULL,rc105_21,10,23
0.03943843937282703,1.0864730312910078,0.07671730559492548,0.9941488919816662,2956.7599999999998,0.0,0.0,20,14,FULL,rc105_21,10,24
0.03943843937282703,1.0864730312910078,0.07671730559492548,0.9941488919816662,2956.7599999999998,0.0,0.0,20,14,FULL,rc105_21,10,25
0.03943843937282703,1.0864730312910078,0.07671730559492548,0.9941488919816662,2956.7599999999998,0.0,0.0,21,14,FULL,rc105_21,10,26
0.03943843937282703,1.0864730312910078,0.07671730559492548,0.9941488919816662,2956.7599999999998,0.0,0.0,21,14,FULL,rc105_21,10,27
0.0501814225629001,1.1118325234459008,0.10388173828926282,0.9893237958059554,2938.68,0.0,0.0,16,14,FULL,rc105_21,10,28
0.02914931687820856,1.0744126155955787,0.052936792489232914,0.9972055269639161,2989.95,0.0,0.0,18,14,FULL,rc105_21,10,29
0.049320161539040744,1.1108232614275757,0.10360224010120044,0.9893805588125565,2941.3500000000004,0.0,0.0,15,14,FULL,rc105_21,10,3
0.039011091310476864,1.087469744926457,0.07621569414744975,0.9942247156225218,2954.0499999999997,0.0,0.0,20,14,FULL,rc105_21,10,30
0.048910258649803647,1.1097932121409746,0.10283314682293515,0.989535997145952,2944.08,0.0,0.0,17,14,FULL,rc105_21,10,31
0.02838988146940518,1.0732029986770544,0.05180526869439133,0.9973233975632863,2993.3199999999997,0.0,0.0,18,14,FULL,rc105_21,10,32
0.0427313534249949,1.0948906584744733,0.08207355666679805,0.9933090023161582,2968.6800000000003,0.0,0.0,19,14,FULL,rc105_21,10,33
0.039011091310476864,1.087469744926457,0.07621569414744975,0.9942247156225218,2954.0499999999997,0.0,0.0,20,14,FULL,rc105_21,10,34
0.058988605806151916,1.1251242816939382,0.11783646572298902,0.9863047320664855,2967.05,0.0,0.0,16,14,FULL,rc105_21,10,35
0.058988605806151916,1.1251242816939382,0.11783646572298902,0.9863047320664855,2967.05,0.0,0.0,16,14,FULL,rc105_21,10,36
0.03173030473317352,1.070085672315716,0.057641799632610694,0.9966884258952827,3042.99,0.0,0.0,18,14,FULL,rc105_21,10,37
0.026140351210504065,1.0680648464617717,0.04814051568260936,0.9976878491807236,3007.72,0.0,0.0,19,14,FULL,rc105_21,10,38
0.02558890773165829,1.0673019100492713,0.049514277340032845,0.9975543322941343,3009.87,0.0,0.0,22,14,FULL,rc105_21,10,39
0.050385496726960355,1.1045146459780604,0.10378929184260381,0.9893425868668188,2958.1500000000005,0.0,0.0,16,14,FULL,rc105_21,10,4
0.02558890773165829,1.0673019100492713,0.049514277340032845,0.9975543322941343,3009.87,0.0,0.0,22,14,FULL,rc105_21,10,40
0.02558890773165829,1.0673019100492713,0.049514277340032845,0.9975543322941343,3009.87,0.0,0.0,22,14,FULL,rc105_21,10,41
0.02558890773165829,1.0673019100492713,0.049514277340032845,0.9975543322941343,3009.87,0.0,0.0,22,14,FULL,rc105_21,10,42
0.04359499045358195,1.09181805379524,0.08349184799890151,0.9930773682133022,2982.4200000000005,0.0,0.0,15,14,FULL,rc105_21,10,43
0.048542761910580774,1.1090021655160243,0.10280972594177852,0.9895407132367445,2946.18,0.0,0.0,18,14,FULL,rc105_21,10,44
0.048542761910580774,1.1090021655160243,0.10280972594177852,0.9895407132367445,2946.18,0.0,0.0,18,14,FULL,rc105_21,10,45
0.0416124922082786,1.0968747785415633,0.07900221073178268,0.9937973635203444,2963.31,0.0,0.0,20,14,FULL,rc105_21,10,46
0.0416124922082786,1.0968747785415633,0.07900221073178268,0.9937973635203444,2963.31,0.0,0.0,20,14,FULL,rc105_21,10,47
0.05046668732988507,1.1059128556970768,0.10338436520866183,0.9894247052386115,2954.41,0.0,0.0,17,14,FULL,rc105_21,10,48
0.021844306338384252,1.07024303004717,0.040729707929844323,0.9983438383136553,3008.27,0.0,0.0,17,14,FULL,rc105_21,10,49
0.049320161539040744,1.1108232614275757,0.10360224010120044,0.9893805588125565,2941.3500000000004,0.0,0.0,15,14,FULL,rc105_21,10,5
0.023826831396789063,1.0735655027076052,0.0432404773695528,0.998133750516079,2998.96,0.0,0.0,18,14,FULL,rc105_21,10,50
0.05161034129928334,1.100380558952384,0.11252444366975564,0.987496564950837,2919.39,0.0,0.0,20,14,FULL,rc105_21,10,51
0.019778718299063542,1.0705635351751257,0.036593293941464614,0.9986627215468508,3000.7000000000003,0.0,0.0,17,14,FULL,rc105_21,10,52
0.03605588496531199,1.0796303142329022,0.07052918315727892,0.9950502561590384,2975.4999999999995,0.0,0.0,25,14,FULL,rc105_21,10,53
0.03605588496531199,1.0796303142329022,0.07052918315727892,0.9950502561590384,2975.4999999999995,0.0,0.0,25,14,FULL,rc105_21,10,54
0.03605588496531199,1.0796303142329022,0.07052918315727892,0.9950502561590384,2975.4999999999995,0.0,0.0,25,14,FULL,rc105_21,10,55
0.03605588496531199,1.0796303142329022,0.07052918315727892,0.9950502561590384,2975.4999999999995,0.0,0.0,25,14,FULL,rc105_21,10,56
0.0376028401223607,1.0779845173620046,0.07337451714154522,0.9946450105323861,2993.0299999999997,0.0,0.0,26,14,FULL,rc105_21,10,57
0.03605588496531199,1.0796303142329022,0.07052918315727892,0.9950502561590384,2975.4999999999995,0.0,0.0,25,14,FULL,rc105_21,10,58
0.03605588496531199,1.0796303142329022,0.07052918315727892,0.9950502561590384,2975.4999999999995,0.0,0.0,25,14,FULL,rc105_21,10,59
0.049320161539040744,1.1108232614275757,0.10360224010120044,0.9893805588125565,2941.3500000000004,0.0,0.0,15,14,FULL,rc105_21,10,6
0.03572173795981559,1.08115639619022,0.07001855820596858,0.9951213197173598,2971.2999999999997,0.0,0.0,25,14,FULL,rc105_21,10,60
0.05188537084790593,1.1081896931832826,0.1057254510998971,0.9889456926118164,2948.34,0.0,0.0,15,14,FULL,rc105_21,10,61
0.05188537084790593,1.1081896931832826,0.1057254510998971,0.9889456926118164,2948.34,0.0,0.0,15,14,FULL,rc105_21,10,62
0.020409684572223825,1.0643033445425483,0.03886158238248672,0.9984920547477064,3018.35,0.0,0.0,29,14,FULL,rc105_21,10,63
0.03605588496531199,1.0796303142329022,0.07052918315727892,0.9950502561590384,2975.4999999999995,0.0,0.0,25,14,FULL,rc105_21,10,64
0.020409684572223825,1.0643033445425483,0.03886158238248672,0.9984920547477064,3018.35,0.0,0.0,29,14,FULL,rc105_21,10,65
0.020409684572223825,1.0643033445425483,0.03886158238248672,0.9984920547477064,3018.35,0.0,0.0,29,14,FULL,rc105_21,10,66
0.020409684572223825,1.0643033445425483,0.03886158238248672,0.9984920547477064,3018.35,0.0,0.0,29,14,FULL,rc105_21,10,67
0.020409684572223825,1.0643033445425483,0.03886158238248672,0.9984920547477064,3018.35,0.0,0.0,29,14,FULL,rc105_21,10,68
0.020409684572223825,1.0643033445425483,0.03886158238248672,0.9984920547477064,3018.35,0.0,0.0,29,14,FULL,rc105_21,10,69
0.049320161539040744,1.1108232614275757,0.10360224010120044,0.9893805588125565,2941.3500000000004,0.0,0.0,15,14,FULL,rc105_21,10,7
0.037531823844862346,1.0875765126482857,0.07499153571550672,0.9944077190515669,2953.7599999999998,0.0,0.0,20,14,FULL,rc105_21,10,70
0.039011091310476864,1.087469744926457,0.07621569414744975,0.9942247156225218,2954.0499999999997,0.0,0.0,20,14,FULL,rc105_21,10,71
0.039011091310476864,1.087469744926457,0.07621569414744975,0.9942247156225218,2954.0499999999997,0.0,0.0,20,14,FULL,rc105_21,10,72
0.039011091310476864,1.087469744926457,0.07621569414744975,0.9942247156225218,2954.0499999999997,0.0,0.0,20,14,FULL,rc105_21,10,73
0.039011091310476864,1.087469744926457,0.07621569414744975,0.9942247156225218,2954.0499999999997,0.0,0.0,20,14,FULL,rc105_21,10,74
0.03605588496531199,1.0796303142329022,0.07052918315727892,0.9950502561590384,2975.4999999999995,0.0,0.0,25,14,FULL,rc105_21,10,75
0.03605588496531199,1.0796303142329022,0.07052918315727892,0.9950502561590384,2975.4999999999995,0.0,0.0,25,14,FULL,rc105_21,10,76
0.040420927505007774,1.0865287919198985,0.07879754436448888,0.9938292614448512,2973.23,0.0,0.0,25,14,FULL,rc105_21,10,77
0.03605588496531199,1.0796303142329022,0.07052918315727892,0.9950502561590384,2975.4999999999995,0.0,0.0,25,14,FULL,rc105_21,10,78
0.05188537084790593,1.1081896931832826,0.1057254510998971,0.9889456926118164,2948.34,0.0,0.0,15,14,FULL,rc105_21,10,79
0.03833646130726619,1.0843296657559258,0.0771709779168853,0.9940798965138582,2979.26,0.0,0.0,21,14,FULL,rc105_21,10,8
0.03951668862317602,1.0952510249164478,0.07218291655203535,0.9948166338314662,2983.17,0.0,0.0,16,14,FULL,rc105_21,10,80
0.020304499666569647,1.070360214175999,0.038248290304270995,0.998539205331644,3001.27,0.0,0.0,17,14,FULL,rc105_21,10,81
0.020485977027159992,1.0641728944718292,0.03901544551215821,0.9984801085977619,3018.72,0.0,0.0,29,14,FULL,rc105_21,10,82
0.03596614137914145,1.079789987428825,0.07044305523916412,0.9950622780510872,2975.0599999999995,0.0,0.0,25,14,FULL,rc105_21,10,83
0.0364093319695234,1.0844448045262283,0.06968862282907164,0.9951669674906346,2962.2899999999995,0.0,0.0,25,14,FULL,rc105_21,10,84
0.0364093319695234,1.0844448045262283,0.06968862282907164,0.9951669674906346,2962.2899999999995,0.0,0.0,25,14,FULL,rc105_21,10,85
0.0364093319695234,1.0844448045262283,0.06968862282907164,0.9951669674906346,2962.2899999999995,0.0,0.0,25,14,FULL,rc105_21,10,86
0.0364093319695234,1.0844448045262283,0.06968862282907164,0.9951669674906346,2962.2899999999995,0.0,0.0,25,14,FULL,rc105_21,10,87
0.043747689676083494,1.0926956315851784,0.0851297532179717,0.9928050673328637,2956.45,0.0,0.0,25,14,FULL,rc105_21,10,88
0.0555519890592865,1.1123208018002377,0.11701572088163523,0.986492277967465,2937.39,0.0,0.0,15,14,FULL,rc105_21,10,89
0.03833646130726619,1.0843296657559258,0.0771709779168853,0.9940798965138582,2979.26,0.0,0.0,21,14,FULL,rc105_21,10,9
0.0559751858918629,1.1121049980258408,0.1175819582382948,0.9863630213753315,2937.9600000000005,0.0,0.0,15,14,FULL,rc105_21,10,90
0.0555519890592865,1.1123208018002377,0.11701572088163523,0.986492277967465,2937.39,0.0,0.0,15,14,FULL,rc105_21,10,91
0.03645010378907581,1.110274761022972,0.06390951991459362,0.995932187944601,2997.1499999999996,0.0,0.0,19,14,FULL,rc106_21,9,1
0.028450423001973313,1.098529208354465,0.05126760805789189,0.9973785225704567,3036.4600000000005,0.0,0.0,21,14,FULL,rc106_21,9,10
0.028450423001973313,1.098529208354465,0.05126760805789189,0.9973785225704567,3036.4600000000005,0.0,0.0,21,14,FULL,rc106_21,9,11
0.04633785903826799,1.1013315080871666,0.08341446988557173,0.9930901050814187,2965.8100000000004,0.0,0.0,21,14,FULL,rc106_21,9,12
0.04633785903826799,1.1013315080871666,0.08341446988557173,0.9930901050814187,2965.8100000000004,0.0,0.0,21,14,FULL,rc106_21,9,13
0.04633785903826799,1.1013315080871666,0.08341446988557173,0.9930901050814187,2965.8100000000004,0.0,0.0,21,14,FULL,rc106_21,9,14
0.05662198267806673,1.1443100387651464,0.10192504557066326,0.9897181008049364,2912.4100000000003,0.0,0.0,16,14,FULL,rc106_21,9,15
0.05662198267806673,1.1443100387651464,0.10192504557066326,0.9897181008049364,2912.4100000000003,0.0,0.0,16,14,FULL,rc106_21,9,16
0.04239768906523533,1.0943048935363098,0.07851769505600814,0.9938727462566597,3031.55,0.0,0.0,18,14,FULL,rc106_21,9,17
0.04239768906523533,1.0943048935363098,0.07851769505600814,0.9938727462566597,3031.55,0.0,0.0,19,14,FULL,rc106_21,9,18
0.03228668136948506,1.1036803434326756,0.05805709956101851,0.9966406961501793,3028.25,0.0,0.0,18,14,FULL,rc106_21,9,19
0.03645010378907581,1.110274761022972,0.06390951991459362,0.995932187944601,2997.1499999999996,0.0,0.0,19,14,FULL,rc106_21,9,2
0.03355235542393675,1.1046579652759645,0.05992982363883351,0.9964212695487934,3025.57,0.0,0.0,19,14,FULL,rc106_21,9,20
0.028450423001973313,1.098529208354465,0.05126760805789189,0.9973785225704567,3036.4600000000005,0.0,0.0,22,14,FULL,rc106_21,9,21
0.053633353367706374,1.105077759938655,0.09858818130562354,0.9903739323181926,2921.1699999999996,0.0,0.0,15,14,FULL,rc106_21,9,22
0.054347751729044394,1.1041668091859982,0.09942671804869228,0.9902110976188099,2923.5799999999995,0.0,0.0,17,14,FULL,rc106_21,9,23
0.054347751729044394,1.1041668091859982,0.09942671804869228,0.9902110976188099,2923.5799999999995,0.0,0.0,18,14,FULL,rc106_21,9,24
0.053801421284046365,1.105755075490431,0.09763833906236266,0.990556779284222,2920.8999999999996,0.0,0.0,19,14,FULL,rc106_21,9,25
0.053801421284046365,1.105755075490431,0.09763833906236266,0.990556779284222,2920.8999999999996,0.0,0.0,19,14,FULL,rc106_21,9,26
0.05537654087782202,1.1078297198011957,0.10065999470097999,0.9899692018721449,2915.43,0.0,0.0,22,14,FULL,rc106_21,9,27
0.036778673601347,1.0976218916277554,0.0672820829155139,0.9954935215995492,3038.97,0.0,0.0,19,14,FULL,rc106_21,9,28
0.053850585900243865,1.1058005053444628,0.09773451519922388,0.9905383426255351,2920.7799999999997,0.0,0.0,22,14,FULL,rc106_21,9,29
0.0381973937988593,1.0823355775388726,0.0690882970285765,0.9952494823502683,3076.07,0.0,0.0,19,14,FULL,rc106_21,9,3
0.053850585900243865,1.1058005053444628,0.09773451519922388,0.9905383426255351,2920.7799999999997,0.0,0.0,22,14,FULL,rc106_21,9,30
0.053850585900243865,1.1058005053444628,0.09773451519922388,0.9905383426255351,2920.7799999999997,0.0,0.0,22,14,FULL,rc106_21,9,31
0.053850585900243865,1.1058005053444628,0.09773451519922388,0.9905383426255351,2920.7799999999997,0.0,0.0,22,14,FULL,rc106_21,9,32
0.05472945288050925,1.1141706329620722,0.09870383074231652,0.9903515532700033,2897.3299999999995,0.0,0.0,14,14,FULL,rc106_21,9,33
0.05472945288050925,1.1141706329620722,0.09870383074231652,0.9903515532700033,2897.3299999999995,0.0,0.0,14,14,FULL,rc106_21,9,34
0.05472945288050925,1.1141706329620722,0.09870383074231652,0.9903515532700033,2897.3299999999995,0.0,0.0,15,14,FULL,rc106_21,9,35
0.05472945288050925,1.1141706329620722,0.09870383074231652,0.9903515532700033,2897.3299999999995,0.0,0.0,15,14,FULL,rc106_21,9,36
0.056135268666330215,1.1558992025341461,0.10018841160202796,0.9900620366524442,2885.39,0.0,0.0,14,14,FULL,rc106_21,9,37
0.056135268666330215,1.1558992025341461,0.10018841160202796,0.9900620366524442,2885.39,0.0,0.0,14,14,FULL,rc106_21,9,38
0.03360931268171959,1.097282485336737,0.05866741508404296,0.9965699402121214,3039.9100000000003,0.0,0.0,20,14,FULL,rc106_21,9,39
0.030354175833557737,1.095311586731377,0.053559396821477985,0.9971395963916189,3045.379999999999,0.0,0.0,19,14,FULL,rc106_21,9,4
0.053633353367706374,1.105077759938655,0.09858818130562354,0.9903739323181926,2921.1699999999996,0.0,0.0,15,14,FULL,rc106_21,9,40
0.033748345554095546,1.100011519410206,0.060793597597959353,0.9963177475860603,3038.3500000000004,0.0,0.0,19,14,FULL,rc106_21,9,41
0.03587811163479009,1.0741837614431347,0.06430019006693588,0.9958825093817842,3038.94,0.0,0.0,19,14,FULL,rc106_21,9,42
0.03587811163479009,1.0741837614431347,0.06430019006693588,0.9958825093817842,3038.94,0.0,0.0,19,14,FULL,rc106_21,9,43
0.03587811163479009,1.0741837614431347,0.06430019006693588,0.9958825093817842,3038.94,0.0,0.0,19,14,FULL,rc106_21,9,44
0.042675885988579534,1.0949945618216739,0.08132200669919729,0.9934301792170476,3024.9100000000003,0.0,0.0,18,14,FULL,rc106_21,9,45
0.042675885988579534,1.0949945618216739,0.08132200669919729,0.9934301792170476,3024.9100000000003,0.0,0.0,18,14,FULL,rc106_21,9,46
0.060113286465503686,1.1182579657329723,0.10929352789854303,0.9881959253196911,2886.74,0.0,0.0,16,14,FULL,rc106_21,9,47
0.060113286465503686,1.1182579657329723,0.10929352789854303,0.9881959253196911,2886.74,0.0,0.0,16,14,FULL,rc106_21,9,48
0.03360931268171959,1.097282485336737,0.05866741508404296,0.9965699402121214,3039.9100000000003,0.0,0.0,20,14,FULL,rc106_21,9,49
0.032545363586195517,1.0947687642153148,0.05775188759778457,0.9966758065964,3046.8899999999994,0.0,0.0,19,14,FULL,rc106_21,9,5
0.0386577865331974,1.1082070605841952,0.06790026718736727,0.9954107123799385,2993.52,0.0,0.0,18,14,FULL,rc106_21,9,50
0.053633353367706374,1.105077759938655,0.09858818130562354,0.9903739323181926,2921.1699999999996,0.0,0.0,15,14,FULL,rc106_21,9,51
0.03228668136948506,1.1036803434326756,0.05805709956101851,0.9966406961501793,3028.25,0.0,0.0,18,14,FULL,rc106_21,9,52
0.03587811163479009,1.0741837614431347,0.06430019006693588,0.9958825093817842,3038.94,0.0,0.0,19,14,FULL,rc106_21,9,53
0.05472945288050925,1.1141706329620722,0.09870383074231652,0.9903515532700033,2897.3299999999995,0.0,0.0,15,14,FULL,rc106_21,9,54
0.05472945288050925,1.1141706329620722,0.09870383074231652,0.9903515532700033,2897.3299999999995,0.0,0.0,15,14,FULL,rc106_21,9,55
0.052752990769263874,1.109674225783498,0.09729249060800699,0.9906229329816639,2909.0699999999997,0.0,0.0,20,14,FULL,rc106_21,9,56
0.05302774306817933,1.102340887665708,0.09710821092094993,0.9906580896297604,2895.91,0.0,0.0,16,14,FULL,rc106_21,9,57
0.05302774306817933,1.102340887665708,0.09710821092094993,0.9906580896297604,2895.91,0.0,0.0,16,14,FULL,rc106_21,9,58
0.054563564203820594,1.105402214073251,0.09973215802532115,0.9901514552390148,2887.89,0.0,0.0,15,14,FULL,rc106_21,9,59
0.032545363586195517,1.0947687642153148,0.05775188759778457,0.9966758065964,3046.8899999999994,0.0,0.0,19,14,FULL,rc106_21,9,6
0.03801731923710364,1.07923864904155,0.06826226161019555,0.9953618760745593,2957.8999999999996,0.0,0.0,17,14,FULL,rc106_21,9,60
0.03812091980784592,1.079402863953744,0.06844805669534741,0.995336711676802,2957.45,0.0,0.0,16,14,FULL,rc106_21,9,61
0.03812091980784592,1.079402863953744,0.06844805669534741,0.995336711676802,2957.45,0.0,0.0,16,14,FULL,rc106_21,9,62
0.03812091980784592,1.079402863953744,0.06844805669534741,0.995336711676802,2957.45,0.0,0.0,16,14,FULL,rc106_21,9,63
0.0378341826459776,1.0804842798587913,0.06778582819340945,0.9954260982021391,2954.49,0.0,0.0,16,14,FULL,rc106_21,9,64
0.05350715272330334,1.1366837453305847,0.09340267210791904,0.9913513918125525,2939.3399999999997,0.0,0.0,17,14,FULL,rc106_21,9,65
0.04942813383680722,1.1376674409799328,0.08746809039599662,0.9924074214513906,2931.6299999999997,0.0,0.0,17,14,FULL,rc106_21,9,66
0.05024897416801734,1.1363998773382398,0.08935225151497928,0.9920794117385977,2934.8999999999996,0.0,0.0,18,14,FULL,rc106_21,9,67
0.04938862203211907,1.1445847107791918,0.08817812375593212,0.9922846086024916,2919.05,0.0,0.0,19,14,FULL,rc106_21,9,68
0.04163625130691021,1.110033266799734,0.07438050155715646,0.9944979806844515,3005.9999999999995,0.0,0.0,18,14,FULL,rc106_21,9,69
0.03283110760284748,1.095135380039201,0.05838037728357234,0.9966033083850987,3045.869999999999,0.0,0.0,20,14,FULL,rc106_21,9,7
0.033330788136199656,1.066170035075998,0.0638713876570417,0.995937020981725,2993.5,0.0,0.0,24,14,FULL,rc106_21,9,70
0.03758178042766299,1.0659635013092503,0.07074009677942868,0.9950207556494811,2994.08,0.0,0.0,25,14,FULL,rc106_21,9,71
0.03758178042766299,1.0659635013092503,0.07074009677942868,0.9950207556494811,2994.08,0.0,0.0,25,14,FULL,rc106_21,9,72
0.03758178042766299,1.0659635013092503,0.07074009677942868,0.9950207556494811,2994.08,0.0,0.0,25,14,FULL,rc106_21,9,73
0.048986095793192366,1.127501406002352,0.0906116346654922,0.9918563944785279,2933.8499999999995,0.0,0.0,17,14,FULL,rc106_21,9,74
0.055095548827164595,1.1582515202133683,0.09842288249985949,0.9904058751004219,2879.5299999999993,0.0,0.0,18,14,FULL,rc106_21,9,75
0.040345014446570335,1.1127022769583275,0.07120100494349749,0.9949559879333902,3002.69,0.0,0.0,19,14,FULL,rc106_21,9,76
0.04871908734517864,1.125001275349701,0.09080511708868588,0.9918218640967588,2940.37,0.0,0.0,19,14,FULL,rc106_21,9,77
0.045741393003902155,1.1216864072194022,0.08073330637882396,0.9935243407254702,2978.6400000000003,0.0,0.0,20,14,FULL,rc106_21,9,78
0.05693930409060296,1.1579579621284193,0.10249481948306362,0.9896040236651914,2880.2599999999993,0.0,0.0,15,14,FULL,rc106_21,9,79
0.032308461032228335,1.094470620660691,0.057462228265356,0.9967089590362043,3047.7199999999993,0.0,0.0,19,14,FULL,rc106_21,9,8
0.05693930409060296,1.1579579621284193,0.10249481948306362,0.9896040236651914,2880.2599999999993,0.0,0.0,15,14,FULL,rc106_21,9,80
0.05747101139266483,1.1546746524952831,0.10357777008648598,0.989385521432351,2888.45,0.0,0.0,15,14,FULL,rc106_21,9,81
0.04822683662720273,1.151922910874333,0.0851665522821253,0.9927988904798237,2895.35,0.0,0.0,15,14,FULL,rc106_21,9,82
0.04822683662720273,1.151922910874333,0.0851665522821253,0.9927988904798237,2895.35,0.0,0.0,15,14,FULL,rc106_21,9,83
0.05600607863114134,1.1441067808296714,0.10031441346792588,0.9900372731866904,2915.13,0.0,0.0,15,14,FULL,rc106_21,9,84
0.05747101139266483,1.1546746524952831,0.10357777008648598,0.989385521432351,2888.45,0.0,0.0,15,14,FULL,rc106_21,9,85
0.05747101139266483,1.1546746524952831,0.10357777008648598,0.989385521432351,2888.45,0.0,0.0,15,14,FULL,rc106_21,9,86
0.032308461032228335,1.094470620660691,0.057462228265356,0.9967089590362043,3047.7199999999993,0.0,0.0,20,14,FULL,rc106_21,9,9
0.02441427823242215,1.0568235127668604,0.04299109848519278,0.9981551751201163,2685.86,0.0,0.0,26,12,FULL,rc107_21,1,1
0.037786760280584065,1.095329227414547,0.06927732317563541,0.9952235762112188,2586.51,0.0,0.0,15,12,FULL,rc107_21,1,10
0.035361059383405724,1.079469273743017,0.06481400029443204,0.9958167187223743,2577.6,0.0,0.0,16,12,FULL,rc107_21,1,11
0.03631551411073156,1.0717385282984027,0.0671629694907717,0.9955093920530221,2599.44,0.0,0.0,16,12,FULL,rc107_21,1,12
0.031167826464737185,1.0616992248534691,0.061305181559451735,0.9962557468353088,2624.02,0.0,0.0,17,12,FULL,rc107_21,1,13
0.0364456806996607,1.079443300159772,0.06846619307272056,0.9953342516594701,2597.45,0.0,0.0,16,12,FULL,rc107_21,1,14
0.02700576236893711,1.0900866077545133,0.047711149511251966,0.9977288162300918,2612.93,0.0,0.0,14,12,FULL,rc107_21,1,15
0.02700576236893711,1.0900866077545133,0.047711149511251966,0.9977288162300918,2612.93,0.0,0.0,14,12,FULL,rc107_21,1,16
0.03561421486669388,1.0992302891616392,0.06455725597086602,0.9958496578306395,2595.78,0.0,0.0,14,12,FULL,rc107_21,1,17
0.04185332892771972,1.0935245164711036,0.07661560517955629,0.9941643042905848,2602.74,0.0,0.0,14,12,FULL,rc107_21,1,18
0.021141305759787937,1.0532629148929065,0.03768332405988637,0.9985819807218427,2694.37,0.0,0.0,27,12,FULL,rc107_21,1,19
0.02441427823242215,1.0568235127668604,0.04299109848519278,0.9981551751201163,2685.86,0.0,0.0,26,12,FULL,rc107_21,1,2
0.03305051716957127,1.0644943124720592,0.06295535233926376,0.9960522699518989,2617.13,0.0,0.0,16,12,FULL,rc107_21,1,20
0.03604421385878087,1.0998319431381922,0.06528830468918083,0.995755529592178,2594.3599999999997,0.0,0.0,14,12,FULL,rc107_21,1,21
0.021141305759787937,1.0532629148929065,0.03768332405988637,0.9985819807218427,2694.37,0.0,0.0,27,12,FULL,rc107_21,1,22
0.021141305759787937,1.0532629148929065,0.03768332405988637,0.9985819807218427,2694.37,0.0,0.0,27,12,FULL,rc107_21,1,23
0.025677391906222684,1.0479568704398683,0.04774030904866764,0.9977260455459162,2624.65,0.0,0.0,18,12,FULL,rc107_21,1,24
0.026442332221099818,1.060887133804757,0.04733764578887075,0.9977641574849238,2613.36,0.0,0.0,17,12,FULL,rc107_21,1,25
0.035444953030806005,1.0688135357730042,0.06539268862967171,0.9957420043307299,2591.06,0.0,0.0,16,12,FULL,rc107_21,1,26
0.020142891005792734,1.0501044459917925,0.035417060015266726,0.998747203328106,2699.9599999999996,0.0,0.0,28,12,FULL,rc107_21,1,27
0.028829171245214297,1.0679481582948236,0.05140348801194866,0.9973646448680348,2657.3199999999997,0.0,0.0,18,12,FULL,rc107_21,1,28
0.025677391906222684,1.0479568704398683,0.04774030904866764,0.9977260455459162,2624.65,0.0,0.0,18,12,FULL,rc107_21,1,29
0.02441427823242215,1.0568235127668604,0.04299109848519278,0.9981551751201163,2685.86,0.0,0.0,26,12,FULL,rc107_21,1,3
0.03561421486669388,1.0992302891616392,0.06455725597086602,0.9958496578306395,2595.78,0.0,0.0,14,12,FULL,rc107_21,1,30
0.03561421486669388,1.0992302891616392,0.06455725597086602,0.9958496578306395,2595.78,0.0,0.0,14,12,FULL,rc107_21,1,31
0.03561421486669388,1.0992302891616392,0.06455725597086602,0.9958496578306395,2595.78,0.0,0.0,14,12,FULL,rc107_21,1,32
0.03628075242140527,1.093054158057653,0.06573393778606175,0.9956976397093181,2603.86,0.0,0.0,15,12,FULL,rc107_21,1,33
0.04079638767816807,1.0957393291219446,0.07309433162131972,0.994685612296158,2604.05,0.0,0.0,14,12,FULL,rc107_21,1,34
0.0475091707397047,1.0936337647167318,0.09153231883885155,0.9916914450554764,2602.4799999999996,0.0,0.0,14,12,FULL,rc107_21,1,35
0.021141305759787937,1.0532629148929065,0.03768332405988637,0.9985819807218427,2694.37,0.0,0.0,27,12,FULL,rc107_21,1,36
0.03596514039576215,1.089277860849679,0.06357468221912706,0.9959745296860064,2614.87,0.0,0.0,15,12,FULL,rc107_21,1,37
0.03596514039576215,1.089277860849679,0.06357468221912706,0.9959745296860064,2614.87,0.0,0.0,15,12,FULL,rc107_21,1,38
0.03812839285410844,1.081561827229627,0.0696166420595839,0.9951768981995767,2550.09,0.0,0.0,16,12,FULL,rc107_21,1,39
0.02441427823242215,1.0568235127668604,0.04299109848519278,0.9981551751201163,2685.86,0.0,0.0,26,12,FULL,rc107_21,1,4
0.04127449308172171,1.0813601897939247,0.07561856582199586,0.994314344036156,2579.6400000000003,0.0,0.0,17,12,FULL,rc107_21,1,40
0.03886081230541564,1.0855719160693833,0.07001745809793553,0.995121472272629,2540.67,0.0,0.0,16,12,FULL,rc107_21,1,41
0.04794731040818986,1.0964649905879364,0.0894159552137405,0.9920682033572171,2597.73,0.0,0.0,15,12,FULL,rc107_21,1,42
0.03784549591844059,1.096064155648252,0.06851974231898529,0.9953269845103868,2598.6800000000003,0.0,0.0,14,12,FULL,rc107_21,1,43
0.03784549591844059,1.096064155648252,0.06851974231898529,0.9953269845103868,2598.6800000000003,0.0,0.0,14,12,FULL,rc107_21,1,44
0.04379143054577798,1.1078344813637901,0.07685354062665413,0.9941282147969588,2571.07,0.0,0.0,14,12,FULL,rc107_21,1,45
0.02113223076562143,1.0464577444158254,0.037557782182229715,0.9985913999504739,2628.4100000000003,0.0,0.0,19,12,FULL,rc107_21,1,46
0.033568102369619414,1.067327115823691,0.062225841588403746,0.9961428796222529,2584.1,0.0,0.0,16,12,FULL,rc107_21,1,47
0.03527450742878265,1.1160249922827141,0.06361361800896069,0.9959696173227441,2559.1900000000005,0.0,0.0,17,12,FULL,rc107_21,1,48
0.028502481968441778,1.051880406599206,0.05639482341222619,0.9968297066176314,2614.86,0.0,0.0,19,12,FULL,rc107_21,1,49
0.036454727249519404,1.0723892114352906,0.06623663094288863,0.9956318729669715,2585.33,0.0,0.0,16,12,FULL,rc107_21,1,5
0.03224100666856374,1.0562174551775592,0.062303133861714544,0.9961333286935767,2600.26,0.0,0.0,16,12,FULL,rc107_21,1,50
0.02113223076562143,1.0464577444158254,0.037557782182229715,0.9985913999504739,2628.4100000000003,0.0,0.0,19,12,FULL,rc107_21,1,51
0.02113223076562143,1.0464577444158254,0.037557782182229715,0.9985913999504739,2628.4100000000003,0.0,0.0,19,12,FULL,rc107_21,1,52
0.03127134480314453,1.0618364585346995,0.05967057297829938,0.996452055451191,2586.5,0.0,0.0,16,12,FULL,rc107_21,1,53
0.03224100666856374,1.0562174551775592,0.062303133861714544,0.9961333286935767,2600.26,0.0,0.0,17,12,FULL,rc107_21,1,54
0.03690099500590923,1.0721817696618505,0.0692209654944319,0.9952313073275488,2623.1,0.0,0.0,14,12,FULL,rc107_21,1,55
0.04684646113242227,1.0928820744392864,0.08975806884491319,0.9920078776978547,2604.2699999999995,0.0,0.0,14,12,FULL,rc107_21,1,56
0.04684646113242227,1.0928820744392864,0.08975806884491319,0.9920078776978547,2604.2699999999995,0.0,0.0,14,12,FULL,rc107_21,1,57
0.04684646113242227,1.0928820744392864,0.08975806884491319,0.9920078776978547,2604.2699999999995,0.0,0.0,14,12,FULL,rc107_21,1,58
0.04752435891034912,1.093091939764265,0.0902428757341857,0.9919220087356255,2603.7699999999995,0.0,0.0,14,12,FULL,rc107_21,1,59
0.03598929101348306,1.0719411650861237,0.06554695195321782,0.9957219771992538,2583.4999999999995,0.0,0.0,16,12,FULL,rc107_21,1,6
0.04752435891034912,1.093091939764265,0.0902428757341857,0.9919220087356255,2603.7699999999995,0.0,0.0,14,12,FULL,rc107_21,1,60
0.046835456839151135,1.0975837825981554,0.08898635293335763,0.9921436401350775,2598.6899999999996,0.0,0.0,14,12,FULL,rc107_21,1,61
0.04387768596722778,1.0880999793998487,0.0860631810604186,0.9926475872396038,2621.34,0.0,0.0,15,12,FULL,rc107_21,1,62
0.046835456839151135,1.0975837825981554,0.08898635293335763,0.9921436401350775,2598.6899999999996,0.0,0.0,14,12,FULL,rc107_21,1,63
0.046835456839151135,1.0975837825981554,0.08898635293335763,0.9921436401350775,2598.6899999999996,0.0,0.0,15,12,FULL,rc107_21,1,64
0.046835456839151135,1.0975837825981554,0.08898635293335763,0.9921436401350775,2598.6899999999996,0.0,0.0,15,12,FULL,rc107_21,1,65
0.04330512883285401,1.091468266111757,0.08501101760448795,0.9928249798460933,2614.2400000000002,0.0,0.0,15,12,FULL,rc107_21,1,66
0.03224100666856374,1.0562174551775592,0.062303133861714544,0.9961333286935767,2600.26,0.0,0.0,16,12,FULL,rc107_21,1,67
0.03841270336864078,1.0718818543005004,0.0781359441831264,0.9939318218244064,2562.2599999999998,0.0,0.0,16,12,FULL,rc107_21,1,68
0.03841270336864078,1.0718818543005004,0.0781359441831264,0.9939318218244064,2562.2599999999998,0.0,0.0,16,12,FULL,rc107_21,1,69
0.03491308287233682,1.0650721983706146,0.0682844379122082,0.9953588760070268,2615.7099999999996,0.0,0.0,17,12,FULL,rc107_21,1,7
0.042247271701355636,1.097326203208556,0.07497902704356156,0.9944095740647818,2599.3,0.0,0.0,15,12,FULL,rc107_21,1,70
0.042247271701355636,1.097326203208556,0.07497902704356156,0.9944095740647818,2599.3,0.0,0.0,15,12,FULL,rc107_21,1,71
0.042247271701355636,1.097326203208556,0.07497902704356156,0.9944095740647818,2599.3,0.0,0.0,15,12,FULL,rc107_21,1,72
0.042247271701355636,1.097326203208556,0.07497902704356156,0.9944095740647818,2599.3,0.0,0.0,15,12,FULL,rc107_21,1,73
0.042247271701355636,1.097326203208556,0.07497902704356156,0.9944095740647818,2599.3,0.0,0.0,15,12,FULL,rc107_21,1,74
0.042247271701355636,1.097326203208556,0.07497902704356156,0.9944095740647818,2599.3,0.0,0.0,15,12,FULL,rc107_21,1,75
0.052945907226678766,1.106794308854789,0.10060626504574073,0.9899798000949848,2578.04,0.0,0.0,14,12,FULL,rc107_21,1,76
0.03784653698871635,1.0984293640300713,0.06931368321627453,0.9952185850851275,2579.21,0.0,0.0,14,12,FULL,rc107_21,1,8
0.037786760280584065,1.095329227414547,0.06927732317563541,0.9952235762112188,2586.51,0.0,0.0,15,12,FULL,rc107_21,1,9
0.03148950927692044,1.0869082711981966,0.06214708377595045,0.9961525996387484,576.7,0.0,0.0,4,3,FULL,rc108C10,1,1
0.011679428956586099,1.0217621904730334,0.02238701789866157,0.9994990724837415,603.34,0.0,0.0,6,3,FULL,rc108C10,1,10
0.005899801701109523,1.014421737491601,0.010959375602550357,0.9998799065105809,610.19,0.0,0.0,6,3,FULL,rc108C10,1,11
0.03554610707264653,1.074646824852558,0.06573627605689725,0.9956973349359568,583.28,0.0,0.0,7,3,FULL,rc108C10,1,12
0.0256881765780963,1.0442682412484183,0.05092379992976557,0.9974134740661529,592.75,0.0,0.0,6,3,FULL,rc108C10,1,13
0.055662714097496714,1.1359209486166009,0.10336831197596846,0.9894279544694711,632.5,0.0,0.0,4,3,FULL,rc108C10,1,14
0.019051447843032143,1.0499849241180608,0.03641904970727756,0.99867540968505,596.98,0.0,0.0,10,3,FULL,rc108C10,1,15
0.04815051940036804,1.0846325552421656,0.09459812036140737,0.9911305664498545,577.9100000000001,0.0,0.0,5,3,FULL,rc108C10,1,16
0.019319942498839282,1.0518349470575403,0.03741259291758142,0.9986022543187609,595.93,0.0,0.0,9,3,FULL,rc108C10,1,17
0.049120329508678985,1.106478375992939,0.09042070718781174,0.9918903990329788,566.5,0.0,0.0,6,3,FULL,rc108C10,1,18
0.03711528980914158,1.1036340587365305,0.0738865150166228,0.9945704241321291,567.96,0.0,0.0,5,3,FULL,rc108C10,1,19
0.049496027510968744,1.114941302027748,0.09107047369652206,0.9917743906361022,562.2,0.0,0.0,8,3,FULL,rc108C10,1,2
0.0038449389493404595,1.01132241937065,0.008010384462372903,0.9999358378578096,612.0600000000001,0.0,0.0,10,3,FULL,rc108C10,1,20
0.029510034757259735,1.0715438950554996,0.054699738712035983,0.9970168643100288,594.5999999999999,0.0,0.0,9,3,FULL,rc108C10,1,21
0.0005110123153967786,1.0012724206653378,0.00095467714100508,0.9999990885923872,652.3000000000001,0.0,0.0,12,3,FULL,rc108C10,1,22
0.0027843034890802087,1.0057263116679718,0.005171446078018991,0.9999732568606768,612.96,0.0,0.0,9,3,FULL,rc108C10,1,23
0.049270015943977175,1.1209553881264263,0.0916343935444272,0.9916730581024095,639.74,0.0,0.0,7,3,FULL,rc108C10,1,24
0.046055758778184096,1.1136307272614547,0.08578481479614192,0.992694725318437,645.16,0.0,0.0,4,3,FULL,rc108C10,1,25
0.03647152640960686,1.1026245426400225,0.07304146268629022,0.9946932564985385,568.48,0.0,0.0,6,3,FULL,rc108C10,1,26
0.0189690676118075,1.0381424005034863,0.035434419254718394,0.9987459764815877,603.79,0.0,0.0,9,3,FULL,rc108C10,1,27
0.03548341765036526,1.101075042158516,0.07177340322340793,0.9948749797288827,569.28,0.0,0.0,6,3,FULL,rc108C10,1,28
0.05015802059675304,1.1298532751721404,0.09523004671631108,0.9910127415088785,554.78,0.0,0.0,8,3,FULL,rc108C10,1,29
0.04898888536788615,1.1035174817788105,0.0904968543164883,0.9918768454007866,568.02,0.0,0.0,7,3,FULL,rc108C10,1,3
0.03548341765036526,1.101075042158516,0.07177340322340793,0.9948749797288827,569.28,0.0,0.0,7,3,FULL,rc108C10,1,4
0.019529486514956673,1.034979183038775,0.038050867647688405,0.998554224763722,598.0699999999999,0.0,0.0,5,3,FULL,rc108C10,1,5
0.0278793212383787,1.0475731112916329,0.05552126466027875,0.9969268624575919,590.88,0.0,0.0,4,3,FULL,rc108C10,1,6
0.031256454388984466,1.0788640275387265,0.05867726105655957,0.9965687927533862,581.0,0.0,0.0,4,3,FULL,rc108C10,1,7
0.022092945053466966,1.0379144528885602,0.04388120487650827,0.9980781405146081,594.76,0.0,0.0,5,3,FULL,rc108C10,1,8
0.03065444540098916,1.0580847723704865,0.05838284013040862,0.9966030227655155,592.4100000000001,0.0,0.0,3,3,FULL,rc108C10,1,9
0.01775687528177376,1.0370711914422721,0.03287505330707226,0.9989203976709269,650.64,0.0,0.0,5,3,FULL,rc108C15,1,1
0.0025241730279899066,1.003969465648855,0.005229848932154295,0.9999726494282212,655.0,0.0,0.0,8,3,FULL,rc108C15,1,10
0.012757108856319643,1.0347237880496054,0.02493488064090953,0.9993786380581374,665.25,0.0,0.0,8,3,FULL,rc108C15,1,11
0.07716802715590394,1.1282793178695547,0.1555982629285504,0.9763614883116136,618.65,0.0,0.0,4,3,FULL,rc108C15,1,12
0.012001488556720416,1.0196613533461514,0.024370687071846794,0.9994064221555656,644.92,0.0,0.0,6,3,FULL,rc108C15,1,13
0.07152405702246882,1.119718309859155,0.14374324101305685,0.9797561612746435,623.38,0.0,0.0,5,3,FULL,rc108C15,1,14
0.010299346483125582,1.025490137655682,0.019202647254172693,0.9996313942587254,671.24,0.0,0.0,8,3,FULL,rc108C15,1,15
0.022159565580618306,1.0348214285714288,0.045929727692410244,0.9978949009046065,638.4,0.0,0.0,7,3,FULL,rc108C15,1,16
0.013330782926003723,1.0335770934184778,0.02500887548868665,0.9993749470822966,679.63,0.0,0.0,8,3,FULL,rc108C15,1,17
0.0034239160536347533,1.0087460914487696,0.006460534066162127,0.9999582632416097,662.01,0.0,0.0,6,3,FULL,rc108C15,1,18
0.009443374327060697,1.0213513113053787,0.017349206490185575,0.9996990956048689,674.9,0.0,0.0,4,3,FULL,rc108C15,1,2
0.03354494866368851,1.0577004467434752,0.06655610216445586,0.9955898210991373,637.95,0.0,0.0,5,3,FULL,rc108C15,1,3
0.006125498255176165,1.011362451787762,0.011762136440950683,0.9998616712838256,671.51,0.0,0.0,5,3,FULL,rc108C15,1,4
0.004702499513276355,1.010528207509023,0.008639361266976604,0.9999253670073981,667.73,0.0,0.0,5,3,FULL,rc108C15,1,5
0.0022915082382762484,1.0050798479087453,0.004211142914391947,0.9999822665898339,657.5,0.0,0.0,6,3,FULL,rc108C15,1,6
0.009696467010288886,1.0221132768528942,0.01781847270127585,0.999682602803559,675.16,0.0,0.0,8,3,FULL,rc108C15,1,7
0.028881894247346846,1.0449203612609335,0.06016995186103217,0.9963926370731369,632.23,0.0,0.0,7,3,FULL,rc108C15,1,8
0.0121201389093842,1.0294100286279255,0.02247079736153948,0.9994953180983677,677.66,0.0,0.0,5,3,FULL,rc108C15,1,9
0.10406601692312001,1.2081320338462396,0.20813203384623977,0.9584796731792176,358.09000000000003,0.0,0.0,4,2,FULL,rc108C5,1,1
0.002380417695935444,1.0047608353918707,0.004760835391870659,0.9999773349600872,445.3,0.0,0.0,7,2,FULL,rc108C5,1,10
0.10166332888295493,1.20332665776591,0.2033266577659101,0.960299555297901,359.52,0.0,0.0,4,2,FULL,rc108C5,1,2
0.07371405928824393,1.1474281185764879,0.14742811857648777,0.9787273127765599,403.78999999999996,0.0,0.0,4,2,FULL,rc108C5,1,3
0.09235424596763164,1.184708491935263,0.18470849193526298,0.9670083564005553,365.17,0.0,0.0,7,2,FULL,rc108C5,1,4
0.010267075306479967,1.0205341506129597,0.02053415061295971,0.9995785263735243,456.8,0.0,0.0,8,2,FULL,rc108C5,1,5
0.07001550158706715,1.1400310031741345,0.1400310031741345,0.9807684240052006,406.40999999999997,0.0,0.0,7,2,FULL,rc108C5,1,6
0.01651185558394408,1.0330237111678886,0.03302371116788847,0.9989106225381753,418.78999999999996,0.0,0.0,6,2,FULL,rc108C5,1,7
0.014386949491106193,1.0287738989822126,0.028773898982212488,0.9991727476504072,420.52,0.0,0.0,8,2,FULL,rc108C5,1,8
0.0009877776089268764,1.0019755552178538,0.0019755552178538013,0.999996097196813,460.63,0.0,0.0,8,2,FULL,rc108C5,1,9
0.02393310447031832,1.0606955393958182,0.042582264426840495,0.9981900326781598,2451.91,0.0,0.0,16,11,FULL,rc108_21,6,1
0.029171658381797402,1.0876502587675059,0.0523312186107407,0.9972689227678608,2419.1600000000003,0.0,0.0,16,11,FULL,rc108_21,6,10
0.014604347842252256,1.0403010101836325,0.02602868351836261,0.9993229663194507,2445.1,0.0,0.0,19,11,FULL,rc108_21,6,11
0.014604347842252256,1.0403010101836325,0.02602868351836261,0.9993229663194507,2445.1,0.0,0.0,19,11,FULL,rc108_21,6,12
0.024149953450504826,1.0720427878436087,0.04517056745681688,0.9979637745097296,2411.9,0.0,0.0,15,11,FULL,rc108_21,6,13
0.03679173801694236,1.092757126187698,0.07156260188748902,0.994904887133618,2399.6,0.0,0.0,15,11,FULL,rc108_21,6,14
0.025032424443505782,1.0549270072992702,0.04614368968025267,0.9978752839333371,2411.2,0.0,0.0,15,11,FULL,rc108_21,6,15
0.03679173801694236,1.092757126187698,0.07156260188748902,0.994904887133618,2399.6,0.0,0.0,15,11,FULL,rc108_21,6,16
0.0406019835677629,1.0956336439226175,0.07823593673535068,0.9939163752295856,2393.2999999999997,0.0,0.0,15,11,FULL,rc108_21,6,17
0.0406019835677629,1.0956336439226175,0.07823593673535068,0.9939163752295856,2393.2999999999997,0.0,0.0,15,11,FULL,rc108_21,6,18
0.019890589866558853,1.043742132709944,0.035406892567550134,0.9987479216243133,2446.84,0.0,0.0,16,11,FULL,rc108_21,6,19
0.01571365009973601,1.053471127315727,0.028403775478831626,0.9991938758988859,2435.5200000000004,0.0,0.0,17,11,FULL,rc108_21,6,2
0.020735913929759677,1.0547107741975033,0.03699099738156301,0.9986335358918618,2447.0499999999997,0.0,0.0,16,11,FULL,rc108_21,6,20
0.014604347842252256,1.0403010101836325,0.02602868351836261,0.9993229663194507,2445.1,0.0,0.0,19,11,FULL,rc108_21,6,21
0.041165507391988564,1.091662632097364,0.07889721176741434,0.9938137380333825,2395.96,0.0,0.0,15,11,FULL,rc108_21,6,22
0.041165507391988564,1.091662632097364,0.07889721176741434,0.9938137380333825,2395.96,0.0,0.0,15,11,FULL,rc108_21,6,23
0.014974994201258696,1.035081365491591,0.02686090113000755,0.9992790121889644,2457.43,0.0,0.0,21,11,FULL,rc108_21,6,24
0.014974994201258696,1.035081365491591,0.02686090113000755,0.9992790121889644,2457.43,0.0,0.0,21,11,FULL,rc108_21,6,25
0.014974994201258696,1.035081365491591,0.02686090113000755,0.9992790121889644,2457.43,0.0,0.0,21,11,FULL,rc108_21,6,26
0.01804529057847969,1.0446369414247503,0.03205179006417954,0.9989737370513081,2445.06,0.0,0.0,21,11,FULL,rc108_21,6,27
0.025537071079702853,1.0555267384006342,0.046936831895498084,0.9978017766431657,2409.83,0.0,0.0,15,11,FULL,rc108_21,6,28
0.025537071079702853,1.0555267384006342,0.046936831895498084,0.9978017766431657,2409.83,0.0,0.0,15,11,FULL,rc108_21,6,29
0.01571365009973601,1.053471127315727,0.028403775478831626,0.9991938758988859,2435.5200000000004,0.0,0.0,17,11,FULL,rc108_21,6,3
0.02953775083269893,1.0553252928070895,0.06503969929178681,0.9957876564138421,2410.2900000000004,0.0,0.0,15,11,FULL,rc108_21,6,30
0.02953775083269893,1.0553252928070895,0.06503969929178681,0.9957876564138421,2410.2900000000004,0.0,0.0,15,11,FULL,rc108_21,6,31
0.025694345320822428,1.051004049252128,0.05307708911358418,0.9971907368039838,2420.2000000000003,0.0,0.0,17,11,FULL,rc108_21,6,32
0.021990284293949326,1.056943405634505,0.04231325714498138,0.9982127881149062,2406.6,0.0,0.0,18,11,FULL,rc108_21,6,33
0.021990284293949326,1.056943405634505,0.04231325714498138,0.9982127881149062,2406.6,0.0,0.0,18,11,FULL,rc108_21,6,34
0.03331492047157121,1.0913018145496922,0.06814601873323894,0.9953775860658249,2402.7999999999997,0.0,0.0,15,11,FULL,rc108_21,6,35
0.0238151169780116,1.0584343440648134,0.044179090777014256,0.9980520100095164,2403.21,0.0,0.0,18,11,FULL,rc108_21,6,36
0.0238151169780116,1.0584343440648134,0.044179090777014256,0.9980520100095164,2403.21,0.0,0.0,18,11,FULL,rc108_21,6,37
0.03735800303199339,1.0887997136030239,0.07225606662520156,0.9948061774673269,2402.2599999999998,0.0,0.0,15,11,FULL,rc108_21,6,38
0.018996443202004443,1.0472856757311981,0.03345423532809253,0.9988820653153054,2482.5699999999997,0.0,0.0,18,11,FULL,rc108_21,6,4
0.018996443202004443,1.0472856757311981,0.03345423532809253,0.9988820653153054,2482.5699999999997,0.0,0.0,18,11,FULL,rc108_21,6,5
0.018996443202004443,1.0472856757311981,0.03345423532809253,0.9988820653153054,2482.5699999999997,0.0,0.0,18,11,FULL,rc108_21,6,6
0.020767683708333384,1.074324020335628,0.03707220820384339,0.9986275376206691,2444.97,0.0,0.0,14,11,FULL,rc108_21,6,7
0.020767683708333384,1.074324020335628,0.03707220820384339,0.9986275376206691,2444.97,0.0,0.0,14,11,FULL,rc108_21,6,8
0.01571365009973601,1.053471127315727,0.028403775478831626,0.9991938758988859,2435.5200000000004,0.0,0.0,17,11,FULL,rc108_21,6,9
0.0,1.0,0.0,1.0,806.04,0.0,0.0,6,1,FULL,rc201C10,1,1
0.0025979184008790845,1.007807356869658,0.004865443866535237,0.9999763280163576,3676.02,0.0,0.0,8,4,FULL,rc201_21,5,1
0.003861282647265263,1.0066649245622963,0.007925941145676926,0.999937183403128,3635.45,0.0,0.0,8,4,FULL,rc201_21,5,10
0.01476388751741764,1.0382805042625327,0.027813054070391457,0.9992270319650502,3645.72,0.0,0.0,6,4,FULL,rc201_21,5,11
0.015755494580426355,1.0289389418329997,0.029427569990009707,0.9991347674002325,3666.3399999999997,0.0,0.0,7,4,FULL,rc201_21,5,12
0.015755494580426355,1.0289389418329997,0.029427569990009707,0.9991347674002325,3666.3399999999997,0.0,0.0,7,4,FULL,rc201_21,5,13
0.0010586630286493204,1.0030886766712142,0.0019611764627589937,0.9999961538016752,3665.0,0.0,0.0,13,4,FULL,rc201_21,5,14
0.010188587257014214,1.0274900517770618,0.018524926695277683,0.9996569448181791,3671.5099999999998,0.0,0.0,8,4,FULL,rc201_21,5,15
0.009837577636361505,1.029449968890878,0.018608274012730366,0.9996538519981956,3664.52,0.0,0.0,5,4,FULL,rc201_21,5,16
0.009837577636361505,1.029449968890878,0.018608274012730366,0.9996538519981956,3664.52,0.0,0.0,5,4,FULL,rc201_21,5,17
0.003861282647265263,1.0066649245622963,0.007925941145676926,0.999937183403128,3635.45,0.0,0.0,8,4,FULL,rc201_21,5,18
0.003861282647265263,1.0066649245622963,0.007925941145676926,0.999937183403128,3635.45,0.0,0.0,11,4,FULL,rc201_21,5,19
0.0024193855304435186,1.0070950519488286,0.004602149704788055,0.9999788206666683,3678.62,0.0,0.0,7,4,FULL,rc201_21,5,2
0.011714953167800912,1.018622426438102,0.024012066098639803,0.9994237529338152,3621.44,0.0,0.0,8,4,FULL,rc201_21,5,20
0.003861282647265263,1.0066649245622963,0.007925941145676926,0.999937183403128,3635.45,0.0,0.0,10,4,FULL,rc201_21,5,21
0.003861282647265263,1.0066649245622963,0.007925941145676926,0.999937183403128,3635.45,0.0,0.0,10,4,FULL,rc201_21,5,22
0.008741239445946736,1.0148115446167432,0.01789909002586193,0.9996797251850661,3624.2,0.0,0.0,9,4,FULL,rc201_21,5,23
0.00559562811441805,1.0086721911736367,0.011627959041851352,0.9998648088476396,3632.2999999999997,0.0,0.0,9,4,FULL,rc201_21,5,24
0.019581724088884922,1.0447050843007035,0.03586233594595016,0.9987155448074934,3655.96,0.0,0.0,14,4,FULL,rc201_21,5,25
0.001362562165185377,1.0033282705604325,0.0024644964149596917,0.9999939262943108,3647.54,0.0,0.0,13,4,FULL,rc201_21,5,26
0.009435541150633941,1.0180832564556819,0.01742275109352,0.999696539860343,3674.6699999999996,0.0,0.0,6,4,FULL,rc201_21,5,27
0.009435541150633941,1.0180832564556819,0.01742275109352,0.999696539860343,3674.6699999999996,0.0,0.0,6,4,FULL,rc201_21,5,28
0.0015921745099534146,1.0037809037122591,0.0028510316245151032,0.999991871684746,3671.08,0.0,0.0,14,4,FULL,rc201_21,5,29
0.0035438257866358125,1.0061673005657652,0.006983767522581316,0.9999512293698809,3688.81,0.0,0.0,9,4,FULL,rc201_21,5,3
0.003861282647265263,1.0066649245622963,0.007925941145676926,0.999937183403128,3635.45,0.0,0.0,12,4,FULL,rc201_21,5,30
0.004070678717326359,1.0081124336474547,0.0075862396716183805,0.9999424522795755,3630.23,0.0,0.0,9,4,FULL,rc201_21,5,31
0.003986423569212638,1.0077744901951062,0.007467894677295541,0.9999442336591469,3629.8199999999997,0.0,0.0,11,4,FULL,rc201_21,5,32
0.0020554306786770837,1.0051935347362289,0.0037329295123624865,0.9999860654314305,3639.14,0.0,0.0,10,4,FULL,rc201_21,5,33
0.0020554306786770837,1.0051935347362289,0.0037329295123624865,0.9999860654314305,3639.14,0.0,0.0,11,4,FULL,rc201_21,5,34
0.0020554306786770837,1.0051935347362289,0.0037329295123624865,0.9999860654314305,3639.14,0.0,0.0,11,4,FULL,rc201_21,5,35
0.007577897527269339,1.0141128156099257,0.014400290050477502,0.9997926746391808,3681.7599999999998,0.0,0.0,6,4,FULL,rc201_21,5,36
0.007577897527269339,1.0141128156099257,0.014400290050477502,0.9997926746391808,3681.7599999999998,0.0,0.0,6,4,FULL,rc201_21,5,37
0.007577897527269339,1.0141128156099257,0.014400290050477502,0.9997926746391808,3681.7599999999998,0.0,0.0,6,4,FULL,rc201_21,5,38
0.007577897527269339,1.0141128156099257,0.014400290050477502,0.9997926746391808,3681.7599999999998,0.0,0.0,7,4,FULL,rc201_21,5,39
0.0010586630286493204,1.0030886766712142,0.0019611764627589937,0.9999961538016752,3665.0,0.0,0.0,13,4,FULL,rc201_21,5,4
0.009641153016537007,1.0168747412684924,0.01819273081958456,0.9996691340538331,3671.7599999999998,0.0,0.0,6,4,FULL,rc201_21,5,40
0.007577897527269339,1.0141128156099257,0.014400290050477502,0.9997926746391808,3681.7599999999998,0.0,0.0,8,4,FULL,rc201_21,5,41
0.01966019683486042,1.0502389198193853,0.03655289115915426,0.9986656689660847,3649.76,0.0,0.0,5,4,FULL,rc201_21,5,42
0.003087322792916014,1.006282294748929,0.0060950137934445234,0.999962852186869,3622.88,0.0,0.0,12,4,FULL,rc201_21,5,43
0.0011549474147898309,1.0037002367711028,0.002248528371277648,0.9999949441457254,3632.2000000000003,0.0,0.0,12,4,FULL,rc201_21,5,44
0.0026884241889204574,1.0057492827190464,0.005221750071953309,0.9999727340696374,3624.8,0.0,0.0,13,4,FULL,rc201_21,5,45
0.000990099009900991,1.0026512651265127,0.0018379905081472526,0.9999966218023041,3636.0,0.0,0.0,14,4,FULL,rc201_21,5,46
0.0011277389418360428,1.0022623501502277,0.0022098525136136724,0.9999951165757163,3637.8100000000004,0.0,0.0,15,4,FULL,rc201_21,5,47
0.000990099009900991,1.0026512651265127,0.0018379905081472526,0.9999966218023041,3636.0,0.0,0.0,15,4,FULL,rc201_21,5,48
0.002725310754421173,1.0061267745567748,0.005078725288063306,0.9999742072147333,3623.44,0.0,0.0,19,4,FULL,rc201_21,5,49
0.003618693134822104,1.0079883331156676,0.006633464246291605,0.9999559990882585,3675.3599999999997,0.0,0.0,9,4,FULL,rc201_21,5,5
0.009435541150633941,1.0180832564556819,0.01742275109352,0.999696539860343,3674.6699999999996,0.0,0.0,6,4,FULL,rc201_21,5,50
0.007577897527269339,1.0141128156099257,0.014400290050477502,0.9997926746391808,3681.7599999999998,0.0,0.0,6,4,FULL,rc201_21,5,51
0.007577897527269339,1.0141128156099257,0.014400290050477502,0.9997926746391808,3681.7599999999998,0.0,0.0,6,4,FULL,rc201_21,5,52
0.007577897527269339,1.0141128156099257,0.014400290050477502,0.9997926746391808,3681.7599999999998,0.0,0.0,8,4,FULL,rc201_21,5,53
0.00911190651418825,1.0259758246950932,0.016744161063242537,0.999719711653871,3682.2699999999995,0.0,0.0,6,4,FULL,rc201_21,5,54
0.001362562165185377,1.0033282705604325,0.0024644964149596917,0.9999939262943108,3647.54,0.0,0.0,13,4,FULL,rc201_21,5,55
0.015024909700616096,1.0437260840740221,0.02780579471566924,0.9992274350982245,3635.13,0.0,0.0,6,4,FULL,rc201_21,5,56
0.009127852709835516,1.0189461962959123,0.016569352787266116,0.99972553190163,3664.0599999999995,0.0,0.0,6,4,FULL,rc201_21,5,57
0.01966019683486042,1.0502389198193853,0.03655289115915426,0.9986656689660847,3649.76,0.0,0.0,5,4,FULL,rc201_21,5,58
0.003087322792916014,1.006282294748929,0.0060950137934445234,0.999962852186869,3622.88,0.0,0.0,13,4,FULL,rc201_21,5,59
0.003618693134822104,1.0079883331156676,0.006633464246291605,0.9999559990882585,3675.3599999999997,0.0,0.0,8,4,FULL,rc201_21,5,6
0.00911190651418825,1.0259758246950932,0.016744161063242537,0.999719711653871,3682.2699999999995,0.0,0.0,6,4,FULL,rc201_21,5,60
0.0013130353622101687,1.0024576266506138,0.002445758195719217,0.999994018302629,3621.38,0.0,0.0,17,4,FULL,rc201_21,5,61
0.0013130353622101687,1.0024576266506138,0.002445758195719217,0.999994018302629,3621.38,0.0,0.0,17,4,FULL,rc201_21,5,62
0.0013130353622101687,1.0024576266506138,0.002445758195719217,0.999994018302629,3621.38,0.0,0.0,23,4,FULL,rc201_21,5,63
0.009641153016537007,1.0168747412684924,0.01819273081958456,0.9996691340538331,3671.7599999999998,0.0,0.0,7,4,FULL,rc201_21,5,64
0.001491118830700744,1.0032990321382536,0.002783560292475422,0.9999922518521325,3661.68,0.0,0.0,9,4,FULL,rc201_21,5,65
0.007577897527269339,1.0141128156099257,0.014400290050477502,0.9997926746391808,3681.7599999999998,0.0,0.0,7,4,FULL,rc201_21,5,66
0.01966019683486042,1.0502389198193853,0.03655289115915426,0.9986656689660847,3649.76,0.0,0.0,5,4,FULL,rc201_21,5,67
0.0013130353622101687,1.0024576266506138,0.002445758195719217,0.999994018302629,3621.38,0.0,0.0,20,4,FULL,rc201_21,5,68
0.0013130353622101687,1.0024576266506138,0.002445758195719217,0.999994018302629,3621.38,0.0,0.0,20,4,FULL,rc201_21,5,69
0.003618693134822104,1.0079883331156676,0.006633464246291605,0.9999559990882585,3675.3599999999997,0.0,0.0,8,4,FULL,rc201_21,5,7
0.0011733911626172766,1.0026050803210078,0.002108158839601073,0.999995555686059,3619.85,0.0,0.0,22,4,FULL,rc201_21,5,70
0.0011139208357029418,1.0021919532677772,0.0020937059961327305,0.9999956164144178,3622.34,0.0,0.0,26,4,FULL,rc201_21,5,71
0.0009742295232282316,1.0023392555809336,0.0017520672403058613,0.9999969302698086,3620.81,0.0,0.0,27,4,FULL,rc201_21,5,72
0.0009742295232282316,1.0023392555809336,0.0017520672403058613,0.9999969302698086,3620.81,0.0,0.0,27,4,FULL,rc201_21,5,73
0.0009742295232282316,1.0023392555809336,0.0017520672403058613,0.9999969302698086,3620.81,0.0,0.0,28,4,FULL,rc201_21,5,74
0.0009742295232282316,1.0023392555809336,0.0017520672403058613,0.9999969302698086,3620.81,0.0,0.0,28,4,FULL,rc201_21,5,75
0.009837577636361505,1.029449968890878,0.018608274012730366,0.9996538519981956,3664.52,0.0,0.0,5,4,FULL,rc201_21,5,76
0.003565660533839443,1.0126694166175605,0.007416561630518338,0.9999449976390069,3665.52,0.0,0.0,8,4,FULL,rc201_21,5,8
0.019220967481167417,1.0471135322955,0.035555213557738136,0.9987374229050041,3649.27,0.0,0.0,11,4,FULL,rc201_21,5,9
0.014014112112896937,1.0280282242257939,0.028028224225793798,0.9992150353003795,1632.64,0.0,0.0,7,2,FULL,rc202C15,1,1
0.007428212089513275,1.014856424179027,0.014856424179026896,0.9997793353642414,1653.83,0.0,0.0,9,2,FULL,rc202C15,1,10
0.014014112112896937,1.0280282242257939,0.028028224225793798,0.9992150353003795,1632.64,0.0,0.0,7,2,FULL,rc202C15,1,11
0.014014112112896937,1.0280282242257939,0.028028224225793798,0.9992150353003795,1632.64,0.0,0.0,8,2,FULL,rc202C15,1,12
0.006497190485674764,1.0129943809713498,0.012994380971349646,0.9998311745700098,1656.87,0.0,0.0,11,2,FULL,rc202C15,1,13
0.014014112112896937,1.0280282242257939,0.028028224225793798,0.9992150353003795,1632.64,0.0,0.0,10,2,FULL,rc202C15,1,14
0.019886724635576503,1.0397734492711528,0.039773449271152846,0.9984205712744422,1652.6100000000001,0.0,0.0,15,2,FULL,rc202C15,1,15
0.033330980696615775,1.0666619613932313,0.06666196139323141,0.9955758430475119,1700.22,0.0,0.0,7,2,FULL,rc202C15,1,16
0.019886724635576503,1.0397734492711528,0.039773449271152846,0.9984205712744422,1652.6100000000001,0.0,0.0,9,2,FULL,rc202C15,1,17
0.014014112112896937,1.0280282242257939,0.028028224225793798,0.9992150353003795,1632.64,0.0,0.0,8,2,FULL,rc202C15,1,2
0.014014112112896937,1.0280282242257939,0.028028224225793798,0.9992150353003795,1632.64,0.0,0.0,11,2,FULL,rc202C15,1,3
0.014014112112896937,1.0280282242257939,0.028028224225793798,0.9992150353003795,1632.64,0.0,0.0,12,2,FULL,rc202C15,1,4
0.012374466257961458,1.024748932515923,0.02474893251592281,0.9993878652777534,1676.84,0.0,0.0,13,2,FULL,rc202C15,1,5
0.014014112112896937,1.0280282242257939,0.028028224225793798,0.9992150353003795,1632.64,0.0,0.0,13,2,FULL,rc202C15,1,6
0.019886724635576503,1.0397734492711528,0.039773449271152846,0.9984205712744422,1652.6100000000001,0.0,0.0,9,2,FULL,rc202C15,1,7
0.014014112112896937,1.0280282242257939,0.028028224225793798,0.9992150353003795,1632.64,0.0,0.0,12,2,FULL,rc202C15,1,8
0.014014112112896937,1.0280282242257939,0.028028224225793798,0.9992150353003795,1632.64,0.0,0.0,13,2,FULL,rc202C15,1,9
0.012372173589428437,1.0188021464712111,0.026213146375910403,0.9993133427791939,3654.37,0.0,0.0,4,4,FULL,rc202_21,6,1
0.015220933996894503,1.0242799686143682,0.031684997543854385,0.9989970678134519,3644.98,0.0,0.0,4,4,FULL,rc202_21,6,10
0.015006686147293502,1.0272673743527094,0.030406350290179518,0.9990763078580336,3634.38,0.0,0.0,4,4,FULL,rc202_21,6,11
0.015088580965238352,1.0307472716179245,0.02754882156488162,0.9992416379798147,3622.1099999999997,0.0,0.0,5,4,FULL,rc202_21,6,12
0.020001026298197777,1.0451377042541448,0.03663862076248429,0.9986594110598415,3605.19,0.0,0.0,4,4,FULL,rc202_21,6,13
0.012839862482272313,1.0280057170291317,0.023932087604467717,0.9994275830317437,3624.2599999999998,0.0,0.0,4,4,FULL,rc202_21,6,14
0.010464222880431029,1.0243970336057726,0.01873560354798184,0.9996491003334905,3592.24,0.0,0.0,6,4,FULL,rc202_21,6,15
0.02445529254758716,1.0586275198426636,0.04401928723070578,0.9980660497625277,3559.25,0.0,0.0,3,4,FULL,rc202_21,6,16
0.02445529254758716,1.0586275198426636,0.04401928723070578,0.9980660497625277,3559.25,0.0,0.0,3,4,FULL,rc202_21,6,17
0.019312676653082672,1.0502795787642785,0.03534802017500942,0.9987520767280348,3587.5400000000004,0.0,0.0,3,4,FULL,rc202_21,6,18
0.019312676653082672,1.0502795787642785,0.03534802017500942,0.9987520767280348,3587.5400000000004,0.0,0.0,3,4,FULL,rc202_21,6,19
0.015122739850753852,1.023900744035784,0.03180866041212415,0.998989231808821,3646.33,0.0,0.0,4,4,FULL,rc202_21,6,2
0.012054846854029577,1.0214825150045401,0.02459115226734336,0.9993956407012022,3612.2400000000002,0.0,0.0,4,4,FULL,rc202_21,6,20
0.02445529254758716,1.0586275198426636,0.04401928723070578,0.9980660497625277,3559.25,0.0,0.0,3,4,FULL,rc202_21,6,21
0.01655322886077326,1.03221450723166,0.031087791247754976,0.999034482360597,3643.7000000000003,0.0,0.0,12,4,FULL,rc202_21,6,22
0.01655322886077326,1.03221450723166,0.031087791247754976,0.999034482360597,3643.7000000000003,0.0,0.0,12,4,FULL,rc202_21,6,23
0.015496533707293203,1.033588545966547,0.02793748086460602,0.9992201058725191,3536.92,0.0,0.0,5,4,FULL,rc202_21,6,24
0.015398916993029754,1.0331943050233994,0.02778190359674172,0.9992287611010748,3536.45,0.0,0.0,5,4,FULL,rc202_21,6,25
0.009697184173640405,1.0213802961544332,0.017971931808745685,0.9996771139561327,3602.8500000000004,0.0,0.0,6,4,FULL,rc202_21,6,26
0.010313199229355474,1.0215702713356911,0.018720172472825668,0.9996496779111623,3602.1800000000003,0.0,0.0,6,4,FULL,rc202_21,6,27
0.023267514926541333,1.060600639549185,0.042519800796037434,0.998195329264871,3577.52,0.0,0.0,3,4,FULL,rc202_21,6,28
0.02285631331053617,1.0569882488912328,0.04172740447694356,0.9982618501409307,3564.77,0.0,0.0,3,4,FULL,rc202_21,6,29
0.013957742097975956,1.0223153212420828,0.029717301402387732,0.9991176612066327,3632.9300000000003,0.0,0.0,4,4,FULL,rc202_21,6,3
0.021343263534632895,1.0543735886120758,0.0391458735548274,0.9984699452386528,3573.61,0.0,0.0,3,4,FULL,rc202_21,6,30
0.012921342152313775,1.0274222032094946,0.02388470688219075,0.9994298460381411,3646.6800000000003,0.0,0.0,4,4,FULL,rc202_21,6,31
0.0033242563657724933,1.0080045677643208,0.006165268925555303,0.999961990903822,3642.92,0.0,0.0,10,4,FULL,rc202_21,6,32
0.010620951530042388,1.0209850346213984,0.019824599568505876,0.9996071396518589,3581.6,0.0,0.0,21,4,FULL,rc202_21,6,33
0.01022064138379486,1.023914444949891,0.018318820206498946,0.999664533401846,3583.19,0.0,0.0,5,4,FULL,rc202_21,6,34
0.003024853516828907,1.005010149044401,0.006138001508441024,0.9999623263568393,3650.59,0.0,0.0,5,4,FULL,rc202_21,6,35
0.010259563368864466,1.0175964884224922,0.019776022780325912,0.9996090618154275,3626.8599999999997,0.0,0.0,7,4,FULL,rc202_21,6,36
0.011036874388146156,1.0206357195400517,0.020491316495782147,0.9995802821852837,3616.0600000000004,0.0,0.0,7,4,FULL,rc202_21,6,37
0.011036874388146156,1.0206357195400517,0.020491316495782147,0.9995802821852837,3616.0600000000004,0.0,0.0,7,4,FULL,rc202_21,6,38
0.018081637382373117,1.0394806900223736,0.0327495130391968,0.998928618485159,3624.81,0.0,0.0,4,4,FULL,rc202_21,6,39
0.010464222880431029,1.0243970336057726,0.01873560354798184,0.9996491003334905,3592.24,0.0,0.0,7,4,FULL,rc202_21,6,4
0.003796996304708866,1.0058763038049066,0.008011962806609116,0.9999358125722759,3539.6400000000003,0.0,0.0,5,4,FULL,rc202_21,6,40
0.0018568477610592105,1.0047408879005768,0.0034694605276089177,0.9999879629885389,3543.6400000000003,0.0,0.0,5,4,FULL,rc202_21,6,41
0.005674450595916092,1.0161241219118924,0.010416039405013205,0.9998915178927577,3547.48,0.0,0.0,5,4,FULL,rc202_21,6,42
0.00494930188499465,1.0091867562735064,0.009223636907431498,0.999914931759421,3568.1800000000003,0.0,0.0,32,4,FULL,rc202_21,6,43
0.015955866372112437,1.0366037850046907,0.028619076091331477,0.9991816187800576,3634.87,0.0,0.0,4,4,FULL,rc202_21,6,44
0.016276061398409203,1.0381632276320394,0.029162528234656038,0.9991502696027734,3629.41,0.0,0.0,4,4,FULL,rc202_21,6,45
0.015165021404910384,1.036657972641333,0.027255222365887875,0.9992577042660535,3634.68,0.0,0.0,5,4,FULL,rc202_21,6,46
0.024726594689721493,1.0664580918194897,0.045629725799408424,0.9979222541396932,3579.85,0.0,0.0,3,4,FULL,rc202_21,6,47
0.027260396056252745,1.0699460229024322,0.04936791115015104,0.9975687348054737,3568.18,0.0,0.0,3,4,FULL,rc202_21,6,48
0.02414488044795049,1.0656573269244727,0.04483182783772842,0.9979941387787293,3582.54,0.0,0.0,3,4,FULL,rc202_21,6,49
0.014571553753705446,1.0353033828133449,0.026902391841209936,0.9992767847320903,3606.17,0.0,0.0,5,4,FULL,rc202_21,6,5
0.025229190203980734,1.06171132432873,0.045610781028537196,0.9979239754977262,3558.18,0.0,0.0,3,4,FULL,rc202_21,6,50
0.025229190203980734,1.06171132432873,0.045610781028537196,0.9979239754977262,3558.18,0.0,0.0,3,4,FULL,rc202_21,6,51
0.025092691236286102,1.0611579447422494,0.045365012638982044,0.9979462422296596,3557.5099999999998,0.0,0.0,3,4,FULL,rc202_21,6,52
0.025872810046653205,1.0641672187063949,0.047646901357837494,0.997734915048484,3547.45,0.0,0.0,3,4,FULL,rc202_21,6,53
0.02445529254758716,1.0586275198426636,0.04401928723070578,0.9980660497625277,3559.25,0.0,0.0,3,4,FULL,rc202_21,6,54
0.02445529254758716,1.0586275198426636,0.04401928723070578,0.9980660497625277,3559.25,0.0,0.0,3,4,FULL,rc202_21,6,55
0.02445529254758716,1.0586275198426636,0.04401928723070578,0.9980660497625277,3559.25,0.0,0.0,3,4,FULL,rc202_21,6,56
0.024726594689721493,1.0664580918194897,0.045629725799408424,0.9979222541396932,3579.85,0.0,0.0,3,4,FULL,rc202_21,6,57
0.024726594689721493,1.0664580918194897,0.045629725799408424,0.9979222541396932,3579.85,0.0,0.0,3,4,FULL,rc202_21,6,58
0.021998010851416616,1.0606273596830698,0.04046754458179377,0.9983650552572689,3599.53,0.0,0.0,3,4,FULL,rc202_21,6,59
0.01993423043501208,1.0392757296701527,0.03818498695730485,0.9985440297114896,3601.97,0.0,0.0,3,4,FULL,rc202_21,6,6
0.022425546681293262,1.0571951485708209,0.04093372032357195,0.9983272333771378,3573.38,0.0,0.0,3,4,FULL,rc202_21,6,60
0.018907878909382392,1.0395727523834983,0.03549864802542385,0.9987414319779089,3591.3599999999997,0.0,0.0,3,4,FULL,rc202_21,6,7
0.018800790566204206,1.0400803815917323,0.036779712424507054,0.9986490802069999,3622.72,0.0,0.0,4,4,FULL,rc202_21,6,8
0.019830725254491144,1.0442495927317432,0.0383098293072851,0.9985345077978501,3627.83,0.0,0.0,4,4,FULL,rc202_21,6,9
0.005561489447902653,1.015277522006556,0.010939405208869279,0.9998803437330117,2715.1,0.0,0.0,7,3,FULL,rc203_21,5,1
0.002343201770528195,1.0042913716195327,0.004522700611017374,0.9999795455975741,2717.08,0.0,0.0,6,3,FULL,rc203_21,5,10
0.0029646620667541277,1.0071995412419765,0.0054975824343480376,0.9999697775008044,2702.95,0.0,0.0,6,3,FULL,rc203_21,5,11
0.032278023620722074,1.0511604941938166,0.06661690094560985,0.9955817956663672,2693.6800000000003,0.0,0.0,5,3,FULL,rc203_21,5,12
0.03463142620078852,1.0583901379955691,0.06935880856903016,0.9952123871763503,2703.71,0.0,0.0,5,3,FULL,rc203_21,5,13
0.017330408160735722,1.0329602498791506,0.03296143242581095,0.9989147230780921,2689.3,0.0,0.0,6,3,FULL,rc203_21,5,14
0.01732390195429767,1.0325724544755066,0.03309046428906676,0.998906218840345,2690.31,0.0,0.0,7,3,FULL,rc203_21,5,15
0.001829104144617381,1.0039458496668154,0.003368831546663115,0.9999886511028092,2711.71,0.0,0.0,7,3,FULL,rc203_21,5,16
0.029482974655424748,1.046302397675707,0.06112651251954258,0.9962774585591483,2670.92,0.0,0.0,7,3,FULL,rc203_21,5,17
0.032321630083300835,1.0507148994294022,0.06704172572668268,0.9955255179870703,2723.46,0.0,0.0,5,3,FULL,rc203_21,5,18
0.028483075925699985,1.0447138689532007,0.059065380944761,0.996523409621545,2704.53,0.0,0.0,4,3,FULL,rc203_21,5,19
0.0029646620667541277,1.0071995412419765,0.0054975824343480376,0.9999697775008044,2702.95,0.0,0.0,6,3,FULL,rc203_21,5,2
0.02239842084135857,1.0345993363703658,0.04682198886593827,0.9978124970184521,2715.37,0.0,0.0,20,3,FULL,rc203_21,5,20
0.0025165510679937184,1.0065255327644598,0.00478168620279364,0.9999771359998325,2704.76,0.0,0.0,6,3,FULL,rc203_21,5,21
0.001829104144617381,1.0039458496668154,0.003368831546663115,0.9999886511028092,2711.71,0.0,0.0,7,3,FULL,rc203_21,5,22
0.002806145409128824,1.006961114666055,0.005235860759862329,0.9999725865136233,2703.59,0.0,0.0,6,3,FULL,rc203_21,5,23
0.002806145409128824,1.006961114666055,0.005235860759862329,0.9999725865136233,2703.59,0.0,0.0,6,3,FULL,rc203_21,5,24
0.002587418031115766,1.0074471673703602,0.005280063483101655,0.9999721217068354,2697.67,0.0,0.0,6,3,FULL,rc203_21,5,25
0.030573675774406322,1.0471987177097701,0.06393131905957379,0.995929423757704,2682.7,0.0,0.0,5,3,FULL,rc203_21,5,26
0.015055192304788356,1.0372793440345498,0.028074254208708408,0.9992124569634973,2648.92,0.0,0.0,8,3,FULL,rc203_21,5,27
0.015055192304788356,1.0372793440345498,0.028074254208708408,0.9992124569634973,2648.92,0.0,0.0,8,3,FULL,rc203_21,5,28
0.01488188389596834,1.0350771294433265,0.027432415714067872,0.9992480284548262,2683.8,0.0,0.0,8,3,FULL,rc203_21,5,29
0.0029646620667541277,1.0071995412419765,0.0054975824343480376,0.9999697775008044,2702.95,0.0,0.0,6,3,FULL,rc203_21,5,3
0.014980346265790404,1.041925465838509,0.029874953778932217,0.9991082830055947,2666.1600000000003,0.0,0.0,5,3,FULL,rc203_21,5,30
0.03208720312033897,1.0505742943402392,0.06640689538533003,0.9956094858671072,2692.87,0.0,0.0,5,3,FULL,rc203_21,5,31
0.029380439243518037,1.049281917564657,0.05898672029622293,0.9965326313063448,2688.41,0.0,0.0,6,3,FULL,rc203_21,5,32
0.026580752073269043,1.0458597500980227,0.0526649282840649,0.9972340768784649,2703.46,0.0,0.0,8,3,FULL,rc203_21,5,33
0.030588726700430485,1.047714236699013,0.06363320491819487,0.9959671450068495,2681.38,0.0,0.0,11,3,FULL,rc203_21,5,34
0.003856414785376572,1.0077827454876636,0.0071966606272781865,0.9999482107580804,2717.55,0.0,0.0,6,3,FULL,rc203_21,5,35
0.03443896003903646,1.052508073355353,0.07246275698989027,0.9947765762699269,2718.8199999999997,0.0,0.0,5,3,FULL,rc203_21,5,36
0.03399896383641421,1.053878045268781,0.07017518739741385,0.9950995754931845,2708.71,0.0,0.0,5,3,FULL,rc203_21,5,37
0.000809906117763474,1.0014451994486693,0.0015805748743890726,0.9999975017893077,2691.67,0.0,0.0,7,3,FULL,rc203_21,5,38
0.029797722759432894,1.0472674610064965,0.06147332148765555,0.9962352575910902,2672.24,0.0,0.0,5,3,FULL,rc203_21,5,39
0.0029646620667541277,1.0071995412419765,0.0054975824343480376,0.9999697775008044,2702.95,0.0,0.0,6,3,FULL,rc203_21,5,4
0.03208720312033897,1.0505742943402392,0.06640689538533003,0.9956094858671072,2692.87,0.0,0.0,5,3,FULL,rc203_21,5,40
0.00988107928299812,1.02660406885759,0.019176628017645907,0.9996323921231194,2645.46,0.0,0.0,4,3,FULL,rc203_21,5,41
0.014730536852267514,1.0285660318659586,0.02782529698707834,0.9992263518424637,2700.06,0.0,0.0,5,3,FULL,rc203_21,5,42
0.012328082020504874,1.0300487621905476,0.022882645375452607,0.9994766585702844,2666.0,0.0,0.0,4,3,FULL,rc203_21,5,43
0.014921860114099536,1.037857588516818,0.028074526367255326,0.9992124417061873,2676.61,0.0,0.0,4,3,FULL,rc203_21,5,44
0.014921860114099536,1.037857588516818,0.028074526367255326,0.9992124417061873,2676.61,0.0,0.0,4,3,FULL,rc203_21,5,45
0.004283543582908056,1.008424711505181,0.00805425500579126,0.9999351331842782,2715.8199999999997,0.0,0.0,6,3,FULL,rc203_21,5,5
0.0029646620667541277,1.0071995412419765,0.0054975824343480376,0.9999697775008044,2702.95,0.0,0.0,6,3,FULL,rc203_21,5,6
0.03463142620078852,1.0583901379955691,0.06935880856903016,0.9952123871763503,2703.71,0.0,0.0,5,3,FULL,rc203_21,5,7
0.008633232019961726,1.0196283860076485,0.0158628737399484,0.9997484325388226,2701.19,0.0,0.0,6,3,FULL,rc203_21,5,8
0.007214263629805077,1.0137549506043786,0.013708623913720464,0.999812108940077,2716.84,0.0,0.0,6,3,FULL,rc203_21,5,9
0.0,1.0,0.0,1.0,790.91,0.0,0.0,7,1,FULL,rc204C15,1,1
0.0,1.0,0.0,1.0,676.36,0.0,0.0,8,1,FULL,rc204C15,1,2
0.0,1.0,0.0,1.0,780.44,0.0,0.0,3,1,FULL,rc204C5,1,1
0.0,1.0,0.0,1.0,758.06,0.0,0.0,2,1,FULL,rc204C5,1,2
0.007343017126552128,1.015305948525652,0.013599124902479498,0.9998150979969603,2640.15,0.0,0.0,6,3,FULL,rc204_21,3,1
0.012066821537661957,1.0190915075707703,0.024926240135066287,0.9993790683483977,2643.06,0.0,0.0,7,3,FULL,rc204_21,3,10
0.009819596959092625,1.0157173886810666,0.02016822637102503,0.9995934080293216,2651.84,0.0,0.0,6,3,FULL,rc204_21,3,11
0.011631052204490308,1.0202190965647822,0.022965147297954645,0.9994728800116058,2661.84,0.0,0.0,6,3,FULL,rc204_21,3,12
0.007262557232108484,1.0125177616888827,0.014395972567665219,0.9997927989150183,2660.2200000000003,0.0,0.0,7,3,FULL,rc204_21,3,13
0.007425110099051668,1.0121296839067502,0.01509853724231353,0.9997720861297165,2661.2400000000002,0.0,0.0,6,3,FULL,rc204_21,3,14
0.009239085674925077,1.0166213696907076,0.017966998602801022,0.9996772911358363,2671.26,0.0,0.0,6,3,FULL,rc204_21,3,15
0.004572377898427534,1.0078388966425575,0.009085959308646812,0.9999174521581503,2672.57,0.0,0.0,6,3,FULL,rc204_21,3,16
0.004572377898427534,1.0078388966425575,0.009085959308646812,0.9999174521581503,2672.57,0.0,0.0,6,3,FULL,rc204_21,3,17
0.006389395244112972,1.012335186034288,0.012087730744874738,0.999853908111398,2682.57,0.0,0.0,6,3,FULL,rc204_21,3,18
0.012066821537661957,1.0190915075707703,0.024926240135066287,0.9993790683483977,2643.06,0.0,0.0,7,3,FULL,rc204_21,3,19
0.010552547263495082,1.0160798935751625,0.022209926787008352,0.9995069623581418,2668.55,0.0,0.0,6,3,FULL,rc204_21,3,2
0.012066821537661957,1.0190915075707703,0.024926240135066287,0.9993790683483977,2643.06,0.0,0.0,7,3,FULL,rc204_21,3,20
0.013875801276010957,1.0235953955055672,0.02767853555996526,0.9992344851312155,2653.06,0.0,0.0,7,3,FULL,rc204_21,3,21
0.010127872350589909,1.0151997706896825,0.021478833767937154,0.9995388724366978,2511.88,0.0,0.0,6,3,FULL,rc204_21,3,22
0.006143689547710866,1.0103378902000009,0.012316058333013984,0.9998483377120763,2619.49,0.0,0.0,6,3,FULL,rc204_21,3,23
0.013743554821791607,1.0261304383974914,0.02614240131231902,0.999317041604567,2525.79,0.0,0.0,6,3,FULL,rc204_21,3,24
0.01017230283367502,1.0153340896877052,0.021525429936529516,0.9995368704544059,2512.05,0.0,0.0,6,3,FULL,rc204_21,3,25
0.013005990365737427,1.0239006872933958,0.025068303312271268,0.9993719748325137,2522.94,0.0,0.0,6,3,FULL,rc204_21,3,26
0.012806432556092595,1.0232973986686067,0.02478693479227256,0.9993859851095241,2522.17,0.0,0.0,6,3,FULL,rc204_21,3,27
0.01568943239623044,1.032013073649806,0.029196028427898753,0.9991483179047337,2533.34,0.0,0.0,6,3,FULL,rc204_21,3,28
0.01016521810975964,1.0194535728849337,0.019290207176960613,0.9996280263229735,2501.34,0.0,0.0,6,3,FULL,rc204_21,3,29
0.013125907237378017,1.0233259936019699,0.025661994305655873,0.9993418954350888,2647.69,0.0,0.0,6,3,FULL,rc204_21,3,3
0.0017980331718772113,1.0027717493866768,0.003762496196611765,0.9999858438227704,2543.52,0.0,0.0,6,3,FULL,rc204_21,3,30
0.0034657764429676754,1.0052735506603763,0.007299645885236895,0.999946718009072,2537.19,0.0,0.0,6,3,FULL,rc204_21,3,31
0.006403817177297988,1.0141103716725264,0.01177212036830576,0.9998614363845703,2548.48,0.0,0.0,6,3,FULL,rc204_21,3,32
0.003822482335873456,1.0084743245049836,0.00702461823742526,0.9999506571734532,2692.84,0.0,0.0,6,3,FULL,rc204_21,3,33
0.018224177710197242,1.0361359624526236,0.0341805583619938,0.9988330527868261,2656.91,0.0,0.0,6,3,FULL,rc204_21,3,34
0.012708284043667936,1.0198397945043431,0.026425815438746936,0.9993021635941133,2662.83,0.0,0.0,6,3,FULL,rc204_21,3,35
0.012806432556092595,1.0232973986686067,0.02478693479227256,0.9993859851095241,2522.17,0.0,0.0,6,3,FULL,rc204_21,3,36
0.018261716318247245,1.0397894149147398,0.03359920875149229,0.9988723661648108,2543.3900000000003,0.0,0.0,6,3,FULL,rc204_21,3,37
0.004572377898427534,1.0078388966425575,0.009085959308646812,0.9999174521581503,2672.57,0.0,0.0,7,3,FULL,rc204_21,3,38
0.006389395244112972,1.012335186034288,0.012087730744874738,0.999853908111398,2682.57,0.0,0.0,5,3,FULL,rc204_21,3,39
0.0131472644155739,1.0227241934755447,0.02602713387449527,0.9993230468782426,2657.08,0.0,0.0,6,3,FULL,rc204_21,3,4
0.004572377898427534,1.0078388966425575,0.009085959308646812,0.9999174521581503,2672.57,0.0,0.0,5,3,FULL,rc204_21,3,40
0.003822482335873456,1.0084743245049836,0.00702461823742526,0.9999506571734532,2692.84,0.0,0.0,5,3,FULL,rc204_21,3,41
0.0017980331718772113,1.0027717493866768,0.003762496196611765,0.9999858438227704,2543.52,0.0,0.0,7,3,FULL,rc204_21,3,42
0.021609544639664986,1.0362122733154442,0.04340516686553431,0.9981195343027527,2619.83,0.0,0.0,5,3,FULL,rc204_21,3,43
0.021775461616726055,1.0330471075228354,0.04592366791727521,0.9978954551748614,2630.79,0.0,0.0,5,3,FULL,rc204_21,3,44
0.0057269962044962,1.0096141725967431,0.011493529236352924,0.9998679162341192,2618.01,0.0,0.0,7,3,FULL,rc204_21,3,45
0.006757942107471049,1.0127188131650204,0.01290354369450182,0.9998335262782383,2622.1,0.0,0.0,6,3,FULL,rc204_21,3,46
0.01479971856272888,1.0287004723395943,0.027955885687578938,0.9992190787699983,2610.41,0.0,0.0,5,3,FULL,rc204_21,3,47
0.010430925625271778,1.0161159392608157,0.021802897722946673,0.9995248595166797,2513.04,0.0,0.0,7,3,FULL,rc204_21,3,48
0.0066490801401641875,1.0100369950805257,0.014060230409589368,0.9998023489944724,2524.6600000000003,0.0,0.0,11,3,FULL,rc204_21,3,49
0.01654679499692187,1.0316821573897506,0.03139468834515246,0.9990153440466686,2663.96,0.0,0.0,6,3,FULL,rc204_21,3,5
0.012151145729192958,1.0269483862303594,0.022329951875436987,0.9995016217539661,2680.68,0.0,0.0,6,3,FULL,rc204_21,3,50
0.011725349775374797,1.0203609283591397,0.02316280241513505,0.9994637722787165,2661.4700000000003,0.0,0.0,7,3,FULL,rc204_21,3,51
0.014179078359906653,1.0293305935114216,0.026301424488730185,0.9993087132777748,2666.84,0.0,0.0,6,3,FULL,rc204_21,3,52
0.016304688538320605,1.0325441783836242,0.03052083854160354,0.999069345339622,2658.54,0.0,0.0,6,3,FULL,rc204_21,3,53
0.012074587838588169,1.0197474028530757,0.024539471281006347,0.999398176758569,2641.36,0.0,0.0,6,3,FULL,rc204_21,3,54
0.0020028526983844053,1.0039808561077066,0.0037537941738956396,0.9999859092278528,2682.84,0.0,0.0,6,3,FULL,rc204_21,3,55
0.007879107669236163,1.0118940406809518,0.016661066039390958,0.9997224859138775,2520.59,0.0,0.0,8,3,FULL,rc204_21,3,56
0.012806432556092595,1.0232973986686067,0.02478693479227256,0.9993859851095241,2522.17,0.0,0.0,8,3,FULL,rc204_21,3,57
0.004580747906878309,1.011042166405646,0.00847940715648019,0.9999281048235626,2522.15,0.0,0.0,7,3,FULL,rc204_21,3,58
0.0064703301829901845,1.0138882814394827,0.011924456152511673,0.9998578275613432,2515.07,0.0,0.0,6,3,FULL,rc204_21,3,59
0.01654679499692187,1.0316821573897506,0.03139468834515246,0.9990153440466686,2663.96,0.0,0.0,6,3,FULL,rc204_21,3,6
0.015158209563946645,1.0255242497366006,0.030377131085648133,0.9990780806266313,2648.07,0.0,0.0,6,3,FULL,rc204_21,3,60
0.01748138881457395,1.0338863621805137,0.03302621564033324,0.9989104574781947,2653.87,0.0,0.0,6,3,FULL,rc204_21,3,61
0.022118745720654715,1.0493328082286983,0.04063937355365699,0.9983511644658092,2589.96,0.0,0.0,5,3,FULL,rc204_21,3,62
0.019282481799698086,1.0358257555006,0.03700235962168624,0.998632697458362,2591.99,0.0,0.0,5,3,FULL,rc204_21,3,63
0.021775461616726055,1.0330471075228354,0.04592366791727521,0.9978954551748614,2630.79,0.0,0.0,5,3,FULL,rc204_21,3,64
0.017654823169291085,1.0468591106591476,0.03396764984350099,0.9988475284871653,2596.08,0.0,0.0,5,3,FULL,rc204_21,3,65
0.004962754114077761,1.008954150661343,0.00963892780318071,0.9999070997020723,2642.35,0.0,0.0,9,3,FULL,rc204_21,3,7
0.012958308275121233,1.0321940199540471,0.024190477367140986,0.9994151630391719,2593.96,0.0,0.0,6,3,FULL,rc204_21,3,8
0.008074763342186486,1.0176015232741327,0.01485592036766772,0.9997793503270527,2646.93,0.0,0.0,6,3,FULL,rc204_21,3,9
0.04480550245878878,1.0896110049175776,0.08961100491757751,0.9920338371385844,1224.18,0.0,0.0,5,2,FULL,rc205C10,1,1
0.04480550245878878,1.0896110049175776,0.08961100491757751,0.9920338371385844,1224.18,0.0,0.0,6,2,FULL,rc205C10,1,10
0.0408106927723253,1.0816213855446506,0.08162138554465069,0.9933820386152417,1213.53,0.0,0.0,8,2,FULL,rc205C10,1,11
0.01898273721502175,1.0379654744300435,0.03796547443004341,0.9985606973294251,1264.57,0.0,0.0,6,2,FULL,rc205C10,1,12
0.01898273721502175,1.0379654744300435,0.03796547443004341,0.9985606973294251,1264.57,0.0,0.0,9,2,FULL,rc205C10,1,13
0.04480550245878878,1.0896110049175776,0.08961100491757751,0.9920338371385844,1224.18,0.0,0.0,6,2,FULL,rc205C10,1,14
0.0408106927723253,1.0816213855446506,0.08162138554465069,0.9933820386152417,1213.53,0.0,0.0,6,2,FULL,rc205C10,1,15
0.0408106927723253,1.0816213855446506,0.08162138554465069,0.9933820386152417,1213.53,0.0,0.0,10,2,FULL,rc205C10,1,16
0.04480550245878878,1.0896110049175776,0.08961100491757751,0.9920338371385844,1224.18,0.0,0.0,7,2,FULL,rc205C10,1,17
0.04480550245878878,1.0896110049175776,0.08961100491757751,0.9920338371385844,1224.18,0.0,0.0,4,2,FULL,rc205C10,1,2
0.04480550245878878,1.0896110049175776,0.08961100491757751,0.9920338371385844,1224.18,0.0,0.0,5,2,FULL,rc205C10,1,3
0.04480550245878878,1.0896110049175776,0.08961100491757751,0.9920338371385844,1224.18,0.0,0.0,5,2,FULL,rc205C10,1,4
0.04480550245878878,1.0896110049175776,0.08961100491757751,0.9920338371385844,1224.18,0.0,0.0,7,2,FULL,rc205C10,1,5
0.04480550245878878,1.0896110049175776,0.08961100491757751,0.9920338371385844,1224.18,0.0,0.0,7,2,FULL,rc205C10,1,6
0.0408106927723253,1.0816213855446506,0.08162138554465069,0.9933820386152417,1213.53,0.0,0.0,6,2,FULL,rc205C10,1,7
0.0408106927723253,1.0816213855446506,0.08162138554465069,0.9933820386152417,1213.53,0.0,0.0,5,2,FULL,rc205C10,1,8
0.01898273721502175,1.0379654744300435,0.03796547443004341,0.9985606973294251,1264.57,0.0,0.0,8,2,FULL,rc205C10,1,9
0.044906209056338575,1.0776270034251052,0.09179181612291157,0.9916446623744738,3442.23,0.0,0.0,5,4,FULL,rc205_21,1,1
0.04898462327317388,1.0997907238807305,0.08931266034965797,0.9920863737298945,3354.42,0.0,0.0,5,4,FULL,rc205_21,1,10
0.04898462327317388,1.0997907238807305,0.08931266034965797,0.9920863737298945,3354.42,0.0,0.0,5,4,FULL,rc205_21,1,11
0.04898462327317388,1.0997907238807305,0.08931266034965797,0.9920863737298945,3354.42,0.0,0.0,5,4,FULL,rc205_21,1,12
0.043403407031533225,1.0755897064153677,0.0884003630657277,0.9922459706352923,3448.7500000000005,0.0,0.0,6,4,FULL,rc205_21,1,13
0.03741897682450834,1.058947572461959,0.08069262777436527,0.9935308225789553,3404.89,0.0,0.0,5,4,FULL,rc205_21,1,14
0.03621567804872283,1.0495795985653764,0.08203339809147392,0.9933155047638884,3384.86,0.0,0.0,6,4,FULL,rc205_21,1,15
0.04898462327317388,1.0997907238807305,0.08931266034965797,0.9920863737298945,3354.42,0.0,0.0,5,4,FULL,rc205_21,1,16
0.04898462327317388,1.0997907238807305,0.08931266034965797,0.9920863737298945,3354.42,0.0,0.0,5,4,FULL,rc205_21,1,17
0.04213635906863478,1.0903641877153885,0.07602172781692018,0.9942539053225142,3383.42,0.0,0.0,5,4,FULL,rc205_21,1,18
0.04213635906863478,1.0903641877153885,0.07602172781692018,0.9942539053225142,3383.42,0.0,0.0,5,4,FULL,rc205_21,1,19
0.038298528221506034,1.0539652114458025,0.08383946837378795,0.9930200063125008,3422.39,0.0,0.0,5,4,FULL,rc205_21,1,2
0.03621567804872283,1.0495795985653764,0.08203339809147392,0.9933155047638884,3384.86,0.0,0.0,5,4,FULL,rc205_21,1,20
0.04805439012842694,1.0985102714742148,0.08746431204047009,0.9924080724099965,3358.33,0.0,0.0,5,4,FULL,rc205_21,1,21
0.04805439012842694,1.0985102714742148,0.08746431204047009,0.9924080724099965,3358.33,0.0,0.0,5,4,FULL,rc205_21,1,22
0.04805439012842694,1.0985102714742148,0.08746431204047009,0.9924080724099965,3358.33,0.0,0.0,5,4,FULL,rc205_21,1,23
0.043403407031533225,1.0755897064153677,0.0884003630657277,0.9922459706352923,3448.7500000000005,0.0,0.0,6,4,FULL,rc205_21,1,24
0.03903026843149138,1.0612136799420882,0.08433635214531261,0.9929376117925046,3398.2599999999998,0.0,0.0,5,4,FULL,rc205_21,1,3
0.03962518731853515,1.055738971621242,0.08688603744718197,0.9925073796625744,3416.64,0.0,0.0,5,4,FULL,rc205_21,1,4
0.03728345763109986,1.0588642903282637,0.08033307431386302,0.9935879765416076,3405.7999999999997,0.0,0.0,5,4,FULL,rc205_21,1,5
0.03621567804872283,1.0495795985653764,0.08203339809147392,0.9933155047638884,3384.86,0.0,0.0,5,4,FULL,rc205_21,1,6
0.05011011897637241,1.1039307686783328,0.09087152960074757,0.9918099951776075,3341.84,0.0,0.0,5,4,FULL,rc205_21,1,7
0.05011011897637241,1.1039307686783328,0.09087152960074757,0.9918099951776075,3341.84,0.0,0.0,5,4,FULL,rc205_21,1,8
0.04712632054820598,1.0972327971828306,0.08563219104566194,0.9927205074448937,3362.24,0.0,0.0,5,4,FULL,rc205_21,1,9
0.03298347772855692,1.0811759490731667,0.061107290860128116,0.9962797906412086,3316.13,0.0,0.0,5,4,FULL,rc206_21,1,1
0.015998419308751677,1.0277532905736086,0.030265919485524345,0.9990848124531756,3289.7,0.0,0.0,4,4,FULL,rc206_21,1,10
0.015282071922089413,1.0308995444649751,0.02814399628445401,0.9992085423744794,3279.66,0.0,0.0,4,4,FULL,rc206_21,1,11
0.016861725052659704,1.0302239326927163,0.031601791613074304,0.999002323120039,3294.74,0.0,0.0,4,4,FULL,rc206_21,1,12
0.01685361681700659,1.0291818449731576,0.031894068007834446,0.9989838021344658,3291.43,0.0,0.0,4,4,FULL,rc206_21,1,13
0.007713091260930671,1.0144160261910413,0.01503336026386997,0.9997740491445039,3286.62,0.0,0.0,4,4,FULL,rc206_21,1,14
0.01509194740991715,1.0292143450744742,0.028866908277054404,0.9991673954145873,3285.0299999999997,0.0,0.0,5,4,FULL,rc206_21,1,15
0.0011423893653936812,1.0041663612149647,0.0024223687334908803,0.9999941321641508,3273.84,0.0,0.0,20,4,FULL,rc206_21,1,16
0.007337109618869242,1.0153335465107427,0.013289835802277727,0.999823411453371,3283.65,0.0,0.0,5,4,FULL,rc206_21,1,17
0.0017359314999301212,1.0028541695827071,0.00337956337469529,0.9999885786818445,3286.42,0.0,0.0,4,4,FULL,rc206_21,1,18
0.024141290962782058,1.0372416101765838,0.04871096192182683,0.9976328588413252,3345.7200000000003,0.0,0.0,3,4,FULL,rc206_21,1,19
0.034336755103329786,1.074449814875526,0.0634981297742873,0.9959841793541485,3324.79,0.0,0.0,4,4,FULL,rc206_21,1,2
0.03427248773176661,1.091896922667827,0.0621454063395239,0.9961528065303179,3309.36,0.0,0.0,3,4,FULL,rc206_21,1,20
0.03427248773176661,1.091896922667827,0.0621454063395239,0.9961528065303179,3309.36,0.0,0.0,3,4,FULL,rc206_21,1,21
0.03427248773176661,1.091896922667827,0.0621454063395239,0.9961528065303179,3309.36,0.0,0.0,3,4,FULL,rc206_21,1,22
0.03381258100491302,1.0811345209030354,0.06111666741841766,0.996278653113595,3317.7,0.0,0.0,5,4,FULL,rc206_21,1,23
0.013993863368633175,1.029164218812306,0.02550319031951575,0.9993500100452588,3285.19,0.0,0.0,4,4,FULL,rc206_21,1,24
0.014247867763604871,1.0207562834930939,0.031918455594250994,0.9989822490647217,3312.25,0.0,0.0,6,4,FULL,rc206_21,1,25
0.007713091260930671,1.0144160261910413,0.01503336026386997,0.9997740491445039,3286.62,0.0,0.0,4,4,FULL,rc206_21,1,26
0.007713091260930671,1.0144160261910413,0.01503336026386997,0.9997740491445039,3286.62,0.0,0.0,5,4,FULL,rc206_21,1,27
0.007713091260930671,1.0144160261910413,0.01503336026386997,0.9997740491445039,3286.62,0.0,0.0,5,4,FULL,rc206_21,1,28
0.007713091260930671,1.0144160261910413,0.01503336026386997,0.9997740491445039,3286.62,0.0,0.0,4,4,FULL,rc206_21,1,29
0.014306135311149992,1.0273198089166158,0.026498662587168337,0.9992983135906359,3284.43,0.0,0.0,5,4,FULL,rc206_21,1,3
0.007713091260930671,1.0144160261910413,0.01503336026386997,0.9997740491445039,3286.62,0.0,0.0,4,4,FULL,rc206_21,1,30
0.009331167648308991,1.0209241605440524,0.017377733033548375,0.9996981055623892,3293.8,0.0,0.0,5,4,FULL,rc206_21,1,31
0.007713091260930671,1.0144160261910413,0.01503336026386997,0.9997740491445039,3286.62,0.0,0.0,5,4,FULL,rc206_21,1,32
0.00204681918370464,1.003353348027666,0.004365401291215836,0.9999809436347185,3289.25,0.0,0.0,16,4,FULL,rc206_21,1,33
0.02522443155473253,1.0429777826970075,0.048415877498399484,0.9976613847475114,3342.8900000000003,0.0,0.0,3,4,FULL,rc206_21,1,34
0.001628455894461256,1.00353137064754,0.0030650500156329764,0.9999906055566579,3279.18,0.0,0.0,23,4,FULL,rc206_21,1,35
0.015628935875763528,1.0260970376417675,0.03049971657007775,0.9990706318178282,3295.0099999999998,0.0,0.0,6,4,FULL,rc206_21,1,36
0.015628935875763528,1.0260970376417675,0.03049971657007775,0.9990706318178282,3295.0099999999998,0.0,0.0,7,4,FULL,rc206_21,1,37
0.03574472554845287,1.0844452447405541,0.06482961588006109,0.995814711167784,3332.1,0.0,0.0,3,4,FULL,rc206_21,1,38
0.03574472554845287,1.0844452447405541,0.06482961588006109,0.995814711167784,3332.1,0.0,0.0,3,4,FULL,rc206_21,1,39
0.015707470487245523,1.0273629195217187,0.029668490531800852,0.999120554774252,3290.95,0.0,0.0,5,4,FULL,rc206_21,1,4
0.03427248773176661,1.091896922667827,0.0621454063395239,0.9961528065303179,3309.36,0.0,0.0,3,4,FULL,rc206_21,1,40
0.03574472554845287,1.0844452447405541,0.06482961588006109,0.995814711167784,3332.1,0.0,0.0,3,4,FULL,rc206_21,1,41
0.01610206112468693,1.02888861162422,0.03017063903492631,0.9990905603735225,3286.0699999999997,0.0,0.0,6,4,FULL,rc206_21,1,5
0.010949179903263051,1.022280850756248,0.020570789320243258,0.9995770216131651,3320.3399999999997,0.0,0.0,5,4,FULL,rc206_21,1,6
0.017376691825197854,1.0313014226815391,0.032541027509446464,0.9989422016508405,3293.78,0.0,0.0,4,4,FULL,rc206_21,1,7
0.008696738685357808,1.0179564997470916,0.01695278809197219,0.9997126855492268,3321.36,0.0,0.0,4,4,FULL,rc206_21,1,8
0.015998419308751677,1.0277532905736086,0.030265919485524345,0.9990848124531756,3289.7,0.0,0.0,4,4,FULL,rc206_21,1,9
0.0071787470813915455,1.0191481982035857,0.013852107116516852,0.9998081559396379,2508.33,0.0,0.0,3,3,FULL,rc207_21,3,1
0.0077120413008492745,1.020750011950477,0.01496067489601303,0.9997762282916409,2510.36,0.0,0.0,5,3,FULL,rc207_21,3,10
0.0077120413008492745,1.020750011950477,0.01496067489601303,0.9997762282916409,2510.36,0.0,0.0,5,3,FULL,rc207_21,3,11
0.00409725980716417,1.0094293102411451,0.0075330299697094,0.9999432566794626,2494.35,0.0,0.0,4,3,FULL,rc207_21,3,12
0.00409725980716417,1.0094293102411451,0.0075330299697094,0.9999432566794626,2494.35,0.0,0.0,4,3,FULL,rc207_21,3,13
0.009720289912681737,1.0263226934849148,0.018934755420024176,0.9996416035312644,2515.7,0.0,0.0,4,3,FULL,rc207_21,3,14
0.00815496018148106,1.0216199416667995,0.015679650973927903,0.9997542089734172,2509.72,0.0,0.0,4,3,FULL,rc207_21,3,15
0.00815496018148106,1.0216199416667995,0.015679650973927903,0.9997542089734172,2509.72,0.0,0.0,4,3,FULL,rc207_21,3,16
0.00815496018148106,1.0216199416667995,0.015679650973927903,0.9997542089734172,2509.72,0.0,0.0,5,3,FULL,rc207_21,3,17
0.00815496018148106,1.0216199416667995,0.015679650973927903,0.9997542089734172,2509.72,0.0,0.0,9,3,FULL,rc207_21,3,18
0.0058827684462906165,1.0147935500121945,0.011029460682392538,0.9998783657937355,2501.09,0.0,0.0,3,3,FULL,rc207_21,3,19
0.01632167613100899,1.0402838506200274,0.0304045815902465,0.9990764152157301,2511.18,0.0,0.0,4,3,FULL,rc207_21,3,2
0.010442359497391992,1.0291421139036712,0.020779617579897967,0.9995683938575316,2521.78,0.0,0.0,4,3,FULL,rc207_21,3,20
0.01863228068798121,1.0541422150693804,0.03834459284103294,0.9985318508310302,2547.5499999999997,0.0,0.0,3,3,FULL,rc207_21,3,21
0.01863228068798121,1.0541422150693804,0.03834459284103294,0.9985318508310302,2547.5499999999997,0.0,0.0,3,3,FULL,rc207_21,3,22
0.0040112185846892245,1.0092998272316578,0.00737930354804941,0.9999455488442356,2494.67,0.0,0.0,4,3,FULL,rc207_21,3,23
0.00815496018148106,1.0216199416667995,0.015679650973927903,0.9997542089734172,2509.72,0.0,0.0,4,3,FULL,rc207_21,3,24
0.0227708749367365,1.0535962995366575,0.04196590290160637,0.9982419591444621,2548.87,0.0,0.0,3,3,FULL,rc207_21,3,25
0.0080689285164115,1.0214896973753407,0.01555562274095543,0.9997580811400375,2510.04,0.0,0.0,3,3,FULL,rc207_21,3,26
0.016631873064439844,1.0407563226084047,0.03091648475135451,0.9990450837073326,2510.04,0.0,0.0,4,3,FULL,rc207_21,3,3
0.0071787470813915455,1.0191481982035857,0.013852107116516852,0.9998081559396379,2508.33,0.0,0.0,3,3,FULL,rc207_21,3,4
0.016631873064439844,1.0407563226084047,0.03091648475135451,0.9990450837073326,2510.04,0.0,0.0,4,3,FULL,rc207_21,3,5
0.016631873064439844,1.0407563226084047,0.03091648475135451,0.9990450837073326,2510.04,0.0,0.0,4,3,FULL,rc207_21,3,6
0.00815496018148106,1.0216199416667995,0.015679650973927903,0.9997542089734172,2509.72,0.0,0.0,4,3,FULL,rc207_21,3,7
0.00815496018148106,1.0216199416667995,0.015679650973927903,0.9997542089734172,2509.72,0.0,0.0,3,3,FULL,rc207_21,3,8
0.0150916702640842,1.0309969620314448,0.028039255379082466,0.9992144177824022,2478.63,0.0,0.0,3,3,FULL,rc207_21,3,9
0.0,1.0,0.0,1.0,406.04,0.0,0.0,2,1,FULL,rc208C5,1,1
0.03585558958543059,1.0840890107301193,0.06604762331597022,0.9956566583637811,2334.5499999999997,0.0,0.0,4,3,FULL,rc208_21,7,1
0.047002021561404796,1.1401304381583375,0.09909298629036795,0.9902760634840981,2318.34,0.0,0.0,3,3,FULL,rc208_21,7,10
0.045538569462653854,1.1169155178778274,0.0861206445605447,0.9926378380089443,2356.83,0.0,0.0,3,3,FULL,rc208_21,7,11
0.010233067227255846,1.0188069529261534,0.0197228068459176,0.9996111621438104,2302.34,0.0,0.0,6,3,FULL,rc208_21,7,12
0.0393354434445925,1.0996535020280198,0.07396384044555283,0.9945591154797774,2334.79,0.0,0.0,3,3,FULL,rc208_21,7,13
0.008413456288032103,1.0162066058300097,0.01592922936298831,0.9997463240197331,2289.19,0.0,0.0,6,3,FULL,rc208_21,7,14
0.008941052315505202,1.0195904374177356,0.016442656925877278,0.9997297121085132,2286.83,0.0,0.0,6,3,FULL,rc208_21,7,15
0.008428699590818637,1.0180477451259273,0.015538699988529737,0.999758607087274,2285.0499999999997,0.0,0.0,6,3,FULL,rc208_21,7,16
0.008941052315505202,1.0195904374177356,0.016442656925877278,0.9997297121085132,2286.83,0.0,0.0,6,3,FULL,rc208_21,7,17
0.006113335206255381,1.0106273704171933,0.012070526650521074,0.9998543236110814,2278.08,0.0,0.0,5,3,FULL,rc208_21,7,18
0.008597590473128284,1.0149255676929896,0.016986184407496222,0.999711552765088,2301.42,0.0,0.0,6,3,FULL,rc208_21,7,19
0.035283122516390986,1.0833465316867494,0.06506065327739888,0.9957849532186082,2336.15,0.0,0.0,4,3,FULL,rc208_21,7,2
0.010233067227255846,1.0188069529261534,0.0197228068459176,0.9996111621438104,2302.34,0.0,0.0,6,3,FULL,rc208_21,7,20
0.010233067227255846,1.0188069529261534,0.0197228068459176,0.9996111621438104,2302.34,0.0,0.0,6,3,FULL,rc208_21,7,21
0.010233067227255846,1.0188069529261534,0.0197228068459176,0.9996111621438104,2302.34,0.0,0.0,6,3,FULL,rc208_21,7,22
0.010233067227255846,1.0188069529261534,0.0197228068459176,0.9996111621438104,2302.34,0.0,0.0,6,3,FULL,rc208_21,7,23
0.006621477030041678,1.0133711209708427,0.01235467735176452,0.9998473852423532,2314.69,0.0,0.0,6,3,FULL,rc208_21,7,24
0.009348016446014018,1.0161357666011377,0.01851735074237885,0.9996572252562965,2299.24,0.0,0.0,5,3,FULL,rc208_21,7,25
0.010680988444015327,1.0294610799091384,0.021070757300387908,0.9995562202147231,2320.01,0.0,0.0,6,3,FULL,rc208_21,7,26
0.007968556506757096,1.013572448235669,0.01588297417770979,0.9997477947548022,2290.67,0.0,0.0,6,3,FULL,rc208_21,7,27
0.010680988444015327,1.0294610799091384,0.021070757300387908,0.9995562202147231,2320.01,0.0,0.0,6,3,FULL,rc208_21,7,28
0.010334869325601717,1.0288732029753378,0.020582644532419675,0.9995765341433536,2317.7200000000003,0.0,0.0,6,3,FULL,rc208_21,7,29
0.035283122516390986,1.0833465316867494,0.06506065327739888,0.9957849532186082,2336.15,0.0,0.0,4,3,FULL,rc208_21,7,3
0.010334869325601717,1.0288732029753378,0.020582644532419675,0.9995765341433536,2317.7200000000003,0.0,0.0,6,3,FULL,rc208_21,7,30
0.005007248084434757,1.0138777608774825,0.00991257637713456,0.9999017504834833,2333.95,0.0,0.0,6,3,FULL,rc208_21,7,31
0.005007248084434757,1.0138777608774825,0.00991257637713456,0.9999017504834833,2333.95,0.0,0.0,6,3,FULL,rc208_21,7,32
0.0024276124155034515,1.0061593743579431,0.0045675156850990715,0.9999791382356887,2287.57,0.0,0.0,6,3,FULL,rc208_21,7,33
0.04226527646557887,1.1022950180695072,0.07831072719914663,0.9939048091898138,2360.33,0.0,0.0,4,3,FULL,rc208_21,7,34
0.044915029094929025,1.123132825421855,0.08822195467424473,0.9922769957305967,2333.74,0.0,0.0,3,3,FULL,rc208_21,7,35
0.044915029094929025,1.123132825421855,0.08822195467424473,0.9922769957305965,2333.74,0.0,0.0,3,3,FULL,rc208_21,7,36
0.009073972347926507,1.0172382222919774,0.017265265571069926,0.9997019994355683,2293.74,0.0,0.0,5,3,FULL,rc208_21,7,37
0.012891550049968151,1.0239848119099366,0.024724939281061474,0.9993890508645752,2328.14,0.0,0.0,5,3,FULL,rc208_21,7,38
0.0048384948241856724,1.0104633524839182,0.008909014147557553,0.9999206357661001,2327.17,0.0,0.0,5,3,FULL,rc208_21,7,39
0.03474504621636765,1.0814246435194068,0.06399581484928625,0.9959212400974192,2345.85,0.0,0.0,3,3,FULL,rc208_21,7,4
0.012891550049968151,1.0239848119099366,0.024724939281061474,0.9993890508645752,2328.14,0.0,0.0,5,3,FULL,rc208_21,7,40
0.016146028223291548,1.0399220655217354,0.030094343836643004,0.9990951499641489,2325.0299999999997,0.0,0.0,5,3,FULL,rc208_21,7,41
0.009866115087367048,1.0175599539581295,0.019275899182324103,0.9996285777164841,2310.94,0.0,0.0,5,3,FULL,rc208_21,7,42
0.009866115087367048,1.0175599539581295,0.019275899182324103,0.9996285777164841,2310.94,0.0,0.0,5,3,FULL,rc208_21,7,43
0.0025110621880246597,1.0038101881116899,0.005296210242985732,0.9999719509438337,2293.85,0.0,0.0,5,3,FULL,rc208_21,7,44
0.010482252128002875,1.0229661546896016,0.019277008021529738,0.9996285349992605,2334.74,0.0,0.0,6,3,FULL,rc208_21,7,45
0.010482252128002875,1.0229661546896016,0.019277008021529738,0.9996285349992605,2334.74,0.0,0.0,6,3,FULL,rc208_21,7,46
0.007495716834794071,1.0183198618012754,0.013923293824073438,0.9998061794627715,2344.45,0.0,0.0,5,3,FULL,rc208_21,7,47
0.007495716834794071,1.0183198618012754,0.013923293824073438,0.9998061794627715,2344.45,0.0,0.0,5,3,FULL,rc208_21,7,48
0.007908766425680872,1.019561621879689,0.014742636535504956,0.9997827018967104,2345.92,0.0,0.0,5,3,FULL,rc208_21,7,49
0.006116100510163165,1.0110845172481941,0.011856521600466562,0.9998594426546822,2277.0499999999997,0.0,0.0,6,3,FULL,rc208_21,7,5
0.007908766425680872,1.019561621879689,0.014742636535504956,0.9997827018967104,2345.92,0.0,0.0,5,3,FULL,rc208_21,7,50
0.011024912741814497,1.02931451100089,0.021233917226481568,0.99954932395969,2358.9,0.0,0.0,5,3,FULL,rc208_21,7,51
0.043919963973140984,1.1154744279800932,0.08405353212235457,0.9929845677404481,2316.79,0.0,0.0,4,3,FULL,rc208_21,7,52
0.006047261041076446,1.0095797036608154,0.012483956431978983,0.9998441751169825,2279.8199999999997,0.0,0.0,6,3,FULL,rc208_21,7,53
0.02386455522145381,1.0606974461022352,0.044946427920202536,0.9979838915220269,2271.43,0.0,0.0,7,3,FULL,rc208_21,7,54
0.006049065290709106,1.009880919996139,0.012300945706406843,0.9998487096269683,2279.14,0.0,0.0,6,3,FULL,rc208_21,7,55
0.004020331976216429,1.0065377769809027,0.008193301242058647,0.9999328743209164,2286.71,0.0,0.0,6,3,FULL,rc208_21,7,56
0.006047261041076446,1.0095797036608154,0.012483956431978983,0.9998441751169825,2279.8199999999997,0.0,0.0,6,3,FULL,rc208_21,7,57
0.006049065290709106,1.009880919996139,0.012300945706406843,0.9998487096269683,2279.14,0.0,0.0,6,3,FULL,rc208_21,7,58
0.0039910034793736076,1.006493762052816,0.00813128016373205,0.9999338866541624,2286.81,0.0,0.0,6,3,FULL,rc208_21,7,59
0.006568893685409656,1.0120951290454194,0.012651073445860828,0.9998399759524618,2279.43,0.0,0.0,5,3,FULL,rc208_21,7,6
0.0193120468918709,1.0573513945563922,0.04055988314600277,0.9983575978018068,2377.1,0.0,0.0,6,3,FULL,rc208_21,7,60
0.0018033605154800607,1.005273951247788,0.0037329717477284346,0.9999860651161143,2277.23,0.0,0.0,6,3,FULL,rc208_21,7,61
0.0018033605154800607,1.005273951247788,0.0037329717477284346,0.9999860651161143,2277.23,0.0,0.0,6,3,FULL,rc208_21,7,62
0.04511927646565672,1.1145934776901778,0.08492685097935564,0.9928390786295029,2361.74,0.0,0.0,4,3,FULL,rc208_21,7,63
0.013860924119217799,1.030055046188678,0.02551441958270072,0.9993494378999211,2314.42,0.0,0.0,6,3,FULL,rc208_21,7,64
0.006113335206255381,1.0106273704171933,0.012070526650521074,0.9998543236110814,2278.08,0.0,0.0,5,3,FULL,rc208_21,7,65
0.005687013049507694,1.0144887593999765,0.01071853577371349,0.9998851261883762,2285.91,0.0,0.0,6,3,FULL,rc208_21,7,66
0.006049065290709106,1.009880919996139,0.012300945706406843,0.9998487096269683,2279.14,0.0,0.0,6,3,FULL,rc208_21,7,67
0.008407705267265678,1.0161892738416105,0.01592048192115329,0.9997466024819752,2289.17,0.0,0.0,6,3,FULL,rc208_21,7,68
0.006550094723776804,1.0139886331467893,0.012079833075968225,0.9998540989230875,2296.15,0.0,0.0,6,3,FULL,rc208_21,7,69
0.0385246041641758,1.0952482620800383,0.07180395333120444,0.9948706382886894,2341.88,0.0,0.0,3,3,FULL,rc208_21,7,7
0.008248965590822444,1.0191126369651289,0.015174444676669435,0.999769789237953,2280.69,0.0,0.0,6,3,FULL,rc208_21,7,70
0.008248965590822444,1.0191126369651289,0.015174444676669435,0.999769789237953,2280.69,0.0,0.0,6,3,FULL,rc208_21,7,71
0.0017082710982432303,1.0027288535748857,0.0035120158577735205,0.9999876658967467,2283.01,0.0,0.0,7,3,FULL,rc208_21,7,72
0.002833084126859268,1.005941606988274,0.005240579331592174,0.9999725370825019,2287.26,0.0,0.0,6,3,FULL,rc208_21,7,73
0.0018033605154800607,1.005273951247788,0.0037329717477284346,0.9999860651161143,2277.23,0.0,0.0,6,3,FULL,rc208_21,7,74
0.0018033605154800607,1.005273951247788,0.0037329717477284346,0.9999860651161143,2277.23,0.0,0.0,6,3,FULL,rc208_21,7,75
0.0017082710982432303,1.0027288535748857,0.0035120158577735205,0.9999876658967467,2283.01,0.0,0.0,7,3,FULL,rc208_21,7,76
0.0012978832491028491,1.003757415952538,0.0026621282445535173,0.9999929131234337,2275.5,0.0,0.0,6,3,FULL,rc208_21,7,77
0.0012978832491028491,1.003757415952538,0.0026621282445535173,0.9999929131234337,2275.5,0.0,0.0,6,3,FULL,rc208_21,7,78
0.0012978832491028491,1.003757415952538,0.0026621282445535173,0.9999929131234337,2275.5,0.0,0.0,6,3,FULL,rc208_21,7,79
0.0385246041641758,1.0952482620800383,0.07180395333120444,0.9948706382886894,2341.88,0.0,0.0,3,3,FULL,rc208_21,7,8
0.002835228590304902,1.0067030404326351,0.005228735109393596,0.9999726610765927,2285.5299999999997,0.0,0.0,6,3,FULL,rc208_21,7,80
0.0012978832491028491,1.003757415952538,0.0026621282445535173,0.9999929131234337,2275.5,0.0,0.0,6,3,FULL,rc208_21,7,81
0.0015256265809742153,1.0027706781585513,0.0029549746148178823,0.9999912682012705,2281.0299999999997,0.0,0.0,6,3,FULL,rc208_21,7,82
0.04454952782970848,1.111058005464712,0.08326128519375423,0.9931152862638762,2364.26,0.0,0.0,4,3,FULL,rc208_21,7,83
0.04129339484257747,1.101171368438955,0.0767551847638728,0.9941431464352405,2351.95,0.0,0.0,5,3,FULL,rc208_21,7,84
0.048296752338583104,1.1251597124122372,0.0917410398408682,0.9916538264970813,2371.45,0.0,0.0,4,3,FULL,rc208_21,7,85
0.05483015786069245,1.13300467509968,0.1016472088072119,0.9897735066566299,2355.03,0.0,0.0,4,3,FULL,rc208_21,7,86
0.05483015786069245,1.13300467509968,0.1016472088072119,0.9897735066566299,2355.03,0.0,0.0,4,3,FULL,rc208_21,7,87
0.011467629493380649,1.0338110566114858,0.02391901277297379,0.999428207961154,2348.64,0.0,0.0,5,3,FULL,rc208_21,7,88
0.008083368298468082,1.0240403140868106,0.017001010822045432,0.999711049147756,2335.66,0.0,0.0,5,3,FULL,rc208_21,7,89
0.04127552868965726,1.113704615463931,0.08135140577945883,0.993425459424001,2327.61,0.0,0.0,3,3,FULL,rc208_21,7,9
0.009991303812139455,1.0235398785399,0.018416245811968338,0.9996609568794173,2326.69,0.0,0.0,6,3,FULL,rc208_21,7,90
0.036395890351265336,1.0877440086365036,0.06737396761807675,0.9954812601839433,2371.33,0.0,0.0,4,3,FULL,rc208_21,7,91
0.005652726588409281,1.0147041905451757,0.010757662892123938,0.9998842860803603,2346.9500000000003,0.0,0.0,6,3,FULL,rc208_21,7,92
0.005652726588409281,1.0147041905451757,0.010757662892123938,0.9998842860803603,2346.9500000000003,0.0,0.0,6,3,FULL,rc208_21,7,93
0.022070715645188848,1.0390303181935967,0.04324304094051803,0.9981335296362389,3357.3900000000003,0.0,0.0,6,3,No-EQ,c101C10,4,1
0.004372368481932121,1.0087447369638645,0.008744736963864344,0.9999235354227114,1729.04,0.0,0.0,3,2,No-EQ,c101C5,1,1
0.034645921517836964,1.0644141779914131,0.06835617351271593,0.995349164878885,13241.650000000001,0.0,0.0,8,12,No-EQ,c101_21,2,1
0.03621930076347649,1.0699031139684498,0.07113610146131522,0.9949651332314168,13308.42,0.0,0.0,11,12,No-EQ,c101_21,2,2
0.07161194003446125,1.1233243863205142,0.1550644818209451,0.9765195927185868,12812.470000000001,0.0,0.0,10,12,No-EQ,c101_21,2,3
0.01346720024291463,1.0395192006699223,0.02406786411661736,0.9994210732671688,12586.539999999997,0.0,0.0,10,11,No-EQ,c102_21,4,1
0.020314775179559354,1.0469039648343015,0.037929205052594395,0.9985634420716476,12423.470000000001,0.0,0.0,14,11,No-EQ,c102_21,4,2
0.03074764063189567,1.0554645324595116,0.05685043007852292,0.9967784405877712,12499.880000000001,0.0,0.0,10,11,No-EQ,c102_21,4,3
0.03112237830755259,1.0602805027774334,0.05713789458969746,0.9967458848385284,12502.55,0.0,0.0,11,11,No-EQ,c102_21,4,4
0.026093100914283438,1.0494911196960424,0.04850947523582972,0.9976523552177097,12549.12,0.0,0.0,13,11,No-EQ,c102_21,4,5
0.01658828930452523,1.0387821211173458,0.034654686356851726,0.9988004932578752,12437.689999999999,0.0,0.0,20,11,No-EQ,c102_21,4,6
0.05898451454576511,1.0908904524486278,0.12345371873937842,0.9849879749116914,3219.1499999999996,0.0,0.0,5,3,No-EQ,c103C15,3,1
0.04416340582821195,1.0697686542448144,0.09129525891543705,0.991734070767397,3260.92,0.0,0.0,5,3,No-EQ,c103C15,3,2
0.017340815440702723,1.0297659019112073,0.03443886049168024,0.9988153699009267,3425.06,0.0,0.0,7,3,No-EQ,c103C15,3,3
0.0,1.0,0.0,1.0,1114.0,0.0,0.0,3,1,No-EQ,c103C5,1,1
0.0,1.0,0.0,1.0,1197.42,0.0,0.0,3,1,No-EQ,c103C5,1,2
0.23010576603420474,1.4602115320684093,0.4602115320684093,0.8252223233481305,1624.3400000000001,0.0,0.0,3,2,No-EQ,c104C10,1,1
0.08097108670373965,1.1619421734074793,0.16194217340747924,0.9744449212490043,1659.79,0.0,0.0,4,2,No-EQ,c104C10,1,2
0.07348035127311969,1.1469607025462396,0.14696070254623952,0.9788591405223237,1630.6399999999999,0.0,0.0,3,2,No-EQ,c104C10,1,3
0.0034821183681743584,1.0069642367363487,0.006964236736348755,0.9999515017588733,1677.1399999999999,0.0,0.0,4,2,No-EQ,c104C10,1,4
0.011913065394376643,1.0238261307887533,0.02382613078875335,0.9994326375744969,1706.1100000000001,0.0,0.0,5,2,No-EQ,c104C10,1,5
0.035687647531769603,1.0881520145273371,0.06303322627126706,0.9960425361322582,10870.54,0.0,0.0,8,10,No-EQ,c104_21,2,1
0.03508701466405047,1.086959518765481,0.06171395764814431,0.9962058379247697,10880.349999999999,0.0,0.0,8,10,No-EQ,c104_21,2,2
0.031246721519620914,1.0799476555274021,0.05509355862801089,0.9969738849652787,10790.06,0.0,0.0,10,10,No-EQ,c104_21,2,3
0.04857476125847793,1.1250765533600877,0.0892841771333964,0.992091380572656,10956.410000000002,0.0,0.0,8,10,No-EQ,c104_21,2,4
0.04600604347790647,1.1153630569095678,0.08721982740994466,0.992450135775808,11043.310000000001,0.0,0.0,9,10,No-EQ,c104_21,2,5
0.005618767163033344,1.0226603355450659,0.010547852854684618,0.999888755176943,12178.989999999998,0.0,0.0,16,11,No-EQ,c105_21,8,1
0.02975139580263705,1.0648030537446866,0.06943560176982828,0.9952018306342272,12131.990000000002,0.0,0.0,11,11,No-EQ,c105_21,8,2
0.047043821672379416,1.077003401157587,0.09556869129835455,0.9909492887808966,3016.62,0.0,0.0,3,3,No-EQ,c106C15,1,1
0.01688240948062821,1.0490624475986623,0.03474664268195293,0.9987941267083426,3041.4300000000003,0.0,0.0,4,3,No-EQ,c106C15,1,2
0.01831288443041695,1.0658408437328848,0.032748557946641964,0.9989286809079105,11941.220000000001,0.0,0.0,10,11,No-EQ,c106_21,3,1
0.02427433664293491,1.0611755327515486,0.042478641129127935,0.9981988151686874,12143.089999999998,0.0,0.0,13,11,No-EQ,c106_21,3,2
0.07285933780470638,1.166035592741232,0.14992685354127994,0.9780160941724954,11638.890000000001,0.0,0.0,10,11,No-EQ,c106_21,3,3
0.013712898156325502,1.0335711759688795,0.024867292515855666,0.9993819999232006,12017.75,0.0,0.0,12,11,No-EQ,c106_21,3,4
0.013664713301136479,1.0399215135900088,0.02412466747872476,0.999418338945531,11956.210000000001,0.0,0.0,12,11,No-EQ,c106_21,3,5
0.01602478458064108,1.0426571512480665,0.028374154037888934,0.9991955550353366,12019.790000000003,0.0,0.0,12,11,No-EQ,c106_21,3,6
0.014837103297694427,1.0359909408977335,0.026756668702708087,0.9992845928537313,12058.59,0.0,0.0,11,11,No-EQ,c106_21,3,7
0.020116758498794886,1.0465781185676561,0.036543668940624684,0.9986663412812101,11951.32,0.0,0.0,11,11,No-EQ,c106_21,3,8
0.03432998034665227,1.1292275849186257,0.06236377863072142,0.9961258267080613,11991.48,0.0,0.0,10,11,No-EQ,c106_21,3,9
0.029610566495494147,1.0648792064810082,0.06505939648938888,0.9957851153762574,11717.93,0.0,0.0,10,11,No-EQ,c107_21,10,1
0.03233410166229544,1.135171329022437,0.06170438199739311,0.9962070107861163,11850.59,0.0,0.0,11,11,No-EQ,c107_21,10,10
0.03350552470558506,1.070739376423746,0.06817946704409901,0.9953730682867703,11681.330000000002,0.0,0.0,11,11,No-EQ,c107_21,10,2
0.03253870685411752,1.136404758368328,0.06211597486004817,0.9961564356540762,11849.44,0.0,0.0,10,11,No-EQ,c107_21,10,3
0.02580681140240544,1.0898615375800087,0.046360134320298584,0.997855347366329,11867.48,0.0,0.0,11,11,No-EQ,c107_21,10,4
0.025347710526629055,1.084117123903813,0.04503068560742131,0.9979763408541498,11761.219999999998,0.0,0.0,12,11,No-EQ,c107_21,10,5
0.028276053584209683,1.1115961281355593,0.05175513852531547,0.9973285613367723,11713.220000000003,0.0,0.0,11,11,No-EQ,c107_21,10,6
0.026145485190525782,1.0663326424992,0.04610202748292957,0.9978791107933888,11937.26,0.0,0.0,17,11,No-EQ,c107_21,10,7
0.032330186026683964,1.0758006584854833,0.06668207151674407,0.9955731851644779,11626.68,0.0,0.0,10,11,No-EQ,c107_21,10,8
0.01924514187517494,1.0376903853565995,0.03534205857255936,0.9987524971031997,11960.61,0.0,0.0,18,11,No-EQ,c107_21,10,9
0.040830699204528,1.0971837935729214,0.0758411472262814,0.9942810152989083,11612.43,0.0,0.0,10,11,No-EQ,c108_21,7,1
0.03723265404107969,1.0858572876136667,0.06892488325756328,0.9952718223356583,11398.45,0.0,0.0,11,11,No-EQ,c108_21,7,2
0.03151089234632161,1.082813855469195,0.06312003490423894,0.9960316715650016,11412.1,0.0,0.0,11,11,No-EQ,c108_21,7,3
0.0812701664713737,1.1471941675314368,0.16533629792196936,0.9733912868056549,11313.219999999998,0.0,0.0,9,11,No-EQ,c108_21,7,4
0.0798473135322451,1.143643034482272,0.16469749368694453,0.9735910843923209,11330.169999999998,0.0,0.0,9,11,No-EQ,c108_21,7,5
0.05537510303648881,1.1230873235287155,0.11645232774787567,0.9866202994169202,11404.83,0.0,0.0,9,11,No-EQ,c108_21,7,6
0.0588620901488337,1.1408512075871455,0.11905552796150157,0.9860238818180298,11337.069999999998,0.0,0.0,9,11,No-EQ,c108_21,7,7
0.01717692771487914,1.0557596774892712,0.030700645913447653,0.999058357866137,11534.5,0.0,0.0,21,11,No-EQ,c108_21,7,8
0.029864110322075456,1.0658571060851534,0.05650781331456496,0.9968170306786749,11227.490000000002,0.0,0.0,11,10,No-EQ,c109_21,7,1
0.015406541464369284,1.031701405891515,0.027998768507575517,0.9992166830285458,11293.19,0.0,0.0,11,10,No-EQ,c109_21,7,2
0.014756027932715554,1.02736176380166,0.028247786691994597,0.9992026987435375,11384.5,0.0,0.0,11,10,No-EQ,c109_21,7,3
0.055347450939712495,1.1266083290419862,0.10052875426041877,0.9899950795969232,10796.92,0.0,0.0,9,10,No-EQ,c109_21,7,4
0.055634460710016855,1.1296234742731648,0.10092678339010971,0.9899164971288301,10800.59,0.0,0.0,9,10,No-EQ,c109_21,7,5
0.15372941312405008,1.3270761673673388,0.2778234581951953,0.9283448884802064,10125.99,0.0,0.0,3,4,No-EQ,c201_21,1,1
0.152055770106166,1.2953818592972204,0.2801163868050292,0.9272436506315949,10215.15,0.0,0.0,4,4,No-EQ,c201_21,1,2
0.07295689369521363,1.111859505376992,0.14931627431110353,0.9781908919187841,11618.949999999999,0.0,0.0,5,4,No-EQ,c201_21,1,3
0.15349595966207907,1.2852915286262656,0.28700467567192944,0.9238970447157501,10235.529999999999,0.0,0.0,5,4,No-EQ,c201_21,1,4
0.0,1.0,0.0,1.0,3030.0,0.0,0.0,6,1,No-EQ,c202C10,1,1
0.04069288279272398,1.0813857655854475,0.0813857655854477,0.9934199411199579,5435.84,0.0,0.0,6,2,No-EQ,c202C15,1,1
0.152055770106166,1.2953818592972204,0.2801163868050292,0.9272436506315949,10215.15,0.0,0.0,4,4,No-EQ,c202_21,1,1
0.15372941312405008,1.3270761673673388,0.2778234581951953,0.9283448884802065,10125.99,0.0,0.0,4,4,No-EQ,c202_21,1,2
0.06893939847425101,1.1047304028671283,0.1424780703290054,0.9801038905084407,11693.93,0.0,0.0,5,4,No-EQ,c202_21,1,3
0.0707341710242555,1.1098862241111498,0.1445927748819971,0.9795210836018091,11736.23,0.0,0.0,5,4,No-EQ,c202_21,1,4
0.07316336711652571,1.1121198529987784,0.15024862088507632,0.977923716258465,11616.23,0.0,0.0,4,4,No-EQ,c203_21,2,1
0.1510695292943618,1.2880321313738814,0.2802425042848889,0.9271828930009682,10110.99,0.0,0.0,3,4,No-EQ,c203_21,2,2
0.15586362156453237,1.333954053474577,0.28180808262903473,0.9264270582560403,10074.32,0.0,0.0,3,4,No-EQ,c203_21,2,3
0.15534166190805165,1.342029286447331,0.2796264042763762,0.927479517694608,10016.92,0.0,0.0,3,4,No-EQ,c204_21,1,1
0.1442215352624645,1.3190685566437563,0.2600587972841887,0.9366535771495537,10079.84,0.0,0.0,4,4,No-EQ,c204_21,1,2
0.07493055273014981,1.1183101005632825,0.14989431474715728,0.9780254258536872,11551.93,0.0,0.0,4,4,No-EQ,c204_21,1,3
0.0761565655083607,1.1206114723565266,0.15174595017521098,0.9774914668482637,11586.46,0.0,0.0,5,4,No-EQ,c204_21,1,4
0.1433323531573918,1.3148848326382692,0.2586783169166454,0.9372822532439796,10066.220000000001,0.0,0.0,3,4,No-EQ,c204_21,1,5
0.19454867202790815,1.3890973440558165,0.3890973440558165,0.8685103600893223,3944.36,0.0,0.0,3,2,No-EQ,c205C10,1,1
0.1552836157515518,1.3418477935452968,0.2795245784683921,0.9275284976682201,10020.6,0.0,0.0,3,4,No-EQ,c205_21,1,1
0.15046523004477286,1.2956204343273952,0.27683362631281133,0.9288182861439223,10057.39,0.0,0.0,3,4,No-EQ,c205_21,1,2
0.020689662299866685,1.0432631531080898,0.03937929492802867,0.9984516721676395,12095.05,0.0,0.0,9,4,No-EQ,c205_21,1,3
0.1107509943847047,1.1531557849591154,0.2511627766398507,0.9406605544667979,10954.01,0.0,0.0,5,4,No-EQ,c205_21,1,4
0.07238731057222858,1.1152970413933065,0.1456856144437974,0.9792168103597658,11476.01,0.0,0.0,6,4,No-EQ,c205_21,1,5
0.1156280714449569,1.178625447370237,0.24571722887691558,0.9430608556768103,10723.78,0.0,0.0,5,4,No-EQ,c205_21,1,6
0.06001409691629944,1.0818185022026432,0.13564518883173565,0.981932812089203,11350.0,0.0,0.0,20,4,No-EQ,c205_21,1,7
0.15002076071635395,1.2900490608507524,0.27713247029793814,0.9286754880386353,10067.09,0.0,0.0,3,4,No-EQ,c205_21,1,8
0.14816381631021502,1.2721483706250285,0.2774941144843688,0.9285025345816869,10081.78,0.0,0.0,3,4,No-EQ,c205_21,1,9
0.0,1.0,0.0,1.0,2363.47,0.0,0.0,3,1,No-EQ,c206C5,1,1
0.0,1.0,0.0,1.0,2229.04,0.0,0.0,3,1,No-EQ,c206C5,1,2
0.0,1.0,0.0,1.0,2200.03,0.0,0.0,4,1,No-EQ,c206C5,1,3
0.15528881415805573,1.3418459957190543,0.27953443186194205,0.927523758569176,10021.15,0.0,0.0,4,4,No-EQ,c206_21,1,1
0.056861688858681037,1.085726371198947,0.12572146894492164,0.9844400510528429,11064.04,0.0,0.0,5,4,No-EQ,c206_21,1,2
0.017101222570505836,1.029342208684977,0.032707636846108945,0.9989313537185226,11615.689999999999,0.0,0.0,14,4,No-EQ,c206_21,1,3
0.06640051207087794,1.122507081925999,0.13526128362909168,0.9820331006220597,11232.82,0.0,0.0,5,4,No-EQ,c206_21,1,4
0.07387614566594403,1.15626104490966,0.14130330630315852,0.9804242375239545,11232.55,0.0,0.0,5,4,No-EQ,c206_21,1,5
0.04638903707952324,1.0686932614180762,0.10191668496809313,0.9897197701819744,11228.029999999999,0.0,0.0,5,4,No-EQ,c206_21,1,6
0.0036307756263029844,1.008397853144085,0.00651175570072543,0.999957598835629,11594.63,0.0,0.0,33,4,No-EQ,c206_21,1,7
0.06278927789291244,1.0946395698760019,0.13310914416156366,0.9825904194591369,11228.39,0.0,0.0,5,4,No-EQ,c206_21,1,8
0.00479794261327382,1.0130760997141945,0.008708084075283628,0.9999241750216009,11612.789999999999,0.0,0.0,33,4,No-EQ,c206_21,1,9
0.15529136589425452,1.3418457663684389,0.27953918343344547,0.9275214732057036,10021.42,0.0,0.0,3,4,No-EQ,c207_21,1,1
0.07814203879738413,1.1714944668584257,0.1428045552474473,0.9800144275965563,11086.83,0.0,0.0,5,4,No-EQ,c207_21,1,10
0.05814612839560884,1.0872289885934023,0.12728762238537425,0.9840561850898539,11101.470000000001,0.0,0.0,5,4,No-EQ,c207_21,1,2
0.008094847096849378,1.012700903380239,0.016138129628701408,0.999739628583018,11496.82,0.0,0.0,16,4,No-EQ,c207_21,1,3
0.008037618787471557,1.012627747639909,0.016038803614029578,0.9997428229356871,11495.32,0.0,0.0,16,4,No-EQ,c207_21,1,4
0.011516472793038801,1.0245010060049964,0.021984522160864023,0.9995169142699741,11600.34,0.0,0.0,16,4,No-EQ,c207_21,1,5
0.0129834316525268,1.0333243004745725,0.023376391537603774,0.9994538427694022,11513.52,0.0,0.0,16,4,No-EQ,c207_21,1,6
0.05676557467030685,1.0819863933786886,0.12612306454211264,0.9843420441238054,11076.960000000001,0.0,0.0,5,4,No-EQ,c207_21,1,7
0.06961157430997389,1.1371646818507712,0.13336268837560117,0.9825251933859677,11088.35,0.0,0.0,4,4,No-EQ,c207_21,1,8
0.06261627144112758,1.109673963645122,0.1298852460012955,0.9834097041016081,11126.98,0.0,0.0,4,4,No-EQ,c207_21,1,9
0.1534487716474704,1.3068975432949406,0.3068975432949405,0.9139213138410497,4486.09,0.0,0.0,4,2,No-EQ,c208C15,1,1
0.008035128080818188,1.0160702561616364,0.016070256161636386,0.9997418135443605,5589.83,0.0,0.0,7,2,No-EQ,c208C15,1,2
0.008125535634092351,1.0162510712681847,0.01625107126818471,0.999735972411614,5589.17,0.0,0.0,4,2,No-EQ,c208C15,1,3
0.0,1.0,0.0,1.0,2174.36,0.0,0.0,2,1,No-EQ,c208C5,1,1
0.0,1.0,0.0,1.0,1920.4,0.0,0.0,2,1,No-EQ,c208C5,1,2
0.15529136589425452,1.3418457663684389,0.27953918343344547,0.9275214732057037,10021.42,0.0,0.0,3,4,No-EQ,c208_21,1,1
0.10334567433880903,1.1447625114849773,0.23152705888709604,0.9491224982408075,10328.71,0.0,0.0,5,4,No-EQ,c208_21,1,10
0.12683528080986584,1.240815502624142,0.24689771006107225,0.9425439539561935,10502.48,0.0,0.0,3,4,No-EQ,c208_21,1,11
0.10285248900258148,1.1457365583307766,0.2284567641329277,0.9503964403648195,10234.22,0.0,0.0,5,4,No-EQ,c208_21,1,2
0.11608805592601934,1.1895094664291115,0.24451910514984534,0.943583525267258,10669.810000000001,0.0,0.0,4,4,No-EQ,c208_21,1,3
0.06948519742894921,1.1394483604210406,0.13340268405596883,0.9825148936668394,11140.97,0.0,0.0,6,4,No-EQ,c208_21,1,4
0.10396327132905947,1.1447648255455556,0.23329266401746182,0.9483837703248401,10382.08,0.0,0.0,5,4,No-EQ,c208_21,1,5
0.10886355736751052,1.1620639130159256,0.23517941241406287,0.9475894383881532,10414.779999999999,0.0,0.0,4,4,No-EQ,c208_21,1,6
0.1109657159696178,1.1781796261651742,0.23592400876178643,0.9472745669639326,10417.97,0.0,0.0,4,4,No-EQ,c208_21,1,7
0.05053498130031464,1.0731749078974187,0.1122160794985963,0.9875641493112912,10746.169999999998,0.0,0.0,12,4,No-EQ,c208_21,1,8
0.10268886464571447,1.1430605202482087,0.23180905739762464,0.9490048098430662,10339.68,0.0,0.0,5,4,No-EQ,c208_21,1,9
0.03467672718547732,1.0844974929037288,0.06153211662996792,0.9962280798722174,3952.7799999999993,0.0,0.0,20,19,No-EQ,r101_21,10,1
0.04454540529473592,1.1089516823196166,0.08036187369283555,0.993583407806232,3915.1299999999997,0.0,0.0,21,19,No-EQ,r101_21,10,2
0.033022717606111446,1.085585906309917,0.058528256475186904,0.996586137573644,3932.5399999999995,0.0,0.0,21,19,No-EQ,r101_21,10,3
0.03282305903579784,1.080112579403248,0.058326145998397555,0.9966095946462131,3940.3299999999995,0.0,0.0,22,19,No-EQ,r101_21,10,4
0.061669623772335314,1.128822699395074,0.113433187878586,0.987296370606454,715.79,0.0,0.0,3,4,No-EQ,r102C10,1,1
0.0950599076356669,1.189110051349402,0.1755746065647181,0.9700954096632596,928.93,0.0,0.0,7,5,No-EQ,r102C15,1,1
0.08384018506915983,1.2194563593426186,0.1483821901965612,0.9784570428311462,829.96,0.0,0.0,7,5,No-EQ,r102C15,1,2
0.07158823529411755,1.154779411764706,0.12771240157611896,0.9839513040570307,816.0,0.0,0.0,7,5,No-EQ,r102C15,1,3
0.04731874707911848,1.0991301295166074,0.09375618009848843,0.9912863733995414,3475.23,0.0,0.0,20,17,No-EQ,r102_21,10,1
0.052044408590389765,1.0966481308506397,0.10490276082810104,0.9891151935939816,3436.59,0.0,0.0,30,17,No-EQ,r102_21,10,2
0.07263130982030679,1.1492146674102466,0.14182140281220396,0.9802832586413437,3389.01,0.0,0.0,20,17,No-EQ,r102_21,10,3
0.07070710742125182,1.1285613824475298,0.14084619022945702,0.9805482281265784,3398.6100000000006,0.0,0.0,19,17,No-EQ,r102_21,10,4
0.043877526263434996,1.08775505252687,0.08775505252686996,0.9923579021635622,412.16999999999996,0.0,0.0,4,2,No-EQ,r103C10,1,1
0.04027485694722932,1.0805497138944589,0.08054971389445884,0.9935535696843283,408.94,0.0,0.0,3,2,No-EQ,r103C10,1,2
0.031053439651329562,1.0621068793026596,0.06210687930265956,0.9961575568626257,403.82,0.0,0.0,2,2,No-EQ,r103C10,1,3
0.012080189578623335,1.0241603791572467,0.024160379157246763,0.9994166166138158,367.13,0.0,0.0,4,2,No-EQ,r103C10,1,4
0.04274724816544368,1.117974482988659,0.07610253578185076,0.9942417534847827,2878.08,0.0,0.0,21,14,No-EQ,r103_21,2,1
0.03423054417788191,1.0810917488686764,0.061654200540102164,0.9962131542669177,2888.21,0.0,0.0,18,14,No-EQ,r103_21,2,2
0.02829163962950267,1.0649052817658438,0.05010289325670623,0.9974959859136499,2930.2700000000004,0.0,0.0,19,14,No-EQ,r103_21,2,3
0.03823473430866388,1.089608053906068,0.06751579183436704,0.9954623024126492,2874.6299999999997,0.0,0.0,18,14,No-EQ,r103_21,2,4
0.028107999881134788,1.0640991103123965,0.04978885080437595,0.9975272002322783,2932.4900000000002,0.0,0.0,19,14,No-EQ,r103_21,2,5
0.033952308997744804,1.0716737808911696,0.0612549445776753,0.996261857902822,2872.1800000000003,0.0,0.0,19,14,No-EQ,r103_21,2,6
0.03826021496137409,1.1001489966646618,0.06904452617846583,0.9952554712687781,2926.24,0.0,0.0,19,14,No-EQ,r103_21,2,7
0.09882932840418968,1.1976586568083794,0.19765865680837952,0.9624000459123451,324.6,0.0,0.0,2,2,No-EQ,r104C5,1,1
0.046459185082212105,1.1032514424200672,0.08266209314082257,0.9932133516724794,2438.6099999999997,0.0,0.0,15,12,No-EQ,r104_21,7,1
0.03763543582272518,1.0936925318239352,0.06775370829052396,0.9954304120035447,2512.26,0.0,0.0,12,12,No-EQ,r104_21,7,2
0.030584492726130286,1.0764008572847001,0.060088000487123754,0.9964024214985637,2477.5899999999997,0.0,0.0,12,12,No-EQ,r104_21,7,3
0.03491800745091034,1.0964551237209001,0.06416450428260133,0.9958997972676342,2458.7599999999998,0.0,0.0,14,12,No-EQ,r104_21,7,4
0.036728473249380965,1.0993290894084382,0.06658028350643637,0.995586630026682,2447.42,0.0,0.0,14,12,No-EQ,r104_21,7,5
0.03470288824318472,1.0867931868746428,0.06511307921004061,0.9957781861950155,2467.59,0.0,0.0,14,12,No-EQ,r104_21,7,6
0.040128270213557915,1.0946085897045386,0.07310884235287166,0.9946835132747673,2462.25,0.0,0.0,14,12,No-EQ,r104_21,7,7
0.05893414289968035,1.1424724570511244,0.1068686450994436,0.9887080569297125,772.43,0.0,0.0,5,4,No-EQ,r105C15,1,1
0.009650793650793688,1.013536507936508,0.021783622705853604,0.9995256988501401,787.5,0.0,0.0,5,4,No-EQ,r105C15,1,2
0.016921074801020897,1.0428637889627943,0.03190300476607951,0.9989832331539334,795.3100000000001,0.0,0.0,4,4,No-EQ,r105C15,1,3
0.07475493561053304,1.1495098712210658,0.1495098712210659,0.9781355391094588,364.19,0.0,0.0,2,2,No-EQ,r105C5,1,1
0.0003263216024900206,1.00065264320498,0.0006526432049801468,0.9999995740570286,398.38,0.0,0.0,4,2,No-EQ,r105C5,1,2
0.03799913145089905,1.0852098650716555,0.07080510630664875,0.9950116453539123,3077.93,0.0,0.0,21,15,No-EQ,r105_21,2,1
0.04093491984274967,1.1027586614483467,0.07318479577819302,0.9946725197276022,3045.6799999999994,0.0,0.0,20,15,No-EQ,r105_21,2,2
0.03224530036633829,1.0587436356177888,0.06061320370226475,0.9963394881128956,2900.91,0.0,0.0,25,14,No-EQ,r106_21,8,1
0.029754271925937,1.0576973457428471,0.0565268521331782,0.9968148923147622,2901.0,0.0,0.0,27,14,No-EQ,r106_21,8,2
0.03271091113610795,1.065792536802465,0.062420957400608296,0.9961187468983268,2921.0,0.0,0.0,25,14,No-EQ,r106_21,8,3
0.030002540200903077,1.0632727474002477,0.05514518954625969,0.9969682276651113,2890.66,0.0,0.0,21,14,No-EQ,r106_21,8,4
0.06569715032849592,1.1372363708714681,0.12932746831858627,0.9835495494955743,2814.5600000000004,0.0,0.0,17,14,No-EQ,r106_21,8,5
0.06737582903911525,1.1383352955361068,0.13151006157543696,0.9829991319542117,2819.96,0.0,0.0,17,14,No-EQ,r106_21,8,6
0.04094729974281375,1.0997779298593555,0.07206115163570212,0.9948340163940698,2863.96,0.0,0.0,22,14,No-EQ,r106_21,8,7
0.03707430622369946,1.094459515604761,0.06636104697275777,0.9956155197685435,2864.1899999999996,0.0,0.0,22,14,No-EQ,r106_21,8,8
0.043331349403167664,1.0707509175677015,0.08962342115529506,0.9920316470410262,2520.25,0.0,0.0,15,12,No-EQ,r107_21,8,1
0.0450436685266468,1.0785398493495364,0.09042668912638654,0.9918893346911829,2519.7399999999993,0.0,0.0,17,12,No-EQ,r107_21,8,2
0.045356749131687,1.0810464799250823,0.08969092752987724,0.9920197344655118,2530.7699999999995,0.0,0.0,19,12,No-EQ,r107_21,8,3
0.02776628466150388,1.0424213090182364,0.06027006212449757,0.9963806667684919,2561.92,0.0,0.0,19,12,No-EQ,r107_21,8,4
0.03316639999163362,1.052362427056535,0.07407081750300529,0.9945434512726677,2549.92,0.0,0.0,19,12,No-EQ,r107_21,8,5
0.042959211506862736,1.0762116934931307,0.08201914800425832,0.9933178113832587,2554.0699999999997,0.0,0.0,15,12,No-EQ,r107_21,8,6
0.0394322063740186,1.070701006895853,0.07506009339635424,0.9943975466999415,2565.3099999999995,0.0,0.0,15,12,No-EQ,r107_21,8,7
0.034163165497879934,1.067864916536549,0.06651921617457117,0.9955946865374923,2568.19,0.0,0.0,15,12,No-EQ,r107_21,8,8
0.034662746921449994,1.0607507880408826,0.06926076365804047,0.9952258484772158,2303.18,0.0,0.0,16,11,No-EQ,r108_21,1,1
0.03803882150031302,1.0869972748259882,0.07233037931789839,0.994795544294188,2304.4399999999996,0.0,0.0,16,11,No-EQ,r108_21,1,2
0.03693748387930074,1.0744635090570187,0.07099743306910983,0.9949846450736958,2301.5299999999997,0.0,0.0,17,11,No-EQ,r108_21,1,3
0.0432528433725063,1.093666539488745,0.07892977551961265,0.9938086620115497,2306.4799999999996,0.0,0.0,17,11,No-EQ,r108_21,1,4
0.037117338339087785,1.0813892466962454,0.07153039965129034,0.9949094482330944,2305.71,0.0,0.0,16,11,No-EQ,r108_21,1,5
0.04599490783453374,1.0822045358813488,0.0856994983535684,0.9927091429815282,2706.42,0.0,0.0,15,13,No-EQ,r109_21,1,1
0.03937053233324255,1.071808256793169,0.07889853831159117,0.9938135312922354,2724.06,0.0,0.0,17,13,No-EQ,r109_21,1,2
0.04072946932090801,1.0776030166868786,0.07895459283811154,0.9938047921283925,2712.91,0.0,0.0,16,13,No-EQ,r109_21,1,3
0.03368829894656623,1.06450658543534,0.06764838501566496,0.9954445431601088,2737.86,0.0,0.0,18,13,No-EQ,r109_21,1,4
0.04822491539253848,1.0763353264577231,0.09856231285850976,0.99037893460771,2491.8999999999996,0.0,0.0,13,12,No-EQ,r110_21,2,1
0.049106828704164794,1.0878499759015028,0.09702421936049857,0.9906740921482333,2510.53,0.0,0.0,16,12,No-EQ,r110_21,2,2
0.04275713259482513,1.0638812237075443,0.09136548361743942,0.991721454814289,2514.98,0.0,0.0,14,12,No-EQ,r110_21,2,3
0.05794652033302228,1.105923522352114,0.10952690290300625,0.9881460591041688,2474.71,0.0,0.0,15,12,No-EQ,r110_21,2,4
0.02933757647562037,1.0486780525630075,0.06034467469803386,0.996371732498276,2540.57,0.0,0.0,19,12,No-EQ,r110_21,2,5
0.03914053858519869,1.063808281325294,0.07911734083446544,0.9937793846545915,2552.4900000000002,0.0,0.0,15,12,No-EQ,r111_21,5,1
0.02674750541736411,1.048277472848301,0.050750908227566546,0.9974309622681492,2568.8999999999996,0.0,0.0,15,12,No-EQ,r111_21,5,2
0.025840811548966093,1.0492017167381975,0.04684244159302065,0.9978105897010662,2330.0,0.0,0.0,15,11,No-EQ,r112_21,10,1
0.03683133586670564,1.06833540757857,0.07306661919879308,0.9946896198491482,2354.27,0.0,0.0,15,11,No-EQ,r112_21,10,2
0.022332738825753685,1.0460366701611006,0.039650990659709326,0.9984302668757861,2337.05,0.0,0.0,15,11,No-EQ,r112_21,10,3
0.02682968789071196,1.049403747870528,0.04911959760317309,0.997593072409427,2330.3900000000003,0.0,0.0,16,11,No-EQ,r112_21,10,4
0.02522762871542028,1.0466532652164078,0.047265774320675726,0.9977709264472658,2343.03,0.0,0.0,18,11,No-EQ,r112_21,10,5
0.025647609299378583,1.047183917594285,0.048330572795695734,0.997669599186619,2347.41,0.0,0.0,14,11,No-EQ,r112_21,10,6
0.03648850756123698,1.0696736464978303,0.07313062247132077,0.9946803619490787,2352.9700000000003,0.0,0.0,15,11,No-EQ,r112_21,10,7
0.027653175164004198,1.0611548600927347,0.05190350442164861,0.9973132642244615,2359.42,0.0,0.0,16,11,No-EQ,r112_21,10,8
0.0,1.0,0.0,1.0,653.45,0.0,0.0,4,1,No-EQ,r201C10,1,1
0.0,1.0,0.0,1.0,660.96,0.0,0.0,4,1,No-EQ,r201C10,1,2
0.010589944050086508,1.031776543992096,0.019877400615672888,0.9996050449958527,3724.76,0.0,0.0,5,4,No-EQ,r201_21,4,1
0.004874425702550367,1.009129232484266,0.00915011048259963,0.999916282487365,3695.82,0.0,0.0,5,4,No-EQ,r201_21,4,2
0.08360646413514128,1.1672129282702823,0.16721292827028222,0.9728003434600344,1406.53,0.0,0.0,7,2,No-EQ,r202C15,1,1
0.0,1.0,0.0,1.0,428.81,0.0,0.0,3,1,No-EQ,r202C5,1,1
0.013029202423194755,1.0306559216993034,0.024011096392106437,0.9994237994485374,2868.94,0.0,0.0,3,3,No-EQ,r202_21,3,1
0.010127462719313604,1.021913271200801,0.018646303666155876,0.9996524362021837,2856.26,0.0,0.0,3,3,No-EQ,r202_21,3,10
0.00781847460108335,1.0149565217391305,0.014838995104446355,0.9997798526997957,2846.25,0.0,0.0,3,3,No-EQ,r202_21,3,2
0.0005986322301729056,1.001502403846154,0.001121523844155403,0.9999987421858492,2862.08,0.0,0.0,4,3,No-EQ,r202_21,3,3
0.001944515108324829,1.004937953241033,0.0036598932875893425,0.9999866053605421,2869.6099999999997,0.0,0.0,4,3,No-EQ,r202_21,3,4
0.0011838599649493335,1.002654962966581,0.002174924608128082,0.9999952697253247,2866.33,0.0,0.0,4,3,No-EQ,r202_21,3,5
0.005026191334591701,1.0101902317986131,0.009368257379410662,0.99991224345556,2829.18,0.0,0.0,21,3,No-EQ,r202_21,3,6
0.005286736448756842,1.012494957430094,0.00974932619614946,0.9999049596722435,2825.94,0.0,0.0,21,3,No-EQ,r202_21,3,7
0.0032725672260555485,1.006442201209643,0.0061515838068150214,0.9999621594486293,2817.36,0.0,0.0,21,3,No-EQ,r202_21,3,8
0.0006790402897238756,1.0012979572204617,0.0012891434452517018,0.9999983381119394,2827.52,0.0,0.0,23,3,No-EQ,r202_21,3,9
0.0,1.0,0.0,1.0,689.06,0.0,0.0,4,1,No-EQ,r203C10,1,1
0.0,1.0,0.0,1.0,704.68,0.0,0.0,4,1,No-EQ,r203C10,1,2
0.0,1.0,0.0,1.0,679.14,0.0,0.0,4,1,No-EQ,r203C5,1,1
0.0,1.0,0.0,1.0,646.19,0.0,0.0,4,1,No-EQ,r203C5,1,2
0.0,1.0,0.0,1.0,533.97,0.0,0.0,4,1,No-EQ,r203C5,1,3
0.007079329731810209,1.0200214441832653,0.014235486863530189,0.9997973919720899,2909.88,0.0,0.0,4,3,No-EQ,r203_21,5,1
0.0012837535656603134,1.0031560872859735,0.002388585896592188,0.9999942946899654,2876.98,0.0,0.0,4,3,No-EQ,r203_21,5,10
0.0018519801408614829,1.0043297540699687,0.003410085718895539,0.9999883714506145,2887.0,0.0,0.0,4,3,No-EQ,r203_21,5,11
0.0019279634356540083,1.0045578440981808,0.0035555246266563987,0.9999873584044411,2887.33,0.0,0.0,4,3,No-EQ,r203_21,5,12
0.003926618674660561,1.0085287846481876,0.007226636937285842,0.9999477784458101,2842.1400000000003,0.0,0.0,6,3,No-EQ,r203_21,5,13
0.00390660520151694,1.0104974188090265,0.0075722705785394905,0.9999426640058898,2895.95,0.0,0.0,5,3,No-EQ,r203_21,5,14
0.0012389111063848546,1.0025556899839965,0.0022995234476565194,0.9999947122198747,2868.11,0.0,0.0,5,3,No-EQ,r203_21,5,15
0.0024041900279181405,1.0059874022288364,0.004491775499067612,0.9999798243599306,2889.4,0.0,0.0,5,3,No-EQ,r203_21,5,16
0.004702073625965457,1.0128852912469002,0.009233166791761605,0.9999147558981717,2899.43,0.0,0.0,6,3,No-EQ,r203_21,5,17
0.008648688183249783,1.0247324140673748,0.017551512015780608,0.9996920392949717,2916.82,0.0,0.0,4,3,No-EQ,r203_21,5,2
0.001989443341143963,1.0050331515514506,0.0037387358066090872,0.9999860220499543,2855.07,0.0,0.0,5,3,No-EQ,r203_21,5,3
0.005444173226186806,1.013932695208579,0.010280988965934398,0.9998943124369242,2916.88,0.0,0.0,4,3,No-EQ,r203_21,5,4
0.0071971779365952076,1.0203752061572293,0.01448425670900498,0.9997902503117494,2910.4,0.0,0.0,4,3,No-EQ,r203_21,5,5
0.004804796520315661,1.0131936493923885,0.009448359750948189,0.9999107364667063,2899.88,0.0,0.0,4,3,No-EQ,r203_21,5,6
0.007111062237831127,1.0201167002288645,0.014302467378040888,0.99979548126337,2910.02,0.0,0.0,4,3,No-EQ,r203_21,5,7
0.0021750644398150776,1.0041594576462696,0.004128631960899028,0.9999829546886789,2832.1,0.0,0.0,6,3,No-EQ,r203_21,5,8
0.0043320070444002505,1.0117744089502072,0.008459128652043084,0.9999284482624656,2897.81,0.0,0.0,4,3,No-EQ,r203_21,5,9
0.002635295436943815,1.0056981255059452,0.004852383826341554,0.9999764549255856,2853.57,0.0,0.0,3,3,No-EQ,r204_21,10,1
0.004923739595811938,1.0132243059577728,0.009540992767330853,0.9999089777428193,2779.73,0.0,0.0,4,3,No-EQ,r204_21,10,10
0.0021287426535239184,1.0049979175343606,0.003921823376877844,0.999984619537963,2737.1400000000003,0.0,0.0,2,3,No-EQ,r204_21,10,11
0.0056316056874208265,1.0110163366655458,0.010607291568831325,0.9998874980236924,2794.9399999999996,0.0,0.0,4,3,No-EQ,r204_21,10,12
0.00031832550987154207,1.000741943303778,0.000585930598259307,0.9999996566854519,2722.58,0.0,0.0,2,3,No-EQ,r204_21,10,13
0.0022789201121475124,1.005447234992387,0.004210980355428156,0.9999822679588771,2705.96,0.0,0.0,19,3,No-EQ,r204_21,10,14
0.0012093872190770405,1.0032089568849747,0.0023264352787983242,0.9999945877281863,2695.58,0.0,0.0,27,3,No-EQ,r204_21,10,15
0.009801210449490524,1.0256931731068788,0.018727541821977695,0.9996494021392762,2856.79,0.0,0.0,2,3,No-EQ,r204_21,10,16
0.007262189643883292,1.018061768436884,0.013561893216749709,0.9998161088745431,2845.79,0.0,0.0,2,3,No-EQ,r204_21,10,17
0.010288303351044062,1.0271572032697778,0.019732650078106848,0.9996107740767037,2858.91,0.0,0.0,2,3,No-EQ,r204_21,10,2
0.002635295436943815,1.0056981255059452,0.004852383826341554,0.9999764549255856,2853.57,0.0,0.0,4,3,No-EQ,r204_21,10,3
0.003949781351389348,1.0096459536308726,0.007335162217748126,0.9999461982900191,2859.23,0.0,0.0,3,3,No-EQ,r204_21,10,4
0.0014744498897673413,1.0022362489994805,0.003110549598340946,0.999990324574811,2848.52,0.0,0.0,3,3,No-EQ,r204_21,10,5
0.0021190310913009234,1.0049687625589125,0.0039032670860068602,0.9999847647381722,2737.1000000000004,0.0,0.0,2,3,No-EQ,r204_21,10,6
0.0012467456272228599,1.0032635400242014,0.002380379504545853,0.9999943338255203,2727.1000000000004,0.0,0.0,2,3,No-EQ,r204_21,10,7
0.0015286679842326418,1.002697007086468,0.002998230703793995,0.9999910106934551,2747.49,0.0,0.0,3,3,No-EQ,r204_21,10,8
0.0008175922633517629,1.0020500279384337,0.0015312142993073742,0.9999976553882671,2756.0600000000004,0.0,0.0,3,3,No-EQ,r204_21,10,9
0.018885549202618535,1.0303509683834664,0.038711416663457086,0.9985036685829362,2654.94,0.0,0.0,4,3,No-EQ,r205_21,8,1
0.019343812796965103,1.0297819595470168,0.04050348305585808,0.9983621547980374,2662.35,0.0,0.0,3,3,No-EQ,r205_21,8,2
0.022744319848237993,1.0420839807551903,0.0437170945478319,0.9980924613024125,2670.85,0.0,0.0,3,3,No-EQ,r205_21,8,3
0.0026952537450983804,1.0080075119330185,0.005662976965225792,0.9999679317202989,2683.73,0.0,0.0,3,3,No-EQ,r205_21,8,4
0.0012603585720136756,1.0021304907400002,0.0025211389373280845,0.9999936438988591,2750.54,0.0,0.0,4,3,No-EQ,r206_21,2,1
0.00886753374208693,1.0172244370299242,0.01674113380386987,0.9997198129657376,2676.4300000000003,0.0,0.0,3,3,No-EQ,r206_21,2,10
0.008829015956983119,1.0169233183152895,0.016745051087441173,0.9997196818643691,2676.7799999999997,0.0,0.0,3,3,No-EQ,r206_21,2,11
0.011270947649414312,1.0205138662316477,0.02181062874948291,0.9995245226597996,2697.2,0.0,0.0,3,3,No-EQ,r206_21,2,12
0.003936108302310319,1.008327936648602,0.0072695885753345435,0.9999471558745946,2640.51,0.0,0.0,3,3,No-EQ,r206_21,2,13
0.010568553459119556,1.0160377358490567,0.022289689861433766,0.9995034164436256,2650.0,0.0,0.0,3,3,No-EQ,r206_21,2,14
0.005382998655463951,1.0132257218994365,0.010013898181348435,0.999899731897914,2746.92,0.0,0.0,3,3,No-EQ,r206_21,2,15
0.003929291981983922,1.0063051429478347,0.008060270187113954,0.9999350362650719,2772.34,0.0,0.0,3,3,No-EQ,r206_21,2,2
0.0036707793885737416,1.0093677324001826,0.006923459925989253,0.9999520680002401,2760.54,0.0,0.0,3,3,No-EQ,r206_21,2,3
0.009149067298594549,1.0142593012830767,0.019040612395528237,0.9996375864707873,2688.0699999999997,0.0,0.0,3,3,No-EQ,r206_21,2,4
0.00330046608777342,1.0085147527835971,0.006255772215525622,0.9999608668454513,2668.31,0.0,0.0,3,3,No-EQ,r206_21,2,5
0.006400568050414594,1.0097883687177236,0.013447022237394909,0.999819210283779,2666.4300000000003,0.0,0.0,3,3,No-EQ,r206_21,2,6
0.009439173284944294,1.023424945329864,0.017614481544374977,0.9996898262775112,2794.0299999999997,0.0,0.0,3,3,No-EQ,r206_21,2,7
0.00889897787039784,1.0134489431378386,0.01880693789896624,0.9996464241469665,2687.2,0.0,0.0,3,3,No-EQ,r206_21,2,8
0.007066621647186189,1.0162896285174463,0.012993907465778597,0.9998311868714548,2783.98,0.0,0.0,3,3,No-EQ,r206_21,2,9
0.01733768671573695,1.0380996803221805,0.031877359168530975,0.9989848655176152,2637.03,0.0,0.0,3,3,No-EQ,r207_21,6,1
0.020091411509907786,1.0331890703309716,0.04063454656111129,0.9983515554819308,2719.5699999999997,0.0,0.0,3,3,No-EQ,r207_21,6,10
0.0028497543315231986,1.0059542280837859,0.005275199078627348,0.9999721730490415,2578.0,0.0,0.0,3,3,No-EQ,r207_21,6,11
0.021533431755173343,1.0338385979272946,0.04463124902504306,0.9980120115807948,2736.52,0.0,0.0,3,3,No-EQ,r207_21,6,12
0.02371379318717078,1.0404836477529318,0.047215544550094864,0.9977756511108267,2745.8,0.0,0.0,3,3,No-EQ,r207_21,6,13
0.001754045055898897,1.0029147720648244,0.0035373886413608154,0.9999874870381765,2573.1000000000004,0.0,0.0,2,3,No-EQ,r207_21,6,14
0.01334284947787756,1.0342922873673182,0.02524554461628298,0.9993630684174243,2634.12,0.0,0.0,3,3,No-EQ,r207_21,6,15
0.01107137273295796,1.0198500527673546,0.021561763951965796,0.9995353063758368,2728.96,0.0,0.0,2,3,No-EQ,r207_21,6,16
0.011229429321477932,1.0215540483535508,0.02128727687176255,0.9995470570936279,2726.17,0.0,0.0,2,3,No-EQ,r207_21,6,17
0.007536257608366033,1.0128020234740742,0.015040093143530955,0.9997738467550934,2704.26,0.0,0.0,2,3,No-EQ,r207_21,6,18
0.008535222271926823,1.0170766062694325,0.01596629423333773,0.9997451424173996,2704.87,0.0,0.0,2,3,No-EQ,r207_21,6,19
0.005708923322861696,1.0098837474010107,0.011293196855411107,0.9998724799682174,2635.64,0.0,0.0,3,3,No-EQ,r207_21,6,2
0.008944414400826014,1.0140935227184937,0.018513897707490543,0.9996573530388595,2718.27,0.0,0.0,2,3,No-EQ,r207_21,6,20
0.02893493432745231,1.0563960293033943,0.054564606986417914,0.9970315416446013,2768.2799999999997,0.0,0.0,2,3,No-EQ,r207_21,6,21
0.026193300754962106,1.0480404000827157,0.05052654560086099,0.9974535690542083,2756.43,0.0,0.0,3,3,No-EQ,r207_21,6,22
0.01966556037157785,1.0318936779283092,0.04013056837975684,0.9983921269008782,2717.7799999999997,0.0,0.0,3,3,No-EQ,r207_21,6,23
0.020583089737429727,1.0330018961969698,0.04223955207173371,0.9982189978687329,2726.5099999999998,0.0,0.0,3,3,No-EQ,r207_21,6,24
0.004475839121508359,1.0069812077686093,0.009311336749567236,0.9999133065243465,2542.54,0.0,0.0,3,3,No-EQ,r207_21,6,25
0.008856162874854542,1.0193599546870575,0.016289517028896902,0.9997347220260419,2648.25,0.0,0.0,3,3,No-EQ,r207_21,6,3
0.008160676586837242,1.0150337001929561,0.015713448640307028,0.9997531484825458,2606.81,0.0,0.0,2,3,No-EQ,r207_21,6,4
0.018756641543970904,1.029343800099508,0.038962207017079836,0.9984842474179849,2713.35,0.0,0.0,2,3,No-EQ,r207_21,6,5
0.0025516977857222103,1.006368882239795,0.004771041715376484,0.999977237679085,2573.45,0.0,0.0,3,3,No-EQ,r207_21,6,6
0.004022801890536609,1.0078085135991834,0.007596477013549982,0.9999422968668262,2586.92,0.0,0.0,2,3,No-EQ,r207_21,6,7
0.031374411789754454,1.0638307825730233,0.05842630782927284,0.9965979798033682,2778.91,0.0,0.0,2,3,No-EQ,r207_21,6,8
0.008158865290119591,1.0139955919976669,0.01620849965146865,0.9997373535403341,2708.71,0.0,0.0,3,3,No-EQ,r207_21,6,9
0.0027275993858819625,1.0054551987717637,0.00545519877176362,0.9999702416919437,1836.78,0.0,0.0,2,2,No-EQ,r208_21,4,1
0.005859681601411593,1.0117193632028236,0.011719363202823461,0.9998626753867597,1847.37,0.0,0.0,2,2,No-EQ,r208_21,4,10
0.00024839074506655123,1.000496781490133,0.0004967814901330428,0.9999997532082119,1892.1799999999998,0.0,0.0,4,2,No-EQ,r208_21,4,11
0.017637972342482433,1.0352759446849649,0.035275944684964894,0.9987571543141518,1903.2800000000002,0.0,0.0,2,2,No-EQ,r208_21,4,2
0.0007274516726041291,1.001454903345208,0.0014549033452079267,0.9999978832607366,1869.54,0.0,0.0,3,2,No-EQ,r208_21,4,3
0.0111534404861231,1.0223068809722462,0.022306880972246267,0.9995026505408583,1905.69,0.0,0.0,2,2,No-EQ,r208_21,4,4
0.00010820051719839796,1.0002164010343968,0.0002164010343969321,0.9999999531705946,1848.42,0.0,0.0,2,2,No-EQ,r208_21,4,5
0.00027744161835663306,1.0005548832367133,0.0005548832367131647,0.9999996921046884,1892.29,0.0,0.0,3,2,No-EQ,r208_21,4,6
0.00467759677334878,1.0093551935466976,0.009355193546697404,0.9999124880127219,1909.1,0.0,0.0,3,2,No-EQ,r208_21,4,7
0.009400366588111941,1.018800733176224,0.01880073317622419,0.9996466573272117,1909.5,0.0,0.0,2,2,No-EQ,r208_21,4,8
0.0025402831512264523,1.0050805663024531,0.005080566302453159,0.9999741885122964,1881.6799999999998,0.0,0.0,3,2,No-EQ,r208_21,4,9
0.0,1.0,0.0,1.0,825.45,0.0,0.0,6,1,No-EQ,r209C15,1,1
0.0,1.0,0.0,1.0,840.41,0.0,0.0,6,1,No-EQ,r209C15,1,2
0.0,1.0,0.0,1.0,829.27,0.0,0.0,7,1,No-EQ,r209C15,1,3
0.010526872339863047,1.0223530811325243,0.019430677957271863,0.9996225912452664,2521.8,0.0,0.0,3,3,No-EQ,r209_21,7,1
0.017603319528361066,1.0280956264897096,0.03620606897061896,0.9986908367249031,2525.66,0.0,0.0,4,3,No-EQ,r209_21,7,2
0.021326946207774533,1.0339042087713395,0.0439505765728417,0.9980720709092755,2555.14,0.0,0.0,4,3,No-EQ,r209_21,7,3
0.02020385253422304,1.0359962457903162,0.03945548401588114,0.9984456844388478,2535.82,0.0,0.0,4,3,No-EQ,r209_21,7,4
0.020420472509234806,1.0366543539364599,0.03974961885508967,0.9984224603642949,2536.67,0.0,0.0,4,3,No-EQ,r209_21,7,5
0.02283515812934504,1.0442468837041199,0.04314640415744489,0.9981418469686195,2545.49,0.0,0.0,4,3,No-EQ,r209_21,7,6
0.023050448272463903,1.0411884241292462,0.04495698545546168,0.9979829461878207,2672.11,0.0,0.0,3,3,No-EQ,r210_21,3,1
0.025431094876210942,1.0462521063419024,0.04922740354532224,0.9975825211068625,2688.31,0.0,0.0,3,3,No-EQ,r210_21,3,2
0.02299451462455604,1.0388643891218545,0.04599962603492582,0.9978885022612166,2678.0299999999997,0.0,0.0,3,3,No-EQ,r210_21,3,3
0.0205795558753931,1.0315065104459487,0.04321232569413071,0.9981361752375739,2668.02,0.0,0.0,3,3,No-EQ,r210_21,3,4
0.003863780985678892,1.0094506767336606,0.007178532104959288,0.9999484713321586,2331.05,0.0,0.0,2,3,No-EQ,r211_21,7,1
0.0008068158398997957,1.001354924426788,0.0016189253514116324,0.9999973790875759,2280.57,0.0,0.0,2,3,No-EQ,r211_21,7,10
0.05023845767850599,1.1121362518922704,0.09230272139271625,0.9915521812849849,2371.49,0.0,0.0,2,3,No-EQ,r211_21,7,11
0.0029829716010110197,1.005607176491522,0.0056983362938200595,0.9999675300178168,2304.19,0.0,0.0,3,3,No-EQ,r211_21,7,12
0.04745243884187126,1.1036038325666506,0.08729046820636112,0.9924379938180186,2360.82,0.0,0.0,2,3,No-EQ,r211_21,7,13
0.0483324732747367,1.1062990127655257,0.08885994666204855,0.9921657696679465,2364.18,0.0,0.0,2,3,No-EQ,r211_21,7,14
0.017758912064604743,1.0291860900336862,0.036006287983433465,0.9987052258392067,2351.12,0.0,0.0,2,3,No-EQ,r211_21,7,15
0.009922415009169091,1.0233008887008042,0.01828076457207064,0.9996659252898695,2363.0,0.0,0.0,2,3,No-EQ,r211_21,7,2
0.004492194172104114,1.0077076145253305,0.008923292461697955,0.9999203811913024,2341.84,0.0,0.0,2,3,No-EQ,r211_21,7,3
0.002865375356899088,1.0062049194276814,0.005275160316655514,0.9999721734579713,2291.7299999999996,0.0,0.0,4,3,No-EQ,r211_21,7,4
0.0009523767789505477,1.001827336427097,0.00180562799428643,0.9999967397181756,2282.0099999999998,0.0,0.0,2,3,No-EQ,r211_21,7,5
0.002818874252053849,1.0080599461217232,0.0057199120859506136,0.9999672836761218,2294.06,0.0,0.0,2,3,No-EQ,r211_21,7,6
0.004031631008387364,1.010673503289689,0.007745473478597823,0.9999400112394595,2293.5299999999997,0.0,0.0,2,3,No-EQ,r211_21,7,7
0.052832026739337845,1.120079277433225,0.097073644923587,0.9906646769413746,2381.5099999999998,0.0,0.0,2,3,No-EQ,r211_21,7,8
0.0007893040530762008,1.0012979666650588,0.0015998542972859204,0.9999974404727787,2280.4900000000002,0.0,0.0,2,3,No-EQ,r211_21,7,9
0.053349417746672456,1.0968396136818575,0.10097140934690228,0.9899076680941566,3422.0499999999997,0.0,0.0,18,16,No-EQ,rc101_21,8,1
0.06676210335848898,1.105644556246966,0.14088784314329067,0.9805369453075606,3398.85,0.0,0.0,20,16,No-EQ,rc101_21,8,2
0.0596334938034675,1.1112418791565264,0.12744427045857365,0.9840175456236872,3381.73,0.0,0.0,18,16,No-EQ,rc101_21,8,3
0.05080920571250336,1.110970536705953,0.09352863519024844,0.9913282514357566,3430.37,0.0,0.0,17,16,No-EQ,rc101_21,8,4
0.037791104739961945,1.0843041636711679,0.0690371097399358,0.9952564856493327,3463.53,0.0,0.0,18,16,No-EQ,rc101_21,8,5
0.05327262550463363,1.108895065609703,0.09860874433245176,0.9903699550595029,3403.46,0.0,0.0,18,16,No-EQ,rc101_21,8,6
0.05085053349658897,1.1110722406856743,0.09358466578091583,0.9913179485160841,3430.2,0.0,0.0,17,16,No-EQ,rc101_21,8,7
0.14308137855546588,1.302360935860989,0.2675450586214102,0.9332011287514662,657.79,0.0,0.0,4,4,No-EQ,rc102C10,1,1
0.04567209377918762,1.0871866243689288,0.0866021118427138,0.9925559043889312,3240.5199999999995,0.0,0.0,17,15,No-EQ,rc102_21,6,1
0.04732645967560364,1.0900494397547444,0.08828440364378846,0.9922661428074567,3242.3299999999995,0.0,0.0,17,15,No-EQ,rc102_21,6,2
0.04463310352034971,1.078789071024814,0.0855671616222608,0.9927314790661803,3253.3700000000003,0.0,0.0,20,15,No-EQ,rc102_21,6,3
0.0645406292704062,1.1122325267473252,0.13570892056569703,0.9819161377624489,3200.32,0.0,0.0,18,15,No-EQ,rc102_21,6,4
0.0731030994157571,1.1293719834140903,0.14561040070268513,0.979237819040102,3176.19,0.0,0.0,18,15,No-EQ,rc102_21,6,5
0.043855629465385466,1.0826866223207687,0.08533232335299049,0.9927710330758354,3247.1999999999994,0.0,0.0,18,15,No-EQ,rc102_21,6,6
0.07271020619011317,1.1230368471118894,0.14528059406233612,0.9793298230657485,3174.7400000000002,0.0,0.0,18,15,No-EQ,rc102_21,6,7
0.040167384600247755,1.074271535701438,0.07965440044349317,0.9936951794635537,3252.39,0.0,0.0,20,15,No-EQ,rc102_21,6,8
0.03077053781576078,1.053680885073819,0.05804687632091199,0.9966418751490809,794.51,0.0,0.0,4,4,No-EQ,rc103C15,1,1
0.037289477292843154,1.0790231497064213,0.06738724405808438,0.9954794871708255,802.17,0.0,0.0,4,4,No-EQ,rc103C15,1,2
0.04471097344375826,1.08199916959303,0.08566196304907402,0.9927154816774331,2841.98,0.0,0.0,16,13,No-EQ,rc103_21,9,1
0.04575455444653269,1.087443034573462,0.08512817200641548,0.9928053326867193,2828.47,0.0,0.0,17,13,No-EQ,rc103_21,9,2
0.06951354885527199,1.1178497142220767,0.1413329793154591,0.9804161760573198,2783.6300000000006,0.0,0.0,14,13,No-EQ,rc103_21,9,3
0.044512662664555475,1.0859500245815787,0.08741215156402563,0.9924170561550734,2806.98,0.0,0.0,16,13,No-EQ,rc103_21,9,4
0.06802437014957331,1.1046860601453614,0.14846781801715714,0.9784327082048221,2788.9100000000003,0.0,0.0,14,13,No-EQ,rc103_21,9,5
0.0638085943069262,1.105848867321466,0.12557553370210658,0.9844755930413032,2571.78,0.0,0.0,17,12,No-EQ,rc104_21,3,1
0.08690270558549369,1.1405009989731671,0.1717730048552579,0.9713396850582032,2512.58,0.0,0.0,16,12,No-EQ,rc104_21,3,2
0.046157184829059915,1.076460798816568,0.09561460799309343,0.9909406685350283,2595.84,0.0,0.0,19,12,No-EQ,rc104_21,3,3
0.04791225350238933,1.085039756853836,0.09778964073410351,0.9905277673624091,2605.84,0.0,0.0,19,12,No-EQ,rc104_21,3,4
0.08771162862010673,1.1374236193995821,0.1736128191582638,0.9707405112978416,2521.91,0.0,0.0,13,12,No-EQ,rc104_21,3,5
0.06540121456330643,1.1101618810373504,0.1256756738991499,0.984451208434926,2561.1400000000003,0.0,0.0,14,12,No-EQ,rc104_21,3,6
0.021308454273208932,1.0426169085464179,0.04261690854641783,0.9981870917116001,347.28,0.0,0.0,4,2,No-EQ,rc105C5,1,1
0.051873101224331135,1.0970033402367168,0.09746881386796366,0.9905892341951077,2930.93,0.0,0.0,17,14,No-EQ,rc105_21,9,1
0.043772598024580285,1.0946319562320748,0.07932233650728053,0.9937473090691327,2904.41,0.0,0.0,16,14,No-EQ,rc105_21,9,10
0.036258960723648946,1.0733709420193758,0.07055138085268593,0.9950471554304505,2940.81,0.0,0.0,18,14,No-EQ,rc105_21,9,2
0.048977725164235784,1.0988730452351863,0.08754471211376341,0.9923942147021889,2930.0199999999995,0.0,0.0,16,14,No-EQ,rc105_21,9,3
0.049918770295251366,1.1096036107285547,0.08880582434265749,0.9921752353690596,2933.4799999999996,0.0,0.0,16,14,No-EQ,rc105_21,9,4
0.06529597233573003,1.1199308980849583,0.12651399384166742,0.9842463588443504,2917.43,0.0,0.0,15,14,No-EQ,rc105_21,9,5
0.03697240604441327,1.0698873770575343,0.07212458699215528,0.9948249642596833,2943.4500000000003,0.0,0.0,19,14,No-EQ,rc105_21,9,6
0.030317831735913816,1.0567636260943236,0.06428741605522931,0.9958841384652708,2974.44,0.0,0.0,21,14,No-EQ,rc105_21,9,7
0.03171958977072072,1.055300629168835,0.06513290001433247,0.9957756263734188,2959.46,0.0,0.0,21,14,No-EQ,rc105_21,9,8
0.03925742600714293,1.0730005203391386,0.0746117074810468,0.9944639119932491,2940.3900000000003,0.0,0.0,21,14,No-EQ,rc105_21,9,9
0.045408530488346956,1.1006373501809825,0.08473698361657324,0.9928708335633604,2875.97,0.0,0.0,16,14,No-EQ,rc106_21,8,1
0.04923127119760969,1.1027846211788772,0.09117418883495272,0.9917557991285377,2894.1099999999997,0.0,0.0,15,14,No-EQ,rc106_21,8,2
0.05195149179354023,1.124418761663718,0.0926508882288719,0.9914888740082575,2888.23,0.0,0.0,15,14,No-EQ,rc106_21,8,3
0.038069575135443255,1.0767037353863702,0.0753899278437238,0.9943484799917939,2630.25,0.0,0.0,15,12,No-EQ,rc107_21,7,1
0.03990298061515377,1.0823389702775843,0.07653939340693273,0.994175840804908,2627.31,0.0,0.0,15,12,No-EQ,rc107_21,7,2
0.029113468975300687,1.0589867661633534,0.052251703935739836,0.9972771933529678,2572.95,0.0,0.0,16,12,No-EQ,rc107_21,7,3
0.03158387116027909,1.061417371875219,0.06217488622123687,0.9961491697413558,2568.98,0.0,0.0,17,12,No-EQ,rc107_21,7,4
0.022806209877490602,1.0444410342975523,0.04266390452851612,0.9981830983905884,2606.6000000000004,0.0,0.0,15,12,No-EQ,rc107_21,7,5
0.033570741035032846,1.072067288125739,0.06489649563365432,0.9958061076633213,2579.95,0.0,0.0,13,12,No-EQ,rc107_21,7,6
0.024956907511828774,1.0615740226087023,0.04669210986053949,0.997824589604539,2608.73,0.0,0.0,16,12,No-EQ,rc107_21,7,7
0.03148950927692044,1.0869082711981966,0.06214708377595045,0.9961525996387484,576.7,0.0,0.0,4,3,No-EQ,rc108C10,1,1
0.022092945053466966,1.0379144528885602,0.04388120487650827,0.9980781405146081,594.76,0.0,0.0,8,3,No-EQ,rc108C10,1,2
0.0278793212383787,1.0475731112916329,0.05552126466027875,0.9969268624575919,590.88,0.0,0.0,4,3,No-EQ,rc108C10,1,3
0.011679428956586099,1.0217621904730334,0.02238701789866157,0.9994990724837417,603.34,0.0,0.0,4,3,No-EQ,rc108C10,1,4
0.03354494866368851,1.0577004467434752,0.06655610216445587,0.9955898210991369,637.9499999999999,0.0,0.0,5,3,No-EQ,rc108C15,1,1
0.006125498255176165,1.011362451787762,0.011762136440950683,0.9998616712838256,671.51,0.0,0.0,6,3,No-EQ,rc108C15,1,2
0.028881894247346846,1.0449203612609335,0.06016995186103217,0.9963926370731369,632.23,0.0,0.0,7,3,No-EQ,rc108C15,1,3
0.07073151189808513,1.1185161445397003,0.14207920225084406,0.9802129319316318,624.05,0.0,0.0,3,3,No-EQ,rc108C15,1,4
0.012001488556720416,1.0196613533461514,0.024370687071846794,0.9994064221555656,644.92,0.0,0.0,6,3,No-EQ,rc108C15,1,5
0.10406601692312001,1.2081320338462396,0.20813203384623977,0.9584796731792176,358.09000000000003,0.0,0.0,4,2,No-EQ,rc108C5,1,1
0.03841024779849081,1.0932973361529268,0.0675288380221602,0.9954605565510233,2392.7799999999997,0.0,0.0,14,11,No-EQ,rc108_21,1,1
0.0,1.0,0.0,1.0,806.04,0.0,0.0,6,1,No-EQ,rc201C10,1,1
0.015783587095502094,1.040267004712009,0.02919278050531293,0.9991485072242081,3652.37,0.0,0.0,5,4,No-EQ,rc201_21,7,1
0.004771303621878165,1.0077899962957433,0.00956247369589383,0.9999085674574897,3617.46,0.0,0.0,7,4,No-EQ,rc201_21,7,10
0.02510098294663421,1.0518549154224741,0.04904455179106662,0.9976004038515468,3626.85,0.0,0.0,5,4,No-EQ,rc201_21,7,11
0.02902596845481753,1.0560080592710677,0.055501443073261755,0.9969290496036585,3613.23,0.0,0.0,5,4,No-EQ,rc201_21,7,12
0.028478066298495586,1.0550677089250533,0.054365850387626924,0.9970530644091031,3608.83,0.0,0.0,5,4,No-EQ,rc201_21,7,2
0.0037044033656088438,1.00663800402086,0.006974054364865135,0.9999513649312008,3626.0899999999997,0.0,0.0,6,4,No-EQ,rc201_21,7,3
0.0018415071606561195,1.0036309866097102,0.0033787611500344667,0.9999885841034152,3651.8999999999996,0.0,0.0,6,4,No-EQ,rc201_21,7,4
0.005610910792436474,1.0090005780187719,0.011721906120812104,0.9998626157939082,3633.1,0.0,0.0,6,4,No-EQ,rc201_21,7,5
0.010089930656864698,1.0292560951334373,0.018775552625577778,0.9996476028511321,3667.2699999999995,0.0,0.0,5,4,No-EQ,rc201_21,7,6
0.004556873730342081,1.0071559383172013,0.009858028388424159,0.9999028287194685,3598.41,0.0,0.0,7,4,No-EQ,rc201_21,7,7
0.004369467188140463,1.0084757968911,0.008521969564751599,0.9999273813085947,3610.2799999999997,0.0,0.0,7,4,No-EQ,rc201_21,7,8
0.004519583239537273,1.007006222503842,0.009822523735275914,0.999903527335343,3598.23,0.0,0.0,8,4,No-EQ,rc201_21,7,9
0.014014112112896937,1.0280282242257939,0.028028224225793798,0.9992150353003795,1632.64,0.0,0.0,8,2,No-EQ,rc202C15,1,1
0.014069899361626392,1.0282272858118522,0.025930324935629117,0.9993280700421743,3543.3799999999997,0.0,0.0,3,4,No-EQ,rc202_21,4,1
0.0010007093996884375,1.0025156623485403,0.0018858085592726506,0.9999964437387249,3510.01,0.0,0.0,5,4,No-EQ,rc202_21,4,10
0.0218845744576861,1.0550958109085629,0.039451344164958504,0.9984460100867754,3580.49,0.0,0.0,3,4,No-EQ,rc202_21,4,11
0.00131750898981009,1.0030891350706514,0.002512160289317897,0.9999936890905086,3512.31,0.0,0.0,4,4,No-EQ,rc202_21,4,12
0.02174830019386431,1.0545446419093698,0.0391978180801583,0.998465888172931,3579.8199999999997,0.0,0.0,3,4,No-EQ,rc202_21,4,13
0.010718694507885873,1.0194172344180217,0.021467829229822873,0.9995393446093458,3621.0099999999998,0.0,0.0,4,4,No-EQ,rc202_21,4,14
0.013443316082957901,1.0323709146412796,0.024589536576080415,0.9993957200660009,3590.2599999999998,0.0,0.0,3,4,No-EQ,rc202_21,4,15
0.011731342122229371,1.0228318623418777,0.021617120434160992,0.9995329183713315,3598.48,0.0,0.0,3,4,No-EQ,rc202_21,4,2
0.02138397386271218,1.0530711033725264,0.03852473870380796,0.9985180439609976,3578.0299999999997,0.0,0.0,3,4,No-EQ,rc202_21,4,3
0.019626437908679906,1.0459626493940193,0.035385455266858795,0.9987494354255335,3569.4199999999996,0.0,0.0,3,4,No-EQ,rc202_21,4,4
0.014458602678218968,1.0269739736690695,0.026849215157638658,0.9992796389395556,3545.6400000000003,0.0,0.0,4,4,No-EQ,rc202_21,4,5
0.0020665813925968557,1.003127341984707,0.004494290429389434,0.9999798017615135,3549.34,0.0,0.0,3,4,No-EQ,rc202_21,4,6
0.004195147030316315,1.011656229719593,0.007882354528352991,0.9999378723471745,3559.4700000000003,0.0,0.0,3,4,No-EQ,rc202_21,4,7
0.0025268218823621957,1.005158162948232,0.004958721676448504,0.9999754116839354,3540.02,0.0,0.0,3,4,No-EQ,rc202_21,4,8
0.007001898062859446,1.0212024786467928,0.013164152122896778,0.9998267351248047,3582.6,0.0,0.0,3,4,No-EQ,rc202_21,4,9
0.006420418614263716,1.0121403829232707,0.012237430100546712,0.9998502677276448,2693.49,0.0,0.0,5,3,No-EQ,rc203_21,3,1
0.0141768914464618,1.0369855916041053,0.027020157419313587,0.9992704437339724,2721.33,0.0,0.0,5,3,No-EQ,rc203_21,3,10
0.003838219306443088,1.011244431266725,0.007957898649877254,0.999936675859279,2664.43,0.0,0.0,4,3,No-EQ,rc203_21,3,11
0.006111414453197887,1.0112100377753759,0.011788296368516851,0.9998610553770191,2692.23,0.0,0.0,5,3,No-EQ,rc203_21,3,12
0.005917526181771364,1.0106262818416907,0.011516730870851855,0.9998673824997824,2691.44,0.0,0.0,6,3,No-EQ,rc203_21,3,2
0.0007315233785821403,1.001923076923077,0.0013998840212046744,0.9999980403285674,2652.0,0.0,0.0,4,3,No-EQ,rc203_21,3,3
0.00899816047458272,1.0187535553076588,0.01666484963073415,0.9997223598922221,2707.2200000000003,0.0,0.0,5,3,No-EQ,rc203_21,3,4
0.011811420492962021,1.0298690761571085,0.022193192351218246,0.9995077046873057,2711.5,0.0,0.0,5,3,No-EQ,rc203_21,3,5
0.003524621660151883,1.0103035104781144,0.0072932024119526095,0.9999468120276893,2663.17,0.0,0.0,5,3,No-EQ,rc203_21,3,6
0.0059884627087177416,1.0136547381755183,0.01100447599008396,0.9998789161712529,2684.05,0.0,0.0,5,3,No-EQ,rc203_21,3,7
0.016804424864103346,1.045494995660342,0.032728909492163595,0.9989299646855048,2730.63,0.0,0.0,5,3,No-EQ,rc203_21,3,8
0.011365142966574796,1.0264867492597558,0.020919176656123452,0.9995625794684826,2715.32,0.0,0.0,5,3,No-EQ,rc203_21,3,9
0.0,1.0,0.0,1.0,686.04,0.0,0.0,7,1,No-EQ,rc204C15,1,1
0.0,1.0,0.0,1.0,790.91,0.0,0.0,7,1,No-EQ,rc204C15,1,2
0.0,1.0,0.0,1.0,780.44,0.0,0.0,3,1,No-EQ,rc204C5,1,1
0.0,1.0,0.0,1.0,758.06,0.0,0.0,2,1,No-EQ,rc204C5,1,2
0.019424609455915547,1.034378041202059,0.03804520764625939,0.9985546542233004,2558.61,0.0,0.0,6,3,No-EQ,rc204_21,4,1
0.004169310251064928,1.0069357145953444,0.00840395489271289,0.9999293785299056,2537.59,0.0,0.0,10,3,No-EQ,rc204_21,4,10
0.004049194693741913,1.0065743576403259,0.008258472536357534,0.999931802282612,2537.13,0.0,0.0,14,3,No-EQ,rc204_21,4,11
0.019637901926920758,1.0306172743678808,0.04086246188024983,0.9983330425958593,2576.6499999999996,0.0,0.0,5,3,No-EQ,rc204_21,4,12
0.018841844061578072,1.033831537926449,0.036671685839718214,0.9986569935495917,2602.0099999999998,0.0,0.0,5,3,No-EQ,rc204_21,4,13
0.006152259253586904,1.0124053108396263,0.01148373834429599,0.9998681411426912,2546.4900000000002,0.0,0.0,14,3,No-EQ,rc204_21,4,14
0.016041118155665075,1.0257263958252165,0.03291442473567116,0.9989178130416857,2540.97,0.0,0.0,6,3,No-EQ,rc204_21,4,15
0.006639231824416984,1.012663139329806,0.012614294514582791,0.9998409048891812,2551.5,0.0,0.0,7,3,No-EQ,rc204_21,4,2
0.007427852364277084,1.0123637045047296,0.014967825747069452,0.999776014373206,2561.5299999999997,0.0,0.0,7,3,No-EQ,rc204_21,4,3
0.020198019801980365,1.031648223645894,0.041923706202358246,0.99824548658602,2575.5,0.0,0.0,5,3,No-EQ,rc204_21,4,4
0.007326609661623795,1.0147328280139067,0.013686001799409073,0.9998127284319559,2554.16,0.0,0.0,7,3,No-EQ,rc204_21,4,5
0.016640171661465846,1.0259219280513414,0.03463916048527486,0.9988015665269715,2547.65,0.0,0.0,6,3,No-EQ,rc204_21,4,6
0.020082535934716834,1.0312966012178453,0.041796887413237706,0.9982560668186011,2575.04,0.0,0.0,5,3,No-EQ,rc204_21,4,7
0.0011620893115142177,1.0033533832823291,0.0023767787476525835,0.9999943509546968,2558.61,0.0,0.0,9,3,No-EQ,rc204_21,4,8
0.00042044018259135285,1.000763843188869,0.0008142197446172878,0.9999993370466471,2552.88,0.0,0.0,10,3,No-EQ,rc204_21,4,9
0.04480550245878878,1.0896110049175776,0.08961100491757751,0.9920338371385844,1224.18,0.0,0.0,5,2,No-EQ,rc205C10,1,1
0.01898273721502175,1.0379654744300435,0.03796547443004341,0.9985606973294251,1264.57,0.0,0.0,6,2,No-EQ,rc205C10,1,2
0.021920992923669225,1.0346530819471813,0.043371677052507704,0.998122429531911,3486.27,0.0,0.0,5,4,No-EQ,rc205_21,10,1
0.01785429976639108,1.0284238773306624,0.03691886327105065,0.9986388527817874,3454.49,0.0,0.0,4,4,No-EQ,rc205_21,10,2
0.020683326172398875,1.039906110055394,0.04020066664228731,0.9983865139459988,3467.89,0.0,0.0,4,4,No-EQ,rc205_21,10,3
0.01960029082348047,1.032792655553055,0.039229144072172026,0.9984634389087863,3466.02,0.0,0.0,4,4,No-EQ,rc205_21,10,4
0.02979724456059407,1.0880507005527833,0.05598588461810747,0.9968753746095832,3420.87,0.0,0.0,7,4,No-EQ,rc205_21,10,5
0.02943494728221907,1.086585847359724,0.055224094191783535,0.9969595718162901,3419.1499999999996,0.0,0.0,6,4,No-EQ,rc205_21,10,6
0.028060387266163334,1.0810281775985746,0.05235732066192118,0.9972662050950792,3412.64,0.0,0.0,7,4,No-EQ,rc205_21,10,7
0.010629543580904066,1.017006670164131,0.022840924246573132,0.9994785642166882,3335.75,0.0,0.0,4,4,No-EQ,rc206_21,2,1
0.004504436256090649,1.0071755836222154,0.009484326176607277,0.99991005564769,3300.08,0.0,0.0,4,4,No-EQ,rc206_21,2,10
0.005236389969353272,1.0120967865141761,0.009970260917292596,0.9999006037778322,3272.77,0.0,0.0,14,4,No-EQ,rc206_21,2,11
0.026947326380102554,1.0535577635434037,0.05040448973158945,0.9974658257698402,3280.01,0.0,0.0,5,4,No-EQ,rc206_21,2,12
0.022345079861668005,1.0490122810573992,0.04329258970728571,0.9981292579116596,3305.09,0.0,0.0,5,4,No-EQ,rc206_21,2,13
0.01999763108022745,1.0410855726711696,0.03948787461798869,0.9984431353651011,3292.6400000000003,0.0,0.0,5,4,No-EQ,rc206_21,2,14
0.024293750432889283,1.0511005176603798,0.047655163182548914,0.9977341312430236,3320.71,0.0,0.0,5,4,No-EQ,rc206_21,2,15
0.010524547905729875,1.025677191467889,0.018868247374990866,0.9996441159395506,3289.69,0.0,0.0,4,4,No-EQ,rc206_21,2,16
0.03480139467079435,1.0763492087347268,0.06422345789674844,0.9958922903309222,3326.9500000000003,0.0,0.0,4,4,No-EQ,rc206_21,2,2
0.03462166822981283,1.093238132695973,0.06302246961754181,0.9960438813606348,3305.3,0.0,0.0,3,4,No-EQ,rc206_21,2,3
0.012219997310181085,1.0207923011401843,0.024847969020363826,0.9993829594097297,3345.9500000000003,0.0,0.0,3,4,No-EQ,rc206_21,2,4
0.011125844217037884,1.0212156725344028,0.020835183715485952,0.9995660834848189,3310.76,0.0,0.0,5,4,No-EQ,rc206_21,2,5
0.034687441754198245,1.075883382134547,0.06404459219011173,0.9959150455090249,3326.42,0.0,0.0,4,4,No-EQ,rc206_21,2,6
0.027472659463939397,1.0514020094768515,0.05156947134329775,0.9973476433302175,3330.22,0.0,0.0,4,4,No-EQ,rc206_21,2,7
0.0035668897089222718,1.005398949608783,0.007782810879918166,0.9999394315235699,3265.45,0.0,0.0,14,4,No-EQ,rc206_21,2,8
0.007071192229693768,1.0118109876034946,0.013816607009014877,0.9998091378060899,3279.1500000000005,0.0,0.0,4,4,No-EQ,rc206_21,2,9
0.009615021419537703,1.017943177333453,0.018418890145807703,0.9996608595410673,2559.19,0.0,0.0,3,3,No-EQ,rc207_21,4,1
0.024515274274503913,1.0625200642054575,0.04622477954282367,0.9978678256376625,2616.6,0.0,0.0,3,3,No-EQ,rc207_21,4,10
0.02924874351491565,1.0759932818579767,0.05562991234959598,0.996914860393865,2631.68,0.0,0.0,4,3,No-EQ,rc207_21,4,11
0.01995059145388541,1.049121376567734,0.037137137385349135,0.9986227325086592,2600.09,0.0,0.0,3,3,No-EQ,rc207_21,4,2
0.003928243388614305,1.0078656587931463,0.007346630163655886,0.9999460299381631,2543.97,0.0,0.0,6,3,No-EQ,rc207_21,4,3
0.009301646748528588,1.016997853766854,0.017969705604752112,0.9996771939178938,2557.9700000000003,0.0,0.0,3,3,No-EQ,rc207_21,4,4
0.01715356846750815,1.040735219144433,0.0316580656797166,0.9989987703429446,2589.1600000000003,0.0,0.0,3,3,No-EQ,rc207_21,4,5
0.02433361622309027,1.06197197097704,0.04585539017514563,0.9979016953323782,2615.8599999999997,0.0,0.0,3,3,No-EQ,rc207_21,4,6
0.003811794602310551,1.0058314182856336,0.00800683232975811,0.9999358947457903,2549.98,0.0,0.0,4,3,No-EQ,rc207_21,4,7
0.005578612943173411,1.0129455471986262,0.010263676831757914,0.9998946680338853,2527.51,0.0,0.0,5,3,No-EQ,rc207_21,4,8
0.006523865337769941,1.0104465753640175,0.013396435018058647,0.9998205677305243,2542.46,0.0,0.0,4,3,No-EQ,rc207_21,4,9
0.0,1.0,0.0,1.0,406.04,0.0,0.0,2,1,No-EQ,rc208C5,1,1
0.05633366887662413,1.1455664896386544,0.10685769196823312,0.988710345337856,2304.7200000000003,0.0,0.0,3,3,No-EQ,rc208_21,6,1
0.017555715545583144,1.0280031625022636,0.0361186478864221,0.9986971429258148,2264.0299999999997,0.0,0.0,5,3,No-EQ,rc208_21,6,10
0.01649745255579053,1.02640360556789,0.033885260863084625,0.9988531059724687,2256.51,0.0,0.0,5,3,No-EQ,rc208_21,6,11
0.03324867302919188,1.0941549716980314,0.06692883581907537,0.9955405070964065,2307.26,0.0,0.0,3,3,No-EQ,rc208_21,6,2
0.04633882246133266,1.118893037900571,0.08760825219050415,0.9923832542397565,2305.7700000000004,0.0,0.0,3,3,No-EQ,rc208_21,6,3
0.01562460170011241,1.0368332741037973,0.028802142882804145,0.9991711241704382,2222.99,0.0,0.0,6,3,No-EQ,rc208_21,6,4
0.007158993955562003,1.0169166155953713,0.013201566285619125,0.9998257490163034,2219.12,0.0,0.0,5,3,No-EQ,rc208_21,6,5
0.010174305617843013,1.0260920261906898,0.019231383295719516,0.9996302906321021,2229.7999999999997,0.0,0.0,6,3,No-EQ,rc208_21,6,6
0.011673410029658568,1.024918762841807,0.02152978939984218,0.9995366829306082,2209.58,0.0,0.0,6,3,No-EQ,rc208_21,6,7
0.011128048780487898,1.0297973457675753,0.0215229787652984,0.9995369758757224,2230.4,0.0,0.0,5,3,No-EQ,rc208_21,6,8
0.01666389434611452,1.0409104600403711,0.03099251179020101,0.9990403859565644,2224.37,0.0,0.0,5,3,No-EQ,rc208_21,6,9
